query	subject	e_value	bitscore	pident	length
A0A1Z0YU59	sp|P10646|TFPI1_HUMAN	2.98e-16	61.2	43.636	55
A0A1Z0YU59	sp|P10646|TFPI1_HUMAN	1.23e-14	57.0	40.741	54
A0A1Z0YU59	sp|P10646|TFPI1_HUMAN	4.03e-11	47.0	40.741	54
A0A1Z0YU59	sp|Q02388|CO7A1_HUMAN	8.17e-15	57.8	46.296	54
A0A1Z0YU59	sp|P12111|CO6A3_HUMAN	1.77e-14	56.6	41.176	51
A0A1Z0YU59	sp|P48307|TFPI2_HUMAN	3.12e-14	55.5	45.283	53
A0A1Z0YU59	sp|P48307|TFPI2_HUMAN	9.09e-10	43.1	40.0	50
A0A1Z0YU59	sp|P48307|TFPI2_HUMAN	0.005	24.3	29.31	58
A0A1Z0YU59	sp|O95925|EPPI_HUMAN	3.41e-14	53.9	40.0	55
A0A1Z0YU59	sp|P49223|SPIT3_HUMAN	4.53e-14	52.4	38.889	54
A0A1Z0YU59	sp|Q8TEU8|WFKN2_HUMAN	5.59e-14	55.1	43.137	51
A0A1Z0YU59	sp|Q8TEU8|WFKN2_HUMAN	9.18e-07	34.7	30.769	52
A0A1Z0YU59	sp|P02760|AMBP_HUMAN	4.15e-13	52.8	43.137	51
A0A1Z0YU59	sp|P02760|AMBP_HUMAN	3.29e-12	50.1	43.137	51
A0A1Z0YU59	sp|Q96NZ8|WFKN1_HUMAN	7.47e-13	52.0	45.098	51
A0A1Z0YU59	sp|Q96NZ8|WFKN1_HUMAN	1.78e-05	31.2	31.818	44
A0A1Z0YU59	sp|Q2UY09|COSA1_HUMAN	8.32e-13	52.0	36.538	52
A0A1Z0YU59	sp|P05067|A4_HUMAN	3.23e-12	50.1	45.455	44
A0A1Z0YU59	sp|O95428|PPN_HUMAN	2.65e-11	47.8	37.5	56
A0A1Z0YU59	sp|Q06481|APLP2_HUMAN	4.39e-11	47.0	33.962	53
A0A1Z0YU59	sp|O43291|SPIT2_HUMAN	9.17e-11	45.8	35.849	53
A0A1Z0YU59	sp|O43291|SPIT2_HUMAN	3.95e-09	41.6	33.962	53
A0A1Z0YU59	sp|Q8IUA0|WFDC8_HUMAN	7.78e-10	43.5	40.385	52
A0A1Z0YU59	sp|O43278|SPIT1_HUMAN	8.61e-10	43.5	40.0	55
A0A1Z0YU59	sp|O43278|SPIT1_HUMAN	2.69e-08	39.3	38.462	52
A0A1Z0YU59	sp|Q6UDR6|SPIT4_HUMAN	9.83e-07	33.9	28.302	53
A0A1Z0YU59	sp|Q9BQY6|WFDC6_HUMAN	1.24e-05	31.2	48.387	31
B2G331	sp|Q06481|APLP2_HUMAN	3.66e-19	70.9	50.909	55
B2G331	sp|Q8TEU8|WFKN2_HUMAN	2.54e-18	68.6	54.902	51
B2G331	sp|Q8TEU8|WFKN2_HUMAN	2.71e-09	43.1	37.255	51
B2G331	sp|O95925|EPPI_HUMAN	4.07e-17	62.4	42.593	54
B2G331	sp|P05067|A4_HUMAN	1.68e-16	63.5	56.818	44
B2G331	sp|P48307|TFPI2_HUMAN	6.68e-16	60.8	51.852	54
B2G331	sp|P48307|TFPI2_HUMAN	9.64e-10	43.9	42.857	49
B2G331	sp|P48307|TFPI2_HUMAN	0.028	23.1	26.923	52
B2G331	sp|P49223|SPIT3_HUMAN	1.5e-15	57.0	44.444	54
B2G331	sp|O43291|SPIT2_HUMAN	1.86e-14	57.0	49.02	51
B2G331	sp|O43291|SPIT2_HUMAN	2.37e-13	54.3	45.098	51
B2G331	sp|O43291|SPIT2_HUMAN	6.8	16.5	43.75	16
B2G331	sp|P02760|AMBP_HUMAN	2.48e-14	57.4	47.17	53
B2G331	sp|P02760|AMBP_HUMAN	5.85e-11	47.8	43.478	46
B2G331	sp|P10646|TFPI1_HUMAN	3.48e-14	56.6	54.545	44
B2G331	sp|P10646|TFPI1_HUMAN	4.73e-13	53.5	38.983	59
B2G331	sp|P10646|TFPI1_HUMAN	1.03e-11	49.7	46.296	54
B2G331	sp|Q96NZ8|WFKN1_HUMAN	1.35e-13	55.1	42.593	54
B2G331	sp|Q96NZ8|WFKN1_HUMAN	1.85e-07	37.7	34.091	44
B2G331	sp|O95428|PPN_HUMAN	1.63e-13	55.1	41.509	53
B2G331	sp|P12111|CO6A3_HUMAN	5.95e-13	53.5	40.385	52
B2G331	sp|Q2UY09|COSA1_HUMAN	5.39e-12	50.8	37.255	51
B2G331	sp|Q2UY09|COSA1_HUMAN	4.5	16.9	40.0	15
B2G331	sp|Q02388|CO7A1_HUMAN	5.75e-12	50.4	46.296	54
B2G331	sp|O43278|SPIT1_HUMAN	4.45e-11	48.1	32.184	87
B2G331	sp|O43278|SPIT1_HUMAN	1.41e-09	43.9	38.462	52
B2G331	sp|Q8IUA0|WFDC8_HUMAN	1.86e-10	46.2	45.098	51
B2G331	sp|Q9BQY6|WFDC6_HUMAN	8.86e-07	35.4	46.875	32
B2G331	sp|Q6UDR6|SPIT4_HUMAN	2.02e-06	33.9	34.286	35
B7S4N9	sp|P10646|TFPI1_HUMAN	1.16e-19	72.0	50.877	57
B7S4N9	sp|P10646|TFPI1_HUMAN	3.29e-17	65.5	48.077	52
B7S4N9	sp|P10646|TFPI1_HUMAN	7.82e-13	53.5	41.429	70
B7S4N9	sp|O43278|SPIT1_HUMAN	1.43e-16	63.9	49.02	51
B7S4N9	sp|O43278|SPIT1_HUMAN	1.67e-16	63.9	39.706	68
B7S4N9	sp|P12111|CO6A3_HUMAN	2.45e-16	63.5	46.296	54
B7S4N9	sp|P12111|CO6A3_HUMAN	0.61	19.6	46.154	13
B7S4N9	sp|Q06481|APLP2_HUMAN	4.96e-16	62.8	39.062	64
B7S4N9	sp|P48307|TFPI2_HUMAN	7.71e-16	61.2	42.188	64
B7S4N9	sp|P48307|TFPI2_HUMAN	2.33e-13	54.3	42.0	50
B7S4N9	sp|P48307|TFPI2_HUMAN	9.32e-10	44.7	38.71	62
B7S4N9	sp|Q8TEU8|WFKN2_HUMAN	7.94e-16	62.0	47.059	51
B7S4N9	sp|Q8TEU8|WFKN2_HUMAN	9.27e-08	39.3	30.189	53
B7S4N9	sp|O43291|SPIT2_HUMAN	1.86e-15	60.5	40.0	55
B7S4N9	sp|O43291|SPIT2_HUMAN	3.26e-15	59.7	39.394	66
B7S4N9	sp|P02760|AMBP_HUMAN	1e-14	58.9	42.029	69
B7S4N9	sp|P02760|AMBP_HUMAN	1.64e-11	49.7	43.137	51
B7S4N9	sp|P49223|SPIT3_HUMAN	2.95e-14	54.3	38.889	54
B7S4N9	sp|Q96NZ8|WFKN1_HUMAN	6.76e-14	56.6	47.059	51
B7S4N9	sp|Q96NZ8|WFKN1_HUMAN	8.54e-05	30.8	31.818	44
B7S4N9	sp|P05067|A4_HUMAN	2.04e-13	55.1	47.727	44
B7S4N9	sp|O95428|PPN_HUMAN	5.1e-13	53.9	44.643	56
B7S4N9	sp|O95925|EPPI_HUMAN	9.27e-13	51.6	34.426	61
B7S4N9	sp|Q2UY09|COSA1_HUMAN	2.95e-12	52.0	36.508	63
B7S4N9	sp|Q6UDR6|SPIT4_HUMAN	5.46e-12	48.5	38.596	57
B7S4N9	sp|Q02388|CO7A1_HUMAN	5.44e-10	45.4	36.765	68
B7S4N9	sp|Q02388|CO7A1_HUMAN	3.1	17.7	41.667	12
B7S4N9	sp|Q8IUA0|WFDC8_HUMAN	8.3e-09	42.0	35.185	54
B7S4N9	sp|Q9BQY6|WFDC6_HUMAN	3.03e-06	34.3	51.724	29
I2G9B4	sp|P10646|TFPI1_HUMAN	1.03e-18	70.1	40.909	66
I2G9B4	sp|P10646|TFPI1_HUMAN	8.58e-15	59.3	45.283	53
I2G9B4	sp|P10646|TFPI1_HUMAN	9.02e-15	58.9	41.463	82
I2G9B4	sp|Q8TEU8|WFKN2_HUMAN	5.64e-16	62.8	49.02	51
I2G9B4	sp|Q8TEU8|WFKN2_HUMAN	2.41e-08	41.2	30.189	53
I2G9B4	sp|Q06481|APLP2_HUMAN	3.1e-15	60.5	43.333	60
I2G9B4	sp|Q2UY09|COSA1_HUMAN	3.52e-15	60.5	38.095	63
I2G9B4	sp|Q2UY09|COSA1_HUMAN	9.3	16.5	30.769	26
I2G9B4	sp|O95925|EPPI_HUMAN	5.25e-15	57.4	40.678	59
I2G9B4	sp|P12111|CO6A3_HUMAN	2.12e-14	58.2	38.333	60
I2G9B4	sp|P48307|TFPI2_HUMAN	1.27e-13	55.5	45.283	53
I2G9B4	sp|P48307|TFPI2_HUMAN	1.03e-11	50.1	44.0	50
I2G9B4	sp|P48307|TFPI2_HUMAN	0.000211	29.6	27.869	61
I2G9B4	sp|P49223|SPIT3_HUMAN	1.67e-13	52.8	37.037	54
I2G9B4	sp|Q96NZ8|WFKN1_HUMAN	1.96e-13	55.5	41.818	55
I2G9B4	sp|Q96NZ8|WFKN1_HUMAN	0.001	28.1	28.333	60
I2G9B4	sp|Q02388|CO7A1_HUMAN	3.35e-13	55.1	39.062	64
I2G9B4	sp|O95428|PPN_HUMAN	3.99e-13	54.7	40.0	60
I2G9B4	sp|O43278|SPIT1_HUMAN	4.99e-13	54.3	34.783	69
I2G9B4	sp|O43278|SPIT1_HUMAN	2.01e-11	49.7	43.478	46
I2G9B4	sp|O43291|SPIT2_HUMAN	5.53e-13	53.9	33.333	66
I2G9B4	sp|O43291|SPIT2_HUMAN	1.35e-12	52.8	41.509	53
I2G9B4	sp|P05067|A4_HUMAN	3.47e-12	52.0	42.553	47
I2G9B4	sp|P02760|AMBP_HUMAN	7.64e-12	50.8	41.176	51
I2G9B4	sp|P02760|AMBP_HUMAN	7.72e-12	50.8	41.176	51
I2G9B4	sp|Q6UDR6|SPIT4_HUMAN	2.63e-11	47.4	35.443	79
I2G9B4	sp|Q8IUA0|WFDC8_HUMAN	1.19e-10	47.4	40.678	59
I2G9B4	sp|Q9BQY6|WFDC6_HUMAN	4.16e-07	36.6	61.538	26
M9PE65	sp|P12111|CO6A3_HUMAN	4.2e-12	62.4	46.154	52
M9PE65	sp|O95925|EPPI_HUMAN	1.2e-11	55.5	42.308	52
M9PE65	sp|P49223|SPIT3_HUMAN	1.13e-09	48.5	40.385	52
M9PE65	sp|O43291|SPIT2_HUMAN	1.96e-09	51.6	36.207	58
M9PE65	sp|O43291|SPIT2_HUMAN	2.67e-06	42.0	40.0	45
M9PE65	sp|P48307|TFPI2_HUMAN	2.21e-09	51.2	39.286	56
M9PE65	sp|P48307|TFPI2_HUMAN	0.000173	36.2	31.25	48
M9PE65	sp|P48307|TFPI2_HUMAN	0.000215	35.8	32.787	61
M9PE65	sp|P05067|A4_HUMAN	1.08e-08	50.8	33.333	90
M9PE65	sp|P10646|TFPI1_HUMAN	1.42e-08	49.3	46.154	52
M9PE65	sp|P10646|TFPI1_HUMAN	5.06e-07	44.3	44.231	52
M9PE65	sp|P10646|TFPI1_HUMAN	0.000215	36.2	34.545	55
M9PE65	sp|Q8TEU8|WFKN2_HUMAN	1.84e-08	49.7	37.879	66
M9PE65	sp|Q8TEU8|WFKN2_HUMAN	5.84e-05	38.5	31.579	57
M9PE65	sp|Q2UY09|COSA1_HUMAN	2.78e-08	49.7	42.857	49
M9PE65	sp|Q96NZ8|WFKN1_HUMAN	3.28e-08	48.9	37.313	67
M9PE65	sp|Q96NZ8|WFKN1_HUMAN	0.001	34.7	29.762	84
M9PE65	sp|O43278|SPIT1_HUMAN	8.59e-08	47.4	42.593	54
M9PE65	sp|O43278|SPIT1_HUMAN	5.53e-07	45.1	37.037	54
M9PE65	sp|Q06481|APLP2_HUMAN	1.39e-07	47.0	27.778	90
M9PE65	sp|O95428|PPN_HUMAN	1.65e-07	47.0	35.821	67
M9PE65	sp|O95428|PPN_HUMAN	0.3	26.6	20.942	191
M9PE65	sp|O95428|PPN_HUMAN	6.9	21.9	29.73	37
M9PE65	sp|P02760|AMBP_HUMAN	3.89e-07	45.1	35.0	60
M9PE65	sp|P02760|AMBP_HUMAN	2.9e-05	38.9	31.884	69
M9PE65	sp|Q02388|CO7A1_HUMAN	1.18e-06	44.3	38.596	57
M9PE65	sp|Q02388|CO7A1_HUMAN	0.48	25.8	30.0	80
M9PE65	sp|Q8IUA0|WFDC8_HUMAN	1.36e-05	39.7	30.263	76
M9PE65	sp|Q8IUA0|WFDC8_HUMAN	3.3	22.7	34.146	41
M9PE65	sp|Q8IUA0|WFDC8_HUMAN	6.8	21.6	27.451	51
M9PE65	sp|Q6UDR6|SPIT4_HUMAN	0.000182	33.9	25.806	62
M9PE65	sp|Q9BQY6|WFDC6_HUMAN	0.000209	34.7	53.333	30
M9PE65	sp|Q9BQY6|WFDC6_HUMAN	4.1	21.9	33.333	51
O62247	sp|Q96NZ8|WFKN1_HUMAN	0.000244	32.0	29.167	72
O62247	sp|Q96NZ8|WFKN1_HUMAN	1.2	20.4	38.596	57
O62247	sp|Q96NZ8|WFKN1_HUMAN	2.6	19.6	29.032	62
O62247	sp|P49223|SPIT3_HUMAN	0.001	28.5	32.075	53
O62247	sp|Q8TEU8|WFKN2_HUMAN	0.002	29.6	30.189	53
O62247	sp|Q8TEU8|WFKN2_HUMAN	7.5	18.1	28.205	39
O62247	sp|Q2UY09|COSA1_HUMAN	0.013	26.9	31.707	41
O62247	sp|Q2UY09|COSA1_HUMAN	3.3	19.2	37.931	29
O62247	sp|Q2UY09|COSA1_HUMAN	9.7	17.7	31.25	32
O62247	sp|P10646|TFPI1_HUMAN	0.021	25.8	32.075	53
O62247	sp|P02760|AMBP_HUMAN	0.025	25.8	26.923	52
O62247	sp|O95428|PPN_HUMAN	0.054	25.0	34.783	46
O62247	sp|O95428|PPN_HUMAN	3.6	19.2	31.818	22
O62247	sp|O95428|PPN_HUMAN	7.7	18.1	32.5	40
O62247	sp|Q8IUA0|WFDC8_HUMAN	0.11	23.5	25.882	85
O62247	sp|Q8IUA0|WFDC8_HUMAN	9.1	17.7	70.0	10
O62247	sp|P48307|TFPI2_HUMAN	0.15	23.1	29.825	57
O62247	sp|Q06481|APLP2_HUMAN	0.38	22.3	30.435	23
O62247	sp|P05067|A4_HUMAN	0.44	21.9	31.818	44
O62247	sp|P12111|CO6A3_HUMAN	0.82	21.2	25.0	40
O62247	sp|P12111|CO6A3_HUMAN	2.8	19.6	100.0	6
O62247	sp|P12111|CO6A3_HUMAN	5.4	18.5	32.353	34
O62247	sp|Q02388|CO7A1_HUMAN	0.84	21.2	53.333	15
O62247	sp|Q02388|CO7A1_HUMAN	5.5	18.5	38.462	13
O62247	sp|O43278|SPIT1_HUMAN	1.5	20.4	26.966	89
O62247	sp|O95925|EPPI_HUMAN	1.5	19.6	25.0	56
O62247	sp|Q9BQY6|WFDC6_HUMAN	8.9	17.3	54.545	11
O73683	sp|P05067|A4_HUMAN	3.1e-121	374.0	78.818	203
O73683	sp|Q06481|APLP2_HUMAN	9.39e-83	271.0	63.736	182
O73683	sp|O43291|SPIT2_HUMAN	4.94e-14	63.9	50.943	53
O73683	sp|O43291|SPIT2_HUMAN	1.49e-13	62.4	33.333	93
O73683	sp|O43278|SPIT1_HUMAN	1.07e-11	58.5	31.818	110
O73683	sp|O43278|SPIT1_HUMAN	5.03e-10	53.1	32.71	107
O73683	sp|O95925|EPPI_HUMAN	6.12e-11	52.0	42.593	54
O73683	sp|P49223|SPIT3_HUMAN	2.15e-10	49.3	36.508	63
O73683	sp|P10646|TFPI1_HUMAN	4.72e-10	52.4	42.373	59
O73683	sp|P10646|TFPI1_HUMAN	3.51e-08	46.6	41.509	53
O73683	sp|P10646|TFPI1_HUMAN	4.53e-07	43.1	35.849	53
O73683	sp|P12111|CO6A3_HUMAN	9.32e-09	49.7	32.0	75
O73683	sp|P12111|CO6A3_HUMAN	2.4	21.9	31.818	44
O73683	sp|P12111|CO6A3_HUMAN	7.5	20.4	27.941	68
O73683	sp|P48307|TFPI2_HUMAN	1.66e-08	47.0	44.898	49
O73683	sp|P48307|TFPI2_HUMAN	7.75e-08	45.1	38.462	52
O73683	sp|P48307|TFPI2_HUMAN	0.02	28.1	27.143	70
O73683	sp|P02760|AMBP_HUMAN	1.72e-08	47.8	48.077	52
O73683	sp|P02760|AMBP_HUMAN	1.07e-07	45.1	37.705	61
O73683	sp|Q8TEU8|WFKN2_HUMAN	3.75e-08	47.0	44.231	52
O73683	sp|Q8TEU8|WFKN2_HUMAN	0.001	32.7	31.481	54
O73683	sp|Q02388|CO7A1_HUMAN	4.59e-08	47.4	44.444	54
O73683	sp|Q02388|CO7A1_HUMAN	2.4	21.9	31.667	60
O73683	sp|Q02388|CO7A1_HUMAN	2.4	21.9	25.926	54
O73683	sp|Q02388|CO7A1_HUMAN	2.9	21.6	31.429	35
O73683	sp|O95428|PPN_HUMAN	4.35e-07	43.9	46.667	45
O73683	sp|Q96NZ8|WFKN1_HUMAN	5.57e-06	40.0	38.462	52
O73683	sp|Q96NZ8|WFKN1_HUMAN	0.015	28.9	32.0	50
O73683	sp|Q96NZ8|WFKN1_HUMAN	5.4	20.8	32.353	34
O73683	sp|Q8IUA0|WFDC8_HUMAN	2.31e-05	37.4	33.929	56
O73683	sp|Q9BQY6|WFDC6_HUMAN	4.66e-05	35.0	54.167	24
O73683	sp|Q2UY09|COSA1_HUMAN	0.003	31.2	28.846	52
O73683	sp|Q6UDR6|SPIT4_HUMAN	0.04	26.2	25.926	54
O76840	sp|O95428|PPN_HUMAN	1.02e-90	315.0	36.449	535
O76840	sp|O95428|PPN_HUMAN	1.01e-25	106.0	26.132	486
O76840	sp|O95428|PPN_HUMAN	8.09e-22	94.0	32.536	209
O76840	sp|O95428|PPN_HUMAN	3.26e-11	59.3	27.128	188
O76840	sp|O95428|PPN_HUMAN	3.51e-10	55.8	40.0	55
O76840	sp|O95428|PPN_HUMAN	5e-10	55.5	44.643	56
O76840	sp|O95428|PPN_HUMAN	1.02e-08	50.8	36.207	58
O76840	sp|O95428|PPN_HUMAN	1.19e-08	50.8	42.308	52
O76840	sp|O95428|PPN_HUMAN	5.33e-08	48.5	41.176	51
O76840	sp|O95428|PPN_HUMAN	2.9e-07	46.2	43.137	51
O76840	sp|O95428|PPN_HUMAN	5.14e-07	45.4	40.385	52
O76840	sp|O95428|PPN_HUMAN	1.11e-06	44.3	35.0	60
O76840	sp|O95428|PPN_HUMAN	1.02e-05	41.2	37.255	51
O76840	sp|O95428|PPN_HUMAN	2.3	23.5	23.288	73
O76840	sp|O95428|PPN_HUMAN	2.9	23.1	38.71	31
O76840	sp|O95428|PPN_HUMAN	6.2	21.9	26.415	53
O76840	sp|P10646|TFPI1_HUMAN	5.56e-31	116.0	29.688	256
O76840	sp|P10646|TFPI1_HUMAN	1.46e-29	112.0	27.368	285
O76840	sp|P10646|TFPI1_HUMAN	7.41e-29	110.0	29.528	254
O76840	sp|P10646|TFPI1_HUMAN	8.72e-28	107.0	27.586	290
O76840	sp|P10646|TFPI1_HUMAN	1.59e-27	106.0	28.899	218
O76840	sp|P10646|TFPI1_HUMAN	3.98e-27	105.0	26.754	228
O76840	sp|P10646|TFPI1_HUMAN	2.7e-24	97.1	26.667	240
O76840	sp|P10646|TFPI1_HUMAN	1.25e-21	89.0	28.634	227
O76840	sp|P10646|TFPI1_HUMAN	1.19e-10	55.8	29.63	135
O76840	sp|P48307|TFPI2_HUMAN	1.12e-26	102.0	33.333	180
O76840	sp|P48307|TFPI2_HUMAN	3.68e-25	97.4	31.844	179
O76840	sp|P48307|TFPI2_HUMAN	3.24e-24	94.7	32.967	182
O76840	sp|P48307|TFPI2_HUMAN	9.23e-20	82.0	27.982	218
O76840	sp|P48307|TFPI2_HUMAN	5.33e-16	70.9	25.414	181
O76840	sp|P48307|TFPI2_HUMAN	8.84e-14	64.3	28.261	184
O76840	sp|P48307|TFPI2_HUMAN	2.49e-13	62.8	27.119	177
O76840	sp|P48307|TFPI2_HUMAN	1.73e-09	51.6	32.979	94
O76840	sp|P48307|TFPI2_HUMAN	1.62e-08	48.5	29.565	115
O76840	sp|P48307|TFPI2_HUMAN	1.74e-05	39.3	35.593	59
O76840	sp|P02760|AMBP_HUMAN	1.39e-23	95.9	39.831	118
O76840	sp|P02760|AMBP_HUMAN	2.12e-20	86.3	33.333	132
O76840	sp|P02760|AMBP_HUMAN	8.32e-20	84.3	31.343	134
O76840	sp|P02760|AMBP_HUMAN	4.72e-19	82.0	28.177	181
O76840	sp|P02760|AMBP_HUMAN	6.11e-17	75.5	34.821	112
O76840	sp|P02760|AMBP_HUMAN	4.25e-13	63.9	37.624	101
O76840	sp|P02760|AMBP_HUMAN	8.44e-11	56.6	43.333	60
O76840	sp|P02760|AMBP_HUMAN	2.9e-07	45.4	34.328	67
O76840	sp|P02760|AMBP_HUMAN	1.26e-06	43.5	42.373	59
O76840	sp|P02760|AMBP_HUMAN	3.58e-05	38.9	40.909	44
O76840	sp|P02760|AMBP_HUMAN	3.67e-05	38.9	36.364	44
O76840	sp|O43291|SPIT2_HUMAN	1.65e-21	87.4	30.061	163
O76840	sp|O43291|SPIT2_HUMAN	2.66e-20	84.0	31.081	148
O76840	sp|O43291|SPIT2_HUMAN	2.14e-19	81.3	29.114	158
O76840	sp|O43291|SPIT2_HUMAN	5.67e-18	77.0	26.286	175
O76840	sp|O43291|SPIT2_HUMAN	6e-18	77.0	28.767	146
O76840	sp|O43291|SPIT2_HUMAN	6.35e-18	77.0	28.902	173
O76840	sp|O43291|SPIT2_HUMAN	2.8e-17	75.1	28.022	182
O76840	sp|O43291|SPIT2_HUMAN	2.23e-15	69.3	28.571	147
O76840	sp|O43291|SPIT2_HUMAN	1.05e-12	61.2	23.841	151
O76840	sp|O43291|SPIT2_HUMAN	1.72e-10	54.7	28.788	132
O76840	sp|O43291|SPIT2_HUMAN	2.27e-09	51.2	32.258	62
O76840	sp|Q8TEU8|WFKN2_HUMAN	2.69e-21	91.3	40.0	110
O76840	sp|Q8TEU8|WFKN2_HUMAN	1.03e-18	82.8	32.812	128
O76840	sp|Q8TEU8|WFKN2_HUMAN	1.98e-14	68.9	34.951	103
O76840	sp|Q8TEU8|WFKN2_HUMAN	1.21e-13	66.6	31.618	136
O76840	sp|Q8TEU8|WFKN2_HUMAN	1.55e-13	66.2	28.037	107
O76840	sp|Q8TEU8|WFKN2_HUMAN	5.61e-13	64.3	32.759	116
O76840	sp|Q8TEU8|WFKN2_HUMAN	7.83e-12	60.8	27.215	158
O76840	sp|Q8TEU8|WFKN2_HUMAN	2.73e-11	58.9	47.059	51
O76840	sp|Q8TEU8|WFKN2_HUMAN	6.52e-11	57.8	25.595	168
O76840	sp|Q8TEU8|WFKN2_HUMAN	4.28e-09	52.0	44.615	65
O76840	sp|Q8TEU8|WFKN2_HUMAN	1.87e-08	49.7	37.037	54
O76840	sp|Q8TEU8|WFKN2_HUMAN	0.089	28.1	27.907	43
O76840	sp|Q8TEU8|WFKN2_HUMAN	0.89	24.6	42.308	26
O76840	sp|Q96NZ8|WFKN1_HUMAN	1.73e-19	85.1	40.385	104
O76840	sp|Q96NZ8|WFKN1_HUMAN	3.39e-17	77.8	39.048	105
O76840	sp|Q96NZ8|WFKN1_HUMAN	3.51e-17	77.8	37.143	105
O76840	sp|Q96NZ8|WFKN1_HUMAN	5.74e-15	70.9	38.0	100
O76840	sp|Q96NZ8|WFKN1_HUMAN	1.85e-13	65.9	32.143	112
O76840	sp|Q96NZ8|WFKN1_HUMAN	9.87e-13	63.5	29.907	107
O76840	sp|Q96NZ8|WFKN1_HUMAN	3.28e-09	52.0	41.509	53
O76840	sp|Q96NZ8|WFKN1_HUMAN	9.21e-09	50.8	25.828	151
O76840	sp|Q96NZ8|WFKN1_HUMAN	2.7e-08	49.3	26.036	169
O76840	sp|Q96NZ8|WFKN1_HUMAN	7.85e-08	47.8	41.509	53
O76840	sp|Q96NZ8|WFKN1_HUMAN	1.54e-06	43.5	44.186	43
O76840	sp|Q96NZ8|WFKN1_HUMAN	0.076	28.1	33.333	45
O76840	sp|Q96NZ8|WFKN1_HUMAN	0.079	28.1	30.0	70
O76840	sp|O43278|SPIT1_HUMAN	2.12e-18	81.6	27.197	239
O76840	sp|O43278|SPIT1_HUMAN	1.5e-16	75.9	26.667	210
O76840	sp|O43278|SPIT1_HUMAN	9.06e-15	70.1	27.753	227
O76840	sp|O43278|SPIT1_HUMAN	2.3e-14	68.9	26.293	232
O76840	sp|O43278|SPIT1_HUMAN	5.27e-13	64.3	25.551	227
O76840	sp|O43278|SPIT1_HUMAN	1.4e-08	50.1	38.333	60
O76840	sp|O43278|SPIT1_HUMAN	5.16e-08	48.1	35.185	54
O76840	sp|O43278|SPIT1_HUMAN	6.8e-07	44.7	34.177	79
O76840	sp|O43278|SPIT1_HUMAN	4.97e-06	42.0	48.571	35
O76840	sp|O43278|SPIT1_HUMAN	0.000193	36.6	42.857	35
O76840	sp|P49223|SPIT3_HUMAN	4.7e-15	63.9	44.262	61
O76840	sp|P49223|SPIT3_HUMAN	1.05e-12	57.0	40.741	54
O76840	sp|P49223|SPIT3_HUMAN	1.77e-11	53.5	40.0	55
O76840	sp|P49223|SPIT3_HUMAN	4.69e-11	52.4	37.736	53
O76840	sp|P49223|SPIT3_HUMAN	5.65e-11	52.4	35.714	56
O76840	sp|P49223|SPIT3_HUMAN	8.6e-11	51.6	38.462	52
O76840	sp|P49223|SPIT3_HUMAN	2.91e-10	50.1	37.736	53
O76840	sp|P49223|SPIT3_HUMAN	1.09e-08	45.8	46.154	39
O76840	sp|P49223|SPIT3_HUMAN	3.56e-08	44.3	39.13	46
O76840	sp|P49223|SPIT3_HUMAN	8.76e-08	43.1	33.962	53
O76840	sp|P49223|SPIT3_HUMAN	1.6e-06	39.7	37.037	54
O76840	sp|O95925|EPPI_HUMAN	5.16e-14	62.4	46.429	56
O76840	sp|O95925|EPPI_HUMAN	5.37e-11	53.5	43.396	53
O76840	sp|O95925|EPPI_HUMAN	1.63e-10	52.4	36.667	60
O76840	sp|O95925|EPPI_HUMAN	5.44e-10	50.8	38.889	54
O76840	sp|O95925|EPPI_HUMAN	6.05e-10	50.8	40.741	54
O76840	sp|O95925|EPPI_HUMAN	9.79e-10	50.1	33.333	72
O76840	sp|O95925|EPPI_HUMAN	1.55e-08	46.6	38.889	54
O76840	sp|O95925|EPPI_HUMAN	3.02e-08	45.8	37.313	67
O76840	sp|O95925|EPPI_HUMAN	6.57e-08	44.7	33.333	57
O76840	sp|O95925|EPPI_HUMAN	8.2e-08	44.7	36.364	55
O76840	sp|O95925|EPPI_HUMAN	0.000257	34.3	36.364	55
O76840	sp|Q06481|APLP2_HUMAN	4e-12	62.0	32.258	93
O76840	sp|Q06481|APLP2_HUMAN	6.34e-10	54.7	54.286	35
O76840	sp|Q06481|APLP2_HUMAN	1.25e-09	53.9	45.455	44
O76840	sp|Q06481|APLP2_HUMAN	3.02e-09	52.4	29.839	124
O76840	sp|Q06481|APLP2_HUMAN	1.09e-08	50.8	42.308	52
O76840	sp|Q06481|APLP2_HUMAN	1.51e-08	50.1	40.741	54
O76840	sp|Q06481|APLP2_HUMAN	3.68e-08	48.9	38.462	52
O76840	sp|Q06481|APLP2_HUMAN	9.62e-07	44.3	43.59	39
O76840	sp|Q06481|APLP2_HUMAN	1.71e-06	43.5	43.182	44
O76840	sp|Q06481|APLP2_HUMAN	1.73e-06	43.5	36.364	55
O76840	sp|Q06481|APLP2_HUMAN	3.86e-06	42.4	32.787	61
O76840	sp|P12111|CO6A3_HUMAN	4.7e-12	62.0	34.884	86
O76840	sp|P12111|CO6A3_HUMAN	4e-11	58.9	44.231	52
O76840	sp|P12111|CO6A3_HUMAN	5.01e-11	58.9	42.308	52
O76840	sp|P12111|CO6A3_HUMAN	6.34e-11	58.5	43.333	60
O76840	sp|P12111|CO6A3_HUMAN	7.07e-11	58.2	45.283	53
O76840	sp|P12111|CO6A3_HUMAN	1.15e-10	57.4	53.846	39
O76840	sp|P12111|CO6A3_HUMAN	2.37e-10	56.6	43.396	53
O76840	sp|P12111|CO6A3_HUMAN	5.62e-10	55.5	43.137	51
O76840	sp|P12111|CO6A3_HUMAN	6.32e-10	55.1	42.424	66
O76840	sp|P12111|CO6A3_HUMAN	7.57e-08	48.1	41.509	53
O76840	sp|P12111|CO6A3_HUMAN	1.35e-07	47.4	38.806	67
O76840	sp|P05067|A4_HUMAN	3.44e-11	58.9	30.097	103
O76840	sp|P05067|A4_HUMAN	4.79e-11	58.5	33.333	129
O76840	sp|P05067|A4_HUMAN	8.28e-10	54.3	54.286	35
O76840	sp|P05067|A4_HUMAN	4.49e-08	48.5	40.909	44
O76840	sp|P05067|A4_HUMAN	2.87e-07	46.2	43.75	48
O76840	sp|P05067|A4_HUMAN	7.29e-07	44.7	36.957	46
O76840	sp|P05067|A4_HUMAN	1.82e-06	43.5	42.222	45
O76840	sp|P05067|A4_HUMAN	2.71e-06	42.7	40.426	47
O76840	sp|P05067|A4_HUMAN	2.76e-06	42.7	29.31	58
O76840	sp|P05067|A4_HUMAN	3.65e-06	42.4	24.638	138
O76840	sp|Q02388|CO7A1_HUMAN	7.58e-11	58.2	40.0	70
O76840	sp|Q02388|CO7A1_HUMAN	2.46e-10	56.6	46.429	56
O76840	sp|Q02388|CO7A1_HUMAN	5.36e-10	55.5	47.17	53
O76840	sp|Q02388|CO7A1_HUMAN	2.49e-09	53.1	37.805	82
O76840	sp|Q02388|CO7A1_HUMAN	9.87e-09	51.2	36.842	76
O76840	sp|Q02388|CO7A1_HUMAN	1.58e-07	47.4	36.905	84
O76840	sp|Q02388|CO7A1_HUMAN	2.19e-07	46.6	34.286	70
O76840	sp|Q02388|CO7A1_HUMAN	7.77e-07	45.1	37.037	54
O76840	sp|Q02388|CO7A1_HUMAN	8.1e-07	44.7	38.462	65
O76840	sp|Q02388|CO7A1_HUMAN	3.43e-06	42.7	42.857	42
O76840	sp|Q02388|CO7A1_HUMAN	0.01	31.6	35.714	56
O76840	sp|Q6UDR6|SPIT4_HUMAN	1.85e-10	51.2	41.818	55
O76840	sp|Q6UDR6|SPIT4_HUMAN	3.11e-10	50.4	41.379	58
O76840	sp|Q6UDR6|SPIT4_HUMAN	2.57e-08	45.1	38.596	57
O76840	sp|Q6UDR6|SPIT4_HUMAN	7.95e-08	43.5	40.426	47
O76840	sp|Q6UDR6|SPIT4_HUMAN	2.96e-07	42.0	34.545	55
O76840	sp|Q6UDR6|SPIT4_HUMAN	1.02e-05	37.7	28.571	63
O76840	sp|Q6UDR6|SPIT4_HUMAN	1.51e-05	37.0	37.255	51
O76840	sp|Q6UDR6|SPIT4_HUMAN	2.51e-05	36.6	27.869	61
O76840	sp|Q6UDR6|SPIT4_HUMAN	0.000122	34.7	35.185	54
O76840	sp|Q6UDR6|SPIT4_HUMAN	0.000145	34.3	40.476	42
O76840	sp|Q6UDR6|SPIT4_HUMAN	0.00057	32.7	27.119	59
O76840	sp|Q2UY09|COSA1_HUMAN	1.87e-10	56.6	40.984	61
O76840	sp|Q2UY09|COSA1_HUMAN	2.14e-10	56.6	37.097	62
O76840	sp|Q2UY09|COSA1_HUMAN	2.04e-07	46.6	33.333	51
O76840	sp|Q2UY09|COSA1_HUMAN	5.86e-07	45.1	42.222	45
O76840	sp|Q2UY09|COSA1_HUMAN	1.89e-06	43.5	36.585	41
O76840	sp|Q2UY09|COSA1_HUMAN	1.93e-06	43.5	30.645	62
O76840	sp|Q2UY09|COSA1_HUMAN	6.11e-06	42.0	36.364	44
O76840	sp|Q2UY09|COSA1_HUMAN	6.54e-06	41.6	35.294	51
O76840	sp|Q2UY09|COSA1_HUMAN	1.27e-05	40.8	35.0	60
O76840	sp|Q2UY09|COSA1_HUMAN	1.28e-05	40.8	34.615	52
O76840	sp|Q2UY09|COSA1_HUMAN	0.000878	34.7	40.0	35
O76840	sp|Q8IUA0|WFDC8_HUMAN	1.72e-09	51.6	43.396	53
O76840	sp|Q8IUA0|WFDC8_HUMAN	2.47e-08	48.1	36.364	55
O76840	sp|Q8IUA0|WFDC8_HUMAN	6.17e-08	46.6	45.652	46
O76840	sp|Q8IUA0|WFDC8_HUMAN	1.04e-07	46.2	30.526	95
O76840	sp|Q8IUA0|WFDC8_HUMAN	1.97e-07	45.1	37.255	51
O76840	sp|Q8IUA0|WFDC8_HUMAN	4.1e-06	41.2	34.0	50
O76840	sp|Q8IUA0|WFDC8_HUMAN	1.76e-05	39.3	28.571	63
O76840	sp|Q8IUA0|WFDC8_HUMAN	2.31e-05	38.9	33.333	69
O76840	sp|Q8IUA0|WFDC8_HUMAN	2.48e-05	38.9	35.556	45
O76840	sp|Q8IUA0|WFDC8_HUMAN	0.000158	36.2	31.915	47
O76840	sp|Q8IUA0|WFDC8_HUMAN	0.002	33.1	33.333	57
O76840	sp|Q8IUA0|WFDC8_HUMAN	0.2	26.6	42.857	42
O76840	sp|Q8IUA0|WFDC8_HUMAN	3.6	22.3	33.333	33
O76840	sp|Q9BQY6|WFDC6_HUMAN	0.000472	33.5	41.176	34
O76840	sp|Q9BQY6|WFDC6_HUMAN	0.000875	32.7	46.154	26
O76840	sp|Q9BQY6|WFDC6_HUMAN	0.004	30.8	41.379	29
O76840	sp|Q9BQY6|WFDC6_HUMAN	0.031	28.1	40.0	30
O76840	sp|Q9BQY6|WFDC6_HUMAN	0.035	28.1	40.741	27
O76840	sp|Q9BQY6|WFDC6_HUMAN	0.063	27.3	46.429	28
O76840	sp|Q9BQY6|WFDC6_HUMAN	0.24	25.4	36.364	33
O76840	sp|Q9BQY6|WFDC6_HUMAN	0.31	25.4	33.333	30
O76840	sp|Q9BQY6|WFDC6_HUMAN	0.65	24.3	41.379	29
O76840	sp|Q9BQY6|WFDC6_HUMAN	2.0	22.7	38.71	31
O93279	sp|Q06481|APLP2_HUMAN	8.87e-148	442.0	48.967	484
O93279	sp|P05067|A4_HUMAN	2.76e-119	368.0	76.847	203
O93279	sp|P49223|SPIT3_HUMAN	3.82e-15	62.8	39.344	61
O93279	sp|O43291|SPIT2_HUMAN	4.34e-14	63.9	49.02	51
O93279	sp|O43291|SPIT2_HUMAN	2.16e-10	52.8	36.667	60
O93279	sp|O43278|SPIT1_HUMAN	1.37e-13	64.3	40.26	77
O93279	sp|O43278|SPIT1_HUMAN	1.39e-11	58.2	47.826	46
O93279	sp|O95925|EPPI_HUMAN	2.4e-13	58.9	31.633	98
O93279	sp|P10646|TFPI1_HUMAN	2.71e-13	62.4	39.13	69
O93279	sp|P10646|TFPI1_HUMAN	1.1e-11	57.4	32.292	96
O93279	sp|P10646|TFPI1_HUMAN	5.8e-10	52.0	38.462	52
O93279	sp|P12111|CO6A3_HUMAN	4.5e-13	63.5	31.765	85
O93279	sp|P12111|CO6A3_HUMAN	0.81	23.5	25.962	104
O93279	sp|P12111|CO6A3_HUMAN	4.3	21.2	26.23	61
O93279	sp|P48307|TFPI2_HUMAN	3.63e-12	57.8	45.098	51
O93279	sp|P48307|TFPI2_HUMAN	1.53e-11	55.8	44.231	52
O93279	sp|P48307|TFPI2_HUMAN	6.99e-07	42.0	33.784	74
O93279	sp|Q96NZ8|WFKN1_HUMAN	6.66e-11	55.8	46.154	52
O93279	sp|Q96NZ8|WFKN1_HUMAN	2.61e-05	37.7	34.694	49
O93279	sp|Q8TEU8|WFKN2_HUMAN	6.81e-11	55.8	47.17	53
O93279	sp|Q8TEU8|WFKN2_HUMAN	1.32e-06	42.0	36.923	65
O93279	sp|P02760|AMBP_HUMAN	1.98e-10	53.5	44.444	54
O93279	sp|P02760|AMBP_HUMAN	5.48e-10	52.4	38.71	62
O93279	sp|O95428|PPN_HUMAN	2.15e-09	51.2	41.818	55
O93279	sp|Q6UDR6|SPIT4_HUMAN	3.71e-08	43.1	37.736	53
O93279	sp|Q8IUA0|WFDC8_HUMAN	5.32e-08	45.4	45.455	44
O93279	sp|Q02388|CO7A1_HUMAN	2.4e-07	44.7	38.889	54
O93279	sp|Q02388|CO7A1_HUMAN	1.6	22.3	45.0	20
O93279	sp|Q02388|CO7A1_HUMAN	2.0	21.9	32.836	67
O93279	sp|Q02388|CO7A1_HUMAN	9.4	20.0	44.444	18
O93279	sp|Q2UY09|COSA1_HUMAN	2.42e-07	44.7	29.474	95
O93279	sp|Q9BQY6|WFDC6_HUMAN	3.59e-06	38.1	46.667	30
P00974	sp|Q06481|APLP2_HUMAN	1.23e-16	64.7	37.179	78
P00974	sp|P05067|A4_HUMAN	3.46e-16	63.5	48.98	49
P00974	sp|P05067|A4_HUMAN	5.4	17.3	72.727	11
P00974	sp|O95925|EPPI_HUMAN	3.13e-15	58.2	40.984	61
P00974	sp|O43291|SPIT2_HUMAN	8.11e-15	58.9	44.444	54
P00974	sp|O43291|SPIT2_HUMAN	4.33e-14	57.0	32.184	87
P00974	sp|Q8TEU8|WFKN2_HUMAN	1.82e-14	58.5	50.98	51
P00974	sp|Q8TEU8|WFKN2_HUMAN	1.66e-10	47.4	34.177	79
P00974	sp|P10646|TFPI1_HUMAN	2.28e-14	58.2	41.379	58
P00974	sp|P10646|TFPI1_HUMAN	9.8e-13	53.5	42.593	54
P00974	sp|P10646|TFPI1_HUMAN	2.26e-12	52.4	42.308	52
P00974	sp|P49223|SPIT3_HUMAN	1.37e-13	53.1	40.741	54
P00974	sp|O43278|SPIT1_HUMAN	3.19e-13	55.1	32.53	83
P00974	sp|O43278|SPIT1_HUMAN	7.16e-13	54.3	38.028	71
P00974	sp|P02760|AMBP_HUMAN	1.72e-12	53.1	40.351	57
P00974	sp|P02760|AMBP_HUMAN	3.64e-09	43.5	40.385	52
P00974	sp|O95428|PPN_HUMAN	2.82e-12	52.4	37.179	78
P00974	sp|O95428|PPN_HUMAN	0.96	19.6	66.667	9
P00974	sp|O95428|PPN_HUMAN	2.1	18.5	38.095	21
P00974	sp|O95428|PPN_HUMAN	8.6	16.5	71.429	7
P00974	sp|O95428|PPN_HUMAN	9.6	16.5	50.0	12
P00974	sp|P48307|TFPI2_HUMAN	3.32e-12	51.6	35.938	64
P00974	sp|P48307|TFPI2_HUMAN	1.04e-11	50.4	41.818	55
P00974	sp|P48307|TFPI2_HUMAN	7.13e-05	31.2	28.571	70
P00974	sp|Q96NZ8|WFKN1_HUMAN	4.13e-11	49.3	41.935	62
P00974	sp|Q96NZ8|WFKN1_HUMAN	3.82e-06	35.0	30.0	50
P00974	sp|P12111|CO6A3_HUMAN	7.83e-11	48.5	33.333	54
P00974	sp|Q2UY09|COSA1_HUMAN	6.82e-10	45.8	33.333	51
P00974	sp|Q02388|CO7A1_HUMAN	4.59e-09	43.5	39.286	56
P00974	sp|Q6UDR6|SPIT4_HUMAN	3e-08	39.3	48.571	35
P00974	sp|Q9BQY6|WFDC6_HUMAN	1.21e-05	33.1	40.0	30
P00974	sp|Q8IUA0|WFDC8_HUMAN	3.39e-05	32.0	31.373	51
P00978	sp|P02760|AMBP_HUMAN	0.0	561.0	77.273	352
P00978	sp|Q8TEU8|WFKN2_HUMAN	4.32e-25	97.4	34.247	146
P00978	sp|Q8TEU8|WFKN2_HUMAN	1.25e-11	56.2	40.58	69
P00978	sp|O43291|SPIT2_HUMAN	8.4e-23	87.4	32.432	148
P00978	sp|O43291|SPIT2_HUMAN	4.81e-10	50.4	37.097	62
P00978	sp|P10646|TFPI1_HUMAN	3.53e-21	83.6	37.705	122
P00978	sp|P10646|TFPI1_HUMAN	1.44e-18	76.3	32.215	149
P00978	sp|P10646|TFPI1_HUMAN	2.92e-08	45.1	40.385	52
P00978	sp|Q96NZ8|WFKN1_HUMAN	6.45e-20	81.6	38.095	105
P00978	sp|Q96NZ8|WFKN1_HUMAN	7.04e-12	57.0	42.857	70
P00978	sp|P48307|TFPI2_HUMAN	2.95e-18	74.3	32.237	152
P00978	sp|P48307|TFPI2_HUMAN	1.76e-13	60.5	34.862	109
P00978	sp|Q06481|APLP2_HUMAN	1.02e-14	66.2	46.97	66
P00978	sp|Q06481|APLP2_HUMAN	1.38e-10	53.1	31.944	72
P00978	sp|O95925|EPPI_HUMAN	3.73e-14	60.1	43.86	57
P00978	sp|O95925|EPPI_HUMAN	2.11e-10	49.3	37.313	67
P00978	sp|P12111|CO6A3_HUMAN	6.14e-14	63.9	44.118	68
P00978	sp|P12111|CO6A3_HUMAN	2.8e-10	52.4	38.333	60
P00978	sp|O43278|SPIT1_HUMAN	7.1e-14	63.2	39.024	82
P00978	sp|O43278|SPIT1_HUMAN	5.95e-10	51.2	46.809	47
P00978	sp|O43278|SPIT1_HUMAN	1.4e-08	46.6	43.182	44
P00978	sp|O43278|SPIT1_HUMAN	0.36	23.1	31.429	35
P00978	sp|P49223|SPIT3_HUMAN	9.49e-14	57.8	40.385	52
P00978	sp|P49223|SPIT3_HUMAN	1.6e-11	51.6	40.741	54
P00978	sp|P05067|A4_HUMAN	1.52e-12	59.3	53.333	45
P00978	sp|P05067|A4_HUMAN	2.49e-10	52.4	33.333	66
P00978	sp|Q6UDR6|SPIT4_HUMAN	6.78e-12	52.8	55.814	43
P00978	sp|Q6UDR6|SPIT4_HUMAN	0.005	27.7	27.586	87
P00978	sp|O95428|PPN_HUMAN	1.51e-11	56.2	49.02	51
P00978	sp|O95428|PPN_HUMAN	5.34e-11	54.7	36.923	65
P00978	sp|Q8IUA0|WFDC8_HUMAN	2.15e-10	51.2	36.232	69
P00978	sp|Q8IUA0|WFDC8_HUMAN	7.2e-07	40.4	36.765	68
P00978	sp|Q2UY09|COSA1_HUMAN	6.99e-10	51.2	47.727	44
P00978	sp|Q2UY09|COSA1_HUMAN	2.5e-07	43.1	47.222	36
P00978	sp|Q02388|CO7A1_HUMAN	3.59e-09	48.9	39.286	56
P00978	sp|Q02388|CO7A1_HUMAN	2.18e-08	46.6	35.714	56
P00978	sp|Q9BQY6|WFDC6_HUMAN	6.3e-06	36.6	46.154	39
P00978	sp|Q9BQY6|WFDC6_HUMAN	0.011	26.9	46.154	26
P00980	sp|P10646|TFPI1_HUMAN	6.87e-16	60.5	45.614	57
P00980	sp|P10646|TFPI1_HUMAN	1.22e-11	48.5	37.037	54
P00980	sp|P10646|TFPI1_HUMAN	9.8e-10	43.1	41.176	51
P00980	sp|P12111|CO6A3_HUMAN	6.92e-15	57.8	42.308	52
P00980	sp|P12111|CO6A3_HUMAN	4.9	16.2	66.667	6
P00980	sp|P12111|CO6A3_HUMAN	5.2	16.2	38.462	13
P00980	sp|Q2UY09|COSA1_HUMAN	2.42e-13	53.5	40.385	52
P00980	sp|O43291|SPIT2_HUMAN	3.32e-11	47.4	38.462	52
P00980	sp|O43291|SPIT2_HUMAN	1.35e-07	37.4	29.412	51
P00980	sp|Q6UDR6|SPIT4_HUMAN	7.22e-11	44.7	41.509	53
P00980	sp|O43278|SPIT1_HUMAN	1.45e-10	45.8	37.736	53
P00980	sp|O43278|SPIT1_HUMAN	1.05e-08	40.4	35.849	53
P00980	sp|Q06481|APLP2_HUMAN	2.58e-10	45.1	33.333	54
P00980	sp|P02760|AMBP_HUMAN	6.95e-10	43.9	39.216	51
P00980	sp|P02760|AMBP_HUMAN	1.23e-06	34.7	36.735	49
P00980	sp|P49223|SPIT3_HUMAN	2e-09	40.8	34.615	52
P00980	sp|O95428|PPN_HUMAN	2.01e-09	42.4	37.736	53
P00980	sp|O95428|PPN_HUMAN	6.8	15.8	25.714	35
P00980	sp|P48307|TFPI2_HUMAN	2.67e-09	42.0	32.653	49
P00980	sp|P48307|TFPI2_HUMAN	7.74e-09	40.8	33.962	53
P00980	sp|P48307|TFPI2_HUMAN	0.036	21.9	28.571	56
P00980	sp|Q8TEU8|WFKN2_HUMAN	5.45e-09	41.2	37.255	51
P00980	sp|Q8TEU8|WFKN2_HUMAN	0.001	26.6	23.077	52
P00980	sp|Q02388|CO7A1_HUMAN	8.25e-09	40.8	37.037	54
P00980	sp|P05067|A4_HUMAN	9.9e-09	40.4	38.636	44
P00980	sp|O95925|EPPI_HUMAN	5.42e-08	37.7	29.091	55
P00980	sp|Q96NZ8|WFKN1_HUMAN	2.41e-07	36.6	35.294	51
P00980	sp|Q96NZ8|WFKN1_HUMAN	0.000176	28.5	31.429	35
P00980	sp|Q96NZ8|WFKN1_HUMAN	2.3	17.3	26.923	26
P00980	sp|Q8IUA0|WFDC8_HUMAN	7.4e-07	35.0	29.31	58
P00980	sp|Q8IUA0|WFDC8_HUMAN	6.6	15.8	29.63	27
P00980	sp|Q9BQY6|WFDC6_HUMAN	0.000238	28.1	41.935	31
P00982	sp|P12111|CO6A3_HUMAN	1.99e-14	56.6	45.098	51
P00982	sp|P12111|CO6A3_HUMAN	4.1	16.5	38.462	13
P00982	sp|P12111|CO6A3_HUMAN	6.8	15.8	58.333	12
P00982	sp|P12111|CO6A3_HUMAN	8.9	15.4	62.5	8
P00982	sp|P10646|TFPI1_HUMAN	5.14e-13	52.4	39.623	53
P00982	sp|P10646|TFPI1_HUMAN	3.93e-12	50.1	44.231	52
P00982	sp|P10646|TFPI1_HUMAN	1.35e-11	48.5	42.308	52
P00982	sp|Q02388|CO7A1_HUMAN	1.03e-12	51.6	44.444	54
P00982	sp|P48307|TFPI2_HUMAN	1.2e-12	51.2	44.444	54
P00982	sp|P48307|TFPI2_HUMAN	8.21e-09	40.4	34.694	49
P00982	sp|P48307|TFPI2_HUMAN	0.25	19.6	27.586	58
P00982	sp|P05067|A4_HUMAN	1.42e-12	51.2	45.455	44
P00982	sp|Q8IUA0|WFDC8_HUMAN	2.7e-12	50.1	42.308	52
P00982	sp|Q8TEU8|WFKN2_HUMAN	3.8e-12	50.1	43.137	51
P00982	sp|Q8TEU8|WFKN2_HUMAN	1.22e-05	31.6	29.091	55
P00982	sp|Q06481|APLP2_HUMAN	7.44e-12	49.3	35.294	51
P00982	sp|P49223|SPIT3_HUMAN	1.39e-11	46.2	35.294	51
P00982	sp|Q96NZ8|WFKN1_HUMAN	6.52e-11	46.6	43.137	51
P00982	sp|Q96NZ8|WFKN1_HUMAN	3.52e-05	30.4	31.818	44
P00982	sp|Q2UY09|COSA1_HUMAN	2.06e-10	45.1	34.615	52
P00982	sp|P02760|AMBP_HUMAN	3.88e-10	44.3	39.216	51
P00982	sp|P02760|AMBP_HUMAN	4.19e-10	44.3	39.216	51
P00982	sp|O95428|PPN_HUMAN	9.36e-10	43.1	39.623	53
P00982	sp|O95428|PPN_HUMAN	2.8	16.9	38.095	21
P00982	sp|O95428|PPN_HUMAN	4.1	16.5	25.0	36
P00982	sp|O43291|SPIT2_HUMAN	9.97e-10	43.1	33.962	53
P00982	sp|O43291|SPIT2_HUMAN	3.12e-09	41.6	34.615	52
P00982	sp|Q6UDR6|SPIT4_HUMAN	1.76e-09	40.8	37.736	53
P00982	sp|O43278|SPIT1_HUMAN	2.09e-09	42.4	41.304	46
P00982	sp|O43278|SPIT1_HUMAN	5e-08	38.5	36.364	55
P00982	sp|O95925|EPPI_HUMAN	7.73e-09	40.0	37.255	51
P00982	sp|Q9BQY6|WFDC6_HUMAN	0.00045	26.9	46.667	30
P08592	sp|P05067|A4_HUMAN	0.0	1557.0	96.883	770
P08592	sp|Q06481|APLP2_HUMAN	0.0	716.0	49.873	790
P08592	sp|O43291|SPIT2_HUMAN	1.22e-17	74.3	54.717	53
P08592	sp|O43291|SPIT2_HUMAN	1.64e-15	68.2	40.0	65
P08592	sp|P49223|SPIT3_HUMAN	2.42e-17	68.9	40.984	61
P08592	sp|O95925|EPPI_HUMAN	2.41e-14	62.0	40.351	57
P08592	sp|P12111|CO6A3_HUMAN	1.25e-13	65.5	37.179	78
P08592	sp|P10646|TFPI1_HUMAN	2.25e-13	62.4	34.783	69
P08592	sp|P10646|TFPI1_HUMAN	1.1e-11	57.4	42.623	61
P08592	sp|P10646|TFPI1_HUMAN	1.45e-09	50.8	29.897	97
P08592	sp|O43278|SPIT1_HUMAN	4.71e-13	62.8	30.0	170
P08592	sp|O43278|SPIT1_HUMAN	2.53e-12	60.5	39.13	69
P08592	sp|P48307|TFPI2_HUMAN	7e-13	60.1	47.17	53
P08592	sp|P48307|TFPI2_HUMAN	6.26e-09	48.1	42.553	47
P08592	sp|P48307|TFPI2_HUMAN	8.51e-07	41.6	34.426	61
P08592	sp|P02760|AMBP_HUMAN	2.66e-12	59.7	55.556	45
P08592	sp|P02760|AMBP_HUMAN	1.07e-11	57.8	36.145	83
P08592	sp|Q8TEU8|WFKN2_HUMAN	3.06e-11	57.0	46.154	52
P08592	sp|Q8TEU8|WFKN2_HUMAN	4.15e-07	43.5	38.983	59
P08592	sp|Q8TEU8|WFKN2_HUMAN	4.9	20.8	47.059	17
P08592	sp|O95428|PPN_HUMAN	6.25e-11	56.6	42.623	61
P08592	sp|Q02388|CO7A1_HUMAN	1.41e-10	55.5	33.898	118
P08592	sp|Q02388|CO7A1_HUMAN	5.2	20.8	55.556	18
P08592	sp|Q02388|CO7A1_HUMAN	5.4	20.8	35.484	31
P08592	sp|Q8IUA0|WFDC8_HUMAN	4.05e-10	52.0	40.741	54
P08592	sp|Q96NZ8|WFKN1_HUMAN	1.03e-09	52.0	43.396	53
P08592	sp|Q96NZ8|WFKN1_HUMAN	3.02e-05	37.7	37.5	48
P08592	sp|Q96NZ8|WFKN1_HUMAN	6.0	20.4	31.25	48
P08592	sp|Q2UY09|COSA1_HUMAN	8.9e-09	49.3	37.255	51
P08592	sp|Q6UDR6|SPIT4_HUMAN	9.6e-07	39.3	29.825	57
P08592	sp|Q9BQY6|WFDC6_HUMAN	1.91e-06	39.3	53.846	26
P12023	sp|P05067|A4_HUMAN	0.0	1551.0	96.623	770
P12023	sp|Q06481|APLP2_HUMAN	0.0	721.0	50.253	790
P12023	sp|O43291|SPIT2_HUMAN	1.92e-17	73.9	54.717	53
P12023	sp|O43291|SPIT2_HUMAN	3.24e-15	67.4	40.0	65
P12023	sp|P49223|SPIT3_HUMAN	4.14e-17	68.6	40.984	61
P12023	sp|O95925|EPPI_HUMAN	6.64e-14	60.5	40.351	57
P12023	sp|P12111|CO6A3_HUMAN	1.49e-13	65.1	35.897	78
P12023	sp|O43278|SPIT1_HUMAN	2.46e-13	63.5	30.588	170
P12023	sp|O43278|SPIT1_HUMAN	8.85e-12	58.5	37.681	69
P12023	sp|P10646|TFPI1_HUMAN	5.28e-13	61.2	34.783	69
P12023	sp|P10646|TFPI1_HUMAN	8.78e-12	57.8	42.623	61
P12023	sp|P10646|TFPI1_HUMAN	1.26e-09	50.8	29.897	97
P12023	sp|P02760|AMBP_HUMAN	7.59e-13	61.2	57.778	45
P12023	sp|P02760|AMBP_HUMAN	2.9e-11	56.2	40.58	69
P12023	sp|P48307|TFPI2_HUMAN	9.96e-13	59.7	47.17	53
P12023	sp|P48307|TFPI2_HUMAN	9.71e-09	47.8	42.553	47
P12023	sp|P48307|TFPI2_HUMAN	1.37e-06	41.2	34.426	61
P12023	sp|Q8TEU8|WFKN2_HUMAN	3.86e-11	56.6	46.154	52
P12023	sp|Q8TEU8|WFKN2_HUMAN	3.77e-07	43.9	38.983	59
P12023	sp|Q8TEU8|WFKN2_HUMAN	4.9	20.8	47.059	17
P12023	sp|O95428|PPN_HUMAN	6.69e-11	56.2	42.623	61
P12023	sp|Q02388|CO7A1_HUMAN	1.69e-10	55.1	33.898	118
P12023	sp|Q02388|CO7A1_HUMAN	5.2	20.8	55.556	18
P12023	sp|Q02388|CO7A1_HUMAN	5.4	20.8	35.484	31
P12023	sp|Q8IUA0|WFDC8_HUMAN	4.05e-10	52.0	40.741	54
P12023	sp|Q96NZ8|WFKN1_HUMAN	1.31e-09	51.6	43.396	53
P12023	sp|Q96NZ8|WFKN1_HUMAN	1.53e-05	38.5	37.5	48
P12023	sp|Q96NZ8|WFKN1_HUMAN	8.5	20.0	31.25	48
P12023	sp|Q2UY09|COSA1_HUMAN	2.76e-08	47.8	35.294	51
P12023	sp|Q6UDR6|SPIT4_HUMAN	1.64e-06	38.5	29.825	57
P12023	sp|Q9BQY6|WFDC6_HUMAN	4.69e-06	38.1	53.846	26
P15943	sp|Q06481|APLP2_HUMAN	0.0	1340.0	92.318	742
P15943	sp|P05067|A4_HUMAN	9.96e-155	461.0	50.707	495
P15943	sp|O43291|SPIT2_HUMAN	7.47e-21	84.0	41.667	84
P15943	sp|O43291|SPIT2_HUMAN	6.64e-15	66.2	37.879	66
P15943	sp|P49223|SPIT3_HUMAN	4.1e-16	65.5	47.17	53
P15943	sp|O95925|EPPI_HUMAN	2.19e-14	62.0	45.283	53
P15943	sp|Q8TEU8|WFKN2_HUMAN	3.56e-14	66.6	50.943	53
P15943	sp|Q8TEU8|WFKN2_HUMAN	2.88e-06	40.8	41.667	36
P15943	sp|O95428|PPN_HUMAN	1.66e-13	64.7	31.783	129
P15943	sp|O95428|PPN_HUMAN	2.7	21.6	27.778	36
P15943	sp|P02760|AMBP_HUMAN	1.87e-13	63.2	45.455	66
P15943	sp|P02760|AMBP_HUMAN	2.93e-09	50.1	37.037	54
P15943	sp|P10646|TFPI1_HUMAN	3.38e-12	58.9	45.283	53
P15943	sp|P10646|TFPI1_HUMAN	4.69e-10	52.4	35.185	108
P15943	sp|P10646|TFPI1_HUMAN	9.99e-09	48.1	40.385	52
P15943	sp|P12111|CO6A3_HUMAN	3.71e-12	60.5	36.765	68
P15943	sp|P12111|CO6A3_HUMAN	4.5	21.2	38.462	26
P15943	sp|O43278|SPIT1_HUMAN	4.43e-12	59.7	43.86	57
P15943	sp|O43278|SPIT1_HUMAN	2.06e-11	57.4	40.741	54
P15943	sp|P48307|TFPI2_HUMAN	3.83e-11	54.7	47.727	44
P15943	sp|P48307|TFPI2_HUMAN	4.67e-08	45.4	36.232	69
P15943	sp|P48307|TFPI2_HUMAN	1.29e-06	41.2	33.333	69
P15943	sp|Q96NZ8|WFKN1_HUMAN	1.83e-10	54.3	43.333	60
P15943	sp|Q96NZ8|WFKN1_HUMAN	2.89e-05	37.7	30.986	71
P15943	sp|Q8IUA0|WFDC8_HUMAN	1.82e-09	50.1	36.066	61
P15943	sp|Q6UDR6|SPIT4_HUMAN	4.36e-09	45.8	33.803	71
P15943	sp|Q02388|CO7A1_HUMAN	2.37e-08	48.1	33.333	108
P15943	sp|Q2UY09|COSA1_HUMAN	6.91e-08	46.6	37.255	51
P15943	sp|Q9BQY6|WFDC6_HUMAN	4.24e-07	41.2	55.556	27
P53601	sp|P05067|A4_HUMAN	0.0	1602.0	99.481	770
P53601	sp|Q06481|APLP2_HUMAN	0.0	712.0	49.558	791
P53601	sp|O43291|SPIT2_HUMAN	1.64e-17	73.9	54.717	53
P53601	sp|O43291|SPIT2_HUMAN	4.2e-15	67.0	40.0	65
P53601	sp|P49223|SPIT3_HUMAN	2.35e-17	68.9	40.984	61
P53601	sp|O95925|EPPI_HUMAN	2.89e-14	61.6	40.351	57
P53601	sp|P12111|CO6A3_HUMAN	3.53e-14	67.4	35.802	81
P53601	sp|O43278|SPIT1_HUMAN	2.64e-13	63.5	38.095	84
P53601	sp|O43278|SPIT1_HUMAN	9.08e-12	58.5	34.177	79
P53601	sp|P48307|TFPI2_HUMAN	8.83e-13	59.7	47.17	53
P53601	sp|P48307|TFPI2_HUMAN	7.66e-09	47.8	42.553	47
P53601	sp|P48307|TFPI2_HUMAN	1.1e-06	41.2	34.426	61
P53601	sp|P02760|AMBP_HUMAN	2.46e-12	59.7	37.349	83
P53601	sp|P02760|AMBP_HUMAN	2.69e-12	59.7	55.556	45
P53601	sp|P10646|TFPI1_HUMAN	2.77e-12	59.3	33.75	80
P53601	sp|P10646|TFPI1_HUMAN	3.83e-12	58.9	42.623	61
P53601	sp|P10646|TFPI1_HUMAN	3.92e-09	49.3	39.623	53
P53601	sp|Q02388|CO7A1_HUMAN	8.83e-12	59.3	34.746	118
P53601	sp|Q02388|CO7A1_HUMAN	5.0	20.8	55.556	18
P53601	sp|Q8TEU8|WFKN2_HUMAN	2.71e-11	57.4	47.059	51
P53601	sp|Q8TEU8|WFKN2_HUMAN	2.58e-06	41.2	43.59	39
P53601	sp|Q8TEU8|WFKN2_HUMAN	4.5	20.8	47.059	17
P53601	sp|O95428|PPN_HUMAN	7.54e-11	56.2	50.0	44
P53601	sp|Q8IUA0|WFDC8_HUMAN	4.36e-10	51.6	40.741	54
P53601	sp|Q96NZ8|WFKN1_HUMAN	9.89e-10	52.0	43.396	53
P53601	sp|Q96NZ8|WFKN1_HUMAN	2.94e-05	37.7	37.5	48
P53601	sp|Q2UY09|COSA1_HUMAN	1.05e-08	49.3	37.255	51
P53601	sp|Q6UDR6|SPIT4_HUMAN	9.6e-07	39.3	29.825	57
P53601	sp|Q9BQY6|WFDC6_HUMAN	1.7e-06	39.3	53.846	26
P68425	sp|P12111|CO6A3_HUMAN	3.18e-19	71.6	45.205	73
P68425	sp|Q02388|CO7A1_HUMAN	1.58e-17	67.0	51.786	56
P68425	sp|Q02388|CO7A1_HUMAN	6.1	16.9	41.176	17
P68425	sp|Q8TEU8|WFKN2_HUMAN	7.71e-16	62.0	48.214	56
P68425	sp|Q8TEU8|WFKN2_HUMAN	1.88e-08	41.2	39.216	51
P68425	sp|Q8TEU8|WFKN2_HUMAN	1.6	18.5	28.333	60
P68425	sp|Q8TEU8|WFKN2_HUMAN	2.8	17.7	33.333	18
P68425	sp|P05067|A4_HUMAN	3.22e-15	60.5	50.98	51
P68425	sp|O43291|SPIT2_HUMAN	5.55e-15	58.9	42.857	63
P68425	sp|O43291|SPIT2_HUMAN	4.28e-14	56.6	39.189	74
P68425	sp|Q06481|APLP2_HUMAN	4.71e-14	57.0	46.154	52
P68425	sp|P10646|TFPI1_HUMAN	6.39e-14	56.2	47.17	53
P68425	sp|P10646|TFPI1_HUMAN	1.76e-13	55.1	42.593	54
P68425	sp|P10646|TFPI1_HUMAN	3.46e-11	48.5	43.396	53
P68425	sp|P49223|SPIT3_HUMAN	9.13e-14	53.1	45.283	53
P68425	sp|O95925|EPPI_HUMAN	5.38e-13	52.0	38.596	57
P68425	sp|P02760|AMBP_HUMAN	9.14e-13	53.1	41.509	53
P68425	sp|P02760|AMBP_HUMAN	1.81e-12	52.4	41.818	55
P68425	sp|O95428|PPN_HUMAN	1.66e-12	52.8	45.098	51
P68425	sp|O95428|PPN_HUMAN	0.78	19.6	45.0	20
P68425	sp|O43278|SPIT1_HUMAN	1.98e-12	52.4	47.826	46
P68425	sp|O43278|SPIT1_HUMAN	1.57e-11	49.7	41.509	53
P68425	sp|Q96NZ8|WFKN1_HUMAN	6.45e-12	50.8	41.071	56
P68425	sp|Q96NZ8|WFKN1_HUMAN	0.000666	28.1	35.135	37
P68425	sp|P48307|TFPI2_HUMAN	1.62e-11	49.3	51.064	47
P68425	sp|P48307|TFPI2_HUMAN	1.65e-11	49.3	45.283	53
P68425	sp|P48307|TFPI2_HUMAN	2.37e-07	37.7	42.857	56
P68425	sp|Q2UY09|COSA1_HUMAN	2.88e-10	46.2	34.043	47
P68425	sp|Q8IUA0|WFDC8_HUMAN	5.27e-09	42.4	36.842	57
P68425	sp|Q6UDR6|SPIT4_HUMAN	1.6e-06	34.7	32.609	46
P68425	sp|Q9BQY6|WFDC6_HUMAN	1.76e-06	34.7	46.667	30
P79307	sp|P05067|A4_HUMAN	0.0	1575.0	97.792	770
P79307	sp|Q06481|APLP2_HUMAN	0.0	712.0	49.305	791
P79307	sp|O43291|SPIT2_HUMAN	1.35e-17	74.3	54.717	53
P79307	sp|O43291|SPIT2_HUMAN	3.42e-15	67.4	40.0	65
P79307	sp|P49223|SPIT3_HUMAN	2.03e-17	69.3	40.984	61
P79307	sp|O95925|EPPI_HUMAN	2.68e-14	61.6	40.351	57
P79307	sp|P12111|CO6A3_HUMAN	3.44e-14	67.4	35.802	81
P79307	sp|O43278|SPIT1_HUMAN	1.2e-13	64.7	37.234	94
P79307	sp|O43278|SPIT1_HUMAN	1.09e-11	58.5	32.911	79
P79307	sp|P10646|TFPI1_HUMAN	3.77e-13	62.0	28.302	106
P79307	sp|P10646|TFPI1_HUMAN	5.11e-12	58.5	42.623	61
P79307	sp|P10646|TFPI1_HUMAN	3.59e-09	49.7	39.623	53
P79307	sp|P48307|TFPI2_HUMAN	7.26e-13	60.1	47.17	53
P79307	sp|P48307|TFPI2_HUMAN	6.49e-09	48.1	42.553	47
P79307	sp|P48307|TFPI2_HUMAN	8.74e-07	41.6	34.426	61
P79307	sp|P02760|AMBP_HUMAN	2.55e-12	59.7	55.556	45
P79307	sp|P02760|AMBP_HUMAN	2.24e-11	56.6	40.58	69
P79307	sp|Q02388|CO7A1_HUMAN	9.22e-12	59.3	34.746	118
P79307	sp|Q02388|CO7A1_HUMAN	4.8	20.8	55.556	18
P79307	sp|Q02388|CO7A1_HUMAN	5.1	20.8	35.484	31
P79307	sp|Q02388|CO7A1_HUMAN	9.9	20.0	35.714	28
P79307	sp|Q8TEU8|WFKN2_HUMAN	2.67e-11	57.4	46.154	52
P79307	sp|Q8TEU8|WFKN2_HUMAN	1.32e-06	42.0	38.983	59
P79307	sp|Q8TEU8|WFKN2_HUMAN	4.7	20.8	47.059	17
P79307	sp|O95428|PPN_HUMAN	7.35e-11	56.2	50.0	44
P79307	sp|Q8IUA0|WFDC8_HUMAN	4.09e-10	52.0	40.741	54
P79307	sp|Q96NZ8|WFKN1_HUMAN	1.04e-09	52.0	43.396	53
P79307	sp|Q96NZ8|WFKN1_HUMAN	3.07e-05	37.7	37.5	48
P79307	sp|Q96NZ8|WFKN1_HUMAN	2.9	21.6	31.25	48
P79307	sp|Q2UY09|COSA1_HUMAN	1.05e-08	49.3	37.255	51
P79307	sp|Q6UDR6|SPIT4_HUMAN	9.6e-07	39.3	29.825	57
P79307	sp|Q9BQY6|WFDC6_HUMAN	1.72e-06	39.3	53.846	26
P84875	sp|P10646|TFPI1_HUMAN	5.73e-37	121.0	33.333	216
P84875	sp|P10646|TFPI1_HUMAN	9e-30	102.0	40.157	127
P84875	sp|P10646|TFPI1_HUMAN	1.13e-18	72.4	31.447	159
P84875	sp|P48307|TFPI2_HUMAN	2.79e-35	115.0	38.235	170
P84875	sp|P48307|TFPI2_HUMAN	2.41e-09	45.8	40.816	49
P84875	sp|P02760|AMBP_HUMAN	2.1e-26	94.0	42.991	107
P84875	sp|P02760|AMBP_HUMAN	1.94e-21	80.5	38.182	110
P84875	sp|P02760|AMBP_HUMAN	1.36e-12	55.5	42.857	56
P84875	sp|P02760|AMBP_HUMAN	2.98e-10	48.9	39.683	63
P84875	sp|O43291|SPIT2_HUMAN	9.43e-26	90.5	32.192	146
P84875	sp|O43291|SPIT2_HUMAN	5.16e-21	78.2	30.556	144
P84875	sp|O43291|SPIT2_HUMAN	1.12e-15	63.5	48.077	52
P84875	sp|O43291|SPIT2_HUMAN	4.02e-10	48.1	37.255	51
P84875	sp|Q96NZ8|WFKN1_HUMAN	1.61e-23	87.0	40.87	115
P84875	sp|Q96NZ8|WFKN1_HUMAN	3.7e-17	68.9	32.456	114
P84875	sp|Q96NZ8|WFKN1_HUMAN	5.56e-12	53.9	32.394	71
P84875	sp|Q8TEU8|WFKN2_HUMAN	9.16e-23	85.1	41.489	94
P84875	sp|Q8TEU8|WFKN2_HUMAN	2.51e-21	80.9	36.697	109
P84875	sp|Q8TEU8|WFKN2_HUMAN	2.63e-15	63.5	48.148	54
P84875	sp|O43278|SPIT1_HUMAN	8.4e-21	79.3	30.851	188
P84875	sp|O43278|SPIT1_HUMAN	1.61e-14	61.2	45.902	61
P84875	sp|O43278|SPIT1_HUMAN	4.69e-12	54.3	48.0	50
P84875	sp|O43278|SPIT1_HUMAN	6.97e-11	50.8	36.145	83
P84875	sp|O43278|SPIT1_HUMAN	5.3	18.1	70.0	10
P84875	sp|Q06481|APLP2_HUMAN	3.86e-17	68.9	50.98	51
P84875	sp|Q06481|APLP2_HUMAN	2.74e-15	63.5	43.103	58
P84875	sp|Q06481|APLP2_HUMAN	1.19e-11	53.1	40.351	57
P84875	sp|O95925|EPPI_HUMAN	3.4e-16	62.8	49.091	55
P84875	sp|O95925|EPPI_HUMAN	1.18e-14	58.9	45.283	53
P84875	sp|O95925|EPPI_HUMAN	9.71e-12	51.2	27.273	110
P84875	sp|P49223|SPIT3_HUMAN	4.58e-16	61.2	50.0	54
P84875	sp|P49223|SPIT3_HUMAN	2.91e-14	56.6	48.98	49
P84875	sp|P49223|SPIT3_HUMAN	7.3e-14	55.5	41.935	62
P84875	sp|P05067|A4_HUMAN	1.32e-15	64.7	51.064	47
P84875	sp|P05067|A4_HUMAN	4.23e-13	57.4	47.917	48
P84875	sp|P05067|A4_HUMAN	3.38e-11	51.6	44.681	47
P84875	sp|P12111|CO6A3_HUMAN	1.67e-15	64.3	44.068	59
P84875	sp|P12111|CO6A3_HUMAN	7.24e-15	62.4	39.623	53
P84875	sp|P12111|CO6A3_HUMAN	4.82e-12	54.3	39.216	51
P84875	sp|Q02388|CO7A1_HUMAN	2.18e-15	63.9	51.852	54
P84875	sp|Q02388|CO7A1_HUMAN	1.56e-12	55.8	44.444	54
P84875	sp|Q02388|CO7A1_HUMAN	8.79e-11	50.8	42.593	54
P84875	sp|O95428|PPN_HUMAN	8.55e-12	53.5	38.182	55
P84875	sp|O95428|PPN_HUMAN	1.05e-10	50.4	49.02	51
P84875	sp|O95428|PPN_HUMAN	1.3e-10	50.1	42.593	54
P84875	sp|Q8IUA0|WFDC8_HUMAN	2.77e-11	51.2	41.538	65
P84875	sp|Q8IUA0|WFDC8_HUMAN	3.51e-08	42.4	38.333	60
P84875	sp|Q8IUA0|WFDC8_HUMAN	9.83e-08	41.2	31.579	114
P84875	sp|Q2UY09|COSA1_HUMAN	6.23e-10	48.1	34.091	44
P84875	sp|Q2UY09|COSA1_HUMAN	1.85e-09	46.6	39.13	46
P84875	sp|Q2UY09|COSA1_HUMAN	1.92e-08	43.9	31.373	51
P84875	sp|Q6UDR6|SPIT4_HUMAN	6.73e-09	42.7	39.13	46
P84875	sp|Q6UDR6|SPIT4_HUMAN	1.32e-08	42.0	33.333	57
P84875	sp|Q6UDR6|SPIT4_HUMAN	1.87e-08	41.6	32.0	75
P84875	sp|Q9BQY6|WFDC6_HUMAN	1.26e-06	37.0	48.387	31
P84875	sp|Q9BQY6|WFDC6_HUMAN	4.62e-06	35.4	47.059	34
P84875	sp|Q9BQY6|WFDC6_HUMAN	7.19e-06	35.0	57.692	26
Q07456	sp|P02760|AMBP_HUMAN	0.0	549.0	77.341	331
Q07456	sp|Q8TEU8|WFKN2_HUMAN	7.18e-27	102.0	36.986	146
Q07456	sp|O43291|SPIT2_HUMAN	6.42e-21	82.0	29.53	149
Q07456	sp|O43291|SPIT2_HUMAN	6.65e-10	50.1	31.081	74
Q07456	sp|Q96NZ8|WFKN1_HUMAN	2.6e-19	79.7	40.625	96
Q07456	sp|Q96NZ8|WFKN1_HUMAN	2.06e-11	55.5	42.857	70
Q07456	sp|Q96NZ8|WFKN1_HUMAN	2.96e-06	39.3	35.593	59
Q07456	sp|P10646|TFPI1_HUMAN	1.61e-18	75.9	33.077	130
Q07456	sp|P10646|TFPI1_HUMAN	4.63e-18	74.7	32.051	156
Q07456	sp|P10646|TFPI1_HUMAN	2e-09	48.9	44.444	45
Q07456	sp|P48307|TFPI2_HUMAN	1.81e-14	63.2	33.913	115
Q07456	sp|P48307|TFPI2_HUMAN	6.07e-14	61.6	35.78	109
Q07456	sp|Q06481|APLP2_HUMAN	8.59e-14	63.2	49.057	53
Q07456	sp|Q06481|APLP2_HUMAN	2.76e-10	52.4	35.616	73
Q07456	sp|P05067|A4_HUMAN	2.43e-13	61.6	55.556	45
Q07456	sp|P05067|A4_HUMAN	1.34e-09	50.1	34.848	66
Q07456	sp|P12111|CO6A3_HUMAN	6.47e-13	60.8	50.98	51
Q07456	sp|P12111|CO6A3_HUMAN	4.7e-11	55.1	40.0	70
Q07456	sp|P12111|CO6A3_HUMAN	6.3	19.2	25.0	60
Q07456	sp|P49223|SPIT3_HUMAN	8.53e-13	55.1	38.462	52
Q07456	sp|P49223|SPIT3_HUMAN	9.27e-11	49.3	37.037	54
Q07456	sp|O95925|EPPI_HUMAN	1.48e-12	55.5	42.105	57
Q07456	sp|O95925|EPPI_HUMAN	6.66e-10	48.1	40.385	52
Q07456	sp|O43278|SPIT1_HUMAN	2.24e-12	58.5	39.062	64
Q07456	sp|O43278|SPIT1_HUMAN	4.32e-10	51.6	50.0	48
Q07456	sp|O43278|SPIT1_HUMAN	3.13e-07	42.4	40.909	44
Q07456	sp|O43278|SPIT1_HUMAN	0.42	23.1	31.429	35
Q07456	sp|Q6UDR6|SPIT4_HUMAN	2.61e-11	51.2	49.02	51
Q07456	sp|Q6UDR6|SPIT4_HUMAN	0.006	27.3	28.571	70
Q07456	sp|O95428|PPN_HUMAN	6.63e-11	54.3	47.059	51
Q07456	sp|O95428|PPN_HUMAN	5.43e-10	51.6	40.385	52
Q07456	sp|Q2UY09|COSA1_HUMAN	5.95e-10	51.2	43.182	44
Q07456	sp|Q2UY09|COSA1_HUMAN	9.2e-08	44.3	43.182	44
Q07456	sp|Q02388|CO7A1_HUMAN	5.59e-09	48.5	38.596	57
Q07456	sp|Q02388|CO7A1_HUMAN	8.43e-09	47.8	38.889	54
Q07456	sp|Q02388|CO7A1_HUMAN	5.3	19.6	37.5	24
Q07456	sp|Q8IUA0|WFDC8_HUMAN	1.15e-08	46.2	34.328	67
Q07456	sp|Q8IUA0|WFDC8_HUMAN	3.48e-08	44.7	34.722	72
Q07456	sp|Q9BQY6|WFDC6_HUMAN	2.33e-05	34.7	43.59	39
Q07456	sp|Q9BQY6|WFDC6_HUMAN	0.012	26.9	46.154	26
Q07456	sp|Q9BQY6|WFDC6_HUMAN	1.8	20.4	28.261	46
Q2UY11	sp|Q2UY09|COSA1_HUMAN	0.0	1613.0	85.101	1141
Q2UY11	sp|Q02388|CO7A1_HUMAN	8e-45	168.0	37.074	704
Q2UY11	sp|Q02388|CO7A1_HUMAN	3.68e-44	166.0	37.446	689
Q2UY11	sp|Q02388|CO7A1_HUMAN	3e-41	156.0	39.042	543
Q2UY11	sp|Q02388|CO7A1_HUMAN	3.78e-38	146.0	36.864	727
Q2UY11	sp|Q02388|CO7A1_HUMAN	5.64e-32	126.0	36.164	730
Q2UY11	sp|Q02388|CO7A1_HUMAN	1.93e-30	121.0	44.986	349
Q2UY11	sp|Q02388|CO7A1_HUMAN	8.22e-26	106.0	35.127	669
Q2UY11	sp|Q02388|CO7A1_HUMAN	2.02e-24	101.0	37.931	493
Q2UY11	sp|Q02388|CO7A1_HUMAN	9.36e-18	79.7	27.749	191
Q2UY11	sp|Q02388|CO7A1_HUMAN	9.51e-10	53.5	20.779	231
Q2UY11	sp|Q02388|CO7A1_HUMAN	3.63e-09	51.6	33.784	74
Q2UY11	sp|Q02388|CO7A1_HUMAN	5.75e-07	44.3	18.5	200
Q2UY11	sp|P12111|CO6A3_HUMAN	3.41e-36	140.0	37.449	494
Q2UY11	sp|P12111|CO6A3_HUMAN	5.1e-31	123.0	43.611	360
Q2UY11	sp|P12111|CO6A3_HUMAN	9.38e-31	122.0	31.597	576
Q2UY11	sp|P12111|CO6A3_HUMAN	7.37e-20	86.7	37.548	261
Q2UY11	sp|P12111|CO6A3_HUMAN	1.72e-15	72.4	41.791	67
Q2UY11	sp|P12111|CO6A3_HUMAN	2.23e-11	58.9	22.995	187
Q2UY11	sp|P12111|CO6A3_HUMAN	2.65e-09	52.0	25.0	188
Q2UY11	sp|P12111|CO6A3_HUMAN	1.99e-08	49.3	26.108	203
Q2UY11	sp|P12111|CO6A3_HUMAN	9.21e-08	47.0	26.047	215
Q2UY11	sp|P12111|CO6A3_HUMAN	7.38e-07	43.9	22.754	167
Q2UY11	sp|P12111|CO6A3_HUMAN	3.66e-06	41.6	27.869	61
Q2UY11	sp|P12111|CO6A3_HUMAN	4.01e-06	41.6	20.213	188
Q2UY11	sp|P12111|CO6A3_HUMAN	6.76e-06	40.8	22.927	205
Q2UY11	sp|P12111|CO6A3_HUMAN	0.001	33.5	21.875	96
Q2UY11	sp|P12111|CO6A3_HUMAN	0.005	31.2	24.468	188
Q2UY11	sp|P12111|CO6A3_HUMAN	0.007	30.8	23.494	166
Q2UY11	sp|P12111|CO6A3_HUMAN	0.038	28.5	29.63	81
Q2UY11	sp|P12111|CO6A3_HUMAN	0.039	28.5	25.143	175
Q2UY11	sp|P12111|CO6A3_HUMAN	0.063	27.7	28.571	56
Q2UY11	sp|P12111|CO6A3_HUMAN	0.12	26.9	18.349	109
Q2UY11	sp|P12111|CO6A3_HUMAN	0.36	25.4	35.484	31
Q2UY11	sp|P12111|CO6A3_HUMAN	0.56	24.6	26.582	79
Q2UY11	sp|P12111|CO6A3_HUMAN	4.1	21.9	28.205	39
Q2UY11	sp|O95428|PPN_HUMAN	1.93e-12	62.0	44.231	52
Q2UY11	sp|O95428|PPN_HUMAN	0.24	25.8	27.273	77
Q2UY11	sp|O95428|PPN_HUMAN	3.2	21.9	30.303	99
Q2UY11	sp|O95428|PPN_HUMAN	8.7	20.8	31.148	61
Q2UY11	sp|O95925|EPPI_HUMAN	3.09e-12	56.2	40.0	55
Q2UY11	sp|O43291|SPIT2_HUMAN	2.77e-10	53.1	26.891	119
Q2UY11	sp|O43291|SPIT2_HUMAN	6.01e-07	42.7	34.091	44
Q2UY11	sp|P10646|TFPI1_HUMAN	9.55e-10	52.0	36.508	63
Q2UY11	sp|P10646|TFPI1_HUMAN	1.19e-06	42.4	30.986	71
Q2UY11	sp|P10646|TFPI1_HUMAN	1.49e-06	42.0	30.189	53
Q2UY11	sp|P02760|AMBP_HUMAN	2.41e-09	51.2	36.62	71
Q2UY11	sp|P02760|AMBP_HUMAN	1.26e-07	45.4	36.364	55
Q2UY11	sp|P49223|SPIT3_HUMAN	2.75e-09	46.6	29.412	51
Q2UY11	sp|P48307|TFPI2_HUMAN	8.1e-09	48.5	35.294	51
Q2UY11	sp|P48307|TFPI2_HUMAN	2.34e-06	40.8	28.767	73
Q2UY11	sp|Q6UDR6|SPIT4_HUMAN	3.72e-08	43.9	34.483	58
Q2UY11	sp|O43278|SPIT1_HUMAN	6.99e-08	47.0	38.462	52
Q2UY11	sp|O43278|SPIT1_HUMAN	4.71e-05	37.7	37.255	51
Q2UY11	sp|Q8IUA0|WFDC8_HUMAN	1.18e-07	45.1	31.579	57
Q2UY11	sp|Q06481|APLP2_HUMAN	1.57e-07	45.8	34.921	63
Q2UY11	sp|Q8TEU8|WFKN2_HUMAN	2.86e-07	45.1	43.182	44
Q2UY11	sp|Q8TEU8|WFKN2_HUMAN	3.73e-07	44.7	35.849	53
Q2UY11	sp|Q8TEU8|WFKN2_HUMAN	1.2	23.5	36.17	47
Q2UY11	sp|Q8TEU8|WFKN2_HUMAN	2.0	22.7	43.478	23
Q2UY11	sp|Q8TEU8|WFKN2_HUMAN	4.7	21.6	25.862	58
Q2UY11	sp|P05067|A4_HUMAN	1.21e-06	43.1	36.957	46
Q2UY11	sp|Q96NZ8|WFKN1_HUMAN	2.5e-06	42.0	38.636	44
Q2UY11	sp|Q96NZ8|WFKN1_HUMAN	0.000287	35.0	31.707	41
Q2UY11	sp|Q9BQY6|WFDC6_HUMAN	0.04	26.9	36.364	33
Q5IS80	sp|P05067|A4_HUMAN	0.0	1608.0	99.87	770
Q5IS80	sp|Q06481|APLP2_HUMAN	0.0	712.0	49.558	791
Q5IS80	sp|O43291|SPIT2_HUMAN	1.51e-17	74.3	54.717	53
Q5IS80	sp|O43291|SPIT2_HUMAN	3.83e-15	67.0	40.0	65
Q5IS80	sp|P49223|SPIT3_HUMAN	2.35e-17	68.9	40.984	61
Q5IS80	sp|O95925|EPPI_HUMAN	2.68e-14	61.6	40.351	57
Q5IS80	sp|P12111|CO6A3_HUMAN	3.59e-14	67.0	35.802	81
Q5IS80	sp|P10646|TFPI1_HUMAN	5.78e-13	61.2	33.75	80
Q5IS80	sp|P10646|TFPI1_HUMAN	5.3e-12	58.2	42.623	61
Q5IS80	sp|P10646|TFPI1_HUMAN	3.72e-09	49.7	39.623	53
Q5IS80	sp|P48307|TFPI2_HUMAN	8.35e-13	59.7	47.17	53
Q5IS80	sp|P48307|TFPI2_HUMAN	7.18e-09	48.1	42.553	47
Q5IS80	sp|P48307|TFPI2_HUMAN	1.01e-06	41.6	34.426	61
Q5IS80	sp|O43278|SPIT1_HUMAN	2.03e-12	60.8	38.75	80
Q5IS80	sp|O43278|SPIT1_HUMAN	1.15e-11	58.2	32.911	79
Q5IS80	sp|P02760|AMBP_HUMAN	2.17e-12	60.1	37.349	83
Q5IS80	sp|P02760|AMBP_HUMAN	2.66e-12	59.7	55.556	45
Q5IS80	sp|Q02388|CO7A1_HUMAN	8.05e-12	59.7	34.746	118
Q5IS80	sp|Q02388|CO7A1_HUMAN	4.8	20.8	55.556	18
Q5IS80	sp|Q02388|CO7A1_HUMAN	9.9	20.0	35.714	28
Q5IS80	sp|Q8TEU8|WFKN2_HUMAN	2.78e-11	57.0	47.059	51
Q5IS80	sp|Q8TEU8|WFKN2_HUMAN	2.34e-06	41.2	35.593	59
Q5IS80	sp|Q8TEU8|WFKN2_HUMAN	4.6	20.8	47.059	17
Q5IS80	sp|O95428|PPN_HUMAN	7.41e-11	56.2	50.0	44
Q5IS80	sp|Q8IUA0|WFDC8_HUMAN	4.09e-10	52.0	40.741	54
Q5IS80	sp|Q96NZ8|WFKN1_HUMAN	9.8e-10	52.0	43.396	53
Q5IS80	sp|Q96NZ8|WFKN1_HUMAN	2.94e-05	37.7	37.5	48
Q5IS80	sp|Q2UY09|COSA1_HUMAN	1.07e-08	49.3	37.255	51
Q5IS80	sp|Q6UDR6|SPIT4_HUMAN	9.6e-07	39.3	29.825	57
Q5IS80	sp|Q9BQY6|WFDC6_HUMAN	1.7e-06	39.3	53.846	26
Q60495	sp|P05067|A4_HUMAN	0.0	1565.0	96.883	770
Q60495	sp|Q06481|APLP2_HUMAN	0.0	716.0	50.065	769
Q60495	sp|P49223|SPIT3_HUMAN	1.45e-17	69.7	40.984	61
Q60495	sp|O43291|SPIT2_HUMAN	3.31e-17	73.2	52.83	53
Q60495	sp|O43291|SPIT2_HUMAN	9.36e-15	65.9	40.984	61
Q60495	sp|P12111|CO6A3_HUMAN	3.11e-14	67.4	34.615	78
Q60495	sp|O95925|EPPI_HUMAN	7.32e-14	60.5	38.596	57
Q60495	sp|O43278|SPIT1_HUMAN	9.66e-14	65.1	32.0	125
Q60495	sp|O43278|SPIT1_HUMAN	1.69e-11	57.8	32.911	79
Q60495	sp|P02760|AMBP_HUMAN	4.99e-13	62.0	38.554	83
Q60495	sp|P02760|AMBP_HUMAN	6.48e-12	58.5	53.333	45
Q60495	sp|P48307|TFPI2_HUMAN	1.79e-12	58.9	45.283	53
Q60495	sp|P48307|TFPI2_HUMAN	1.58e-08	47.0	40.426	47
Q60495	sp|P48307|TFPI2_HUMAN	1.04e-06	41.6	34.426	61
Q60495	sp|P10646|TFPI1_HUMAN	4.04e-12	58.5	31.25	80
Q60495	sp|P10646|TFPI1_HUMAN	1.51e-11	57.0	40.984	61
Q60495	sp|P10646|TFPI1_HUMAN	1.94e-09	50.4	29.897	97
Q60495	sp|O95428|PPN_HUMAN	4.49e-11	57.0	50.0	44
Q60495	sp|Q8TEU8|WFKN2_HUMAN	6.48e-11	55.8	44.231	52
Q60495	sp|Q8TEU8|WFKN2_HUMAN	8.41e-08	45.8	42.373	59
Q60495	sp|Q8TEU8|WFKN2_HUMAN	4.8	20.8	47.059	17
Q60495	sp|Q02388|CO7A1_HUMAN	2.85e-10	54.3	33.333	111
Q60495	sp|Q02388|CO7A1_HUMAN	5.1	20.8	55.556	18
Q60495	sp|Q02388|CO7A1_HUMAN	5.2	20.8	35.484	31
Q60495	sp|Q8IUA0|WFDC8_HUMAN	3.46e-10	52.0	40.741	54
Q60495	sp|Q96NZ8|WFKN1_HUMAN	1.09e-09	52.0	43.396	53
Q60495	sp|Q96NZ8|WFKN1_HUMAN	1.36e-05	38.9	31.429	70
Q60495	sp|Q96NZ8|WFKN1_HUMAN	6.4	20.4	31.25	48
Q60495	sp|Q96NZ8|WFKN1_HUMAN	7.3	20.4	27.692	65
Q60495	sp|Q2UY09|COSA1_HUMAN	8.61e-09	49.3	37.255	51
Q60495	sp|Q2UY09|COSA1_HUMAN	5.3	20.8	33.333	30
Q60495	sp|Q6UDR6|SPIT4_HUMAN	7.52e-07	39.7	29.825	57
Q60495	sp|Q9BQY6|WFDC6_HUMAN	1.94e-06	39.3	53.846	26
Q60559	sp|P02760|AMBP_HUMAN	0.0	550.0	77.644	331
Q60559	sp|Q8TEU8|WFKN2_HUMAN	2.53e-26	100.0	36.111	144
Q60559	sp|O43291|SPIT2_HUMAN	4.59e-21	82.4	30.872	149
Q60559	sp|O43291|SPIT2_HUMAN	4.4e-10	50.4	33.333	60
Q60559	sp|Q96NZ8|WFKN1_HUMAN	3.12e-20	82.8	39.048	105
Q60559	sp|Q96NZ8|WFKN1_HUMAN	6.9e-11	53.9	41.429	70
Q60559	sp|P10646|TFPI1_HUMAN	9.46e-20	79.7	32.308	130
Q60559	sp|P10646|TFPI1_HUMAN	3.36e-19	78.2	32.432	148
Q60559	sp|P10646|TFPI1_HUMAN	1.29e-08	46.2	40.385	52
Q60559	sp|P48307|TFPI2_HUMAN	1.9e-15	66.2	37.615	109
Q60559	sp|P48307|TFPI2_HUMAN	2.83e-15	65.5	33.043	115
Q60559	sp|Q06481|APLP2_HUMAN	2.39e-14	65.1	47.692	65
Q60559	sp|Q06481|APLP2_HUMAN	5.58e-10	51.2	30.864	81
Q60559	sp|Q06481|APLP2_HUMAN	2.6	20.4	26.316	57
Q60559	sp|P49223|SPIT3_HUMAN	5.35e-14	58.5	40.385	52
Q60559	sp|P49223|SPIT3_HUMAN	2.94e-10	47.8	33.846	65
Q60559	sp|O95925|EPPI_HUMAN	3.05e-13	57.4	42.105	57
Q60559	sp|O95925|EPPI_HUMAN	4e-11	51.6	40.299	67
Q60559	sp|O43278|SPIT1_HUMAN	7.72e-13	60.1	30.872	149
Q60559	sp|O43278|SPIT1_HUMAN	6.31e-11	53.9	47.917	48
Q60559	sp|O43278|SPIT1_HUMAN	1.74e-07	43.1	38.636	44
Q60559	sp|O43278|SPIT1_HUMAN	7.1	18.9	33.333	18
Q60559	sp|P05067|A4_HUMAN	8.7e-13	60.1	53.333	45
Q60559	sp|P05067|A4_HUMAN	2.23e-11	55.8	36.364	66
Q60559	sp|P12111|CO6A3_HUMAN	1.56e-12	59.7	45.161	62
Q60559	sp|P12111|CO6A3_HUMAN	3.48e-12	58.5	47.059	51
Q60559	sp|O95428|PPN_HUMAN	5.76e-11	54.7	47.059	51
Q60559	sp|O95428|PPN_HUMAN	3.75e-10	52.0	32.468	77
Q60559	sp|Q2UY09|COSA1_HUMAN	1.48e-10	53.1	43.137	51
Q60559	sp|Q2UY09|COSA1_HUMAN	8.17e-10	50.8	41.27	63
Q60559	sp|Q8IUA0|WFDC8_HUMAN	1.58e-09	48.5	34.328	67
Q60559	sp|Q8IUA0|WFDC8_HUMAN	1.16e-06	40.0	31.944	72
Q60559	sp|Q6UDR6|SPIT4_HUMAN	1.62e-09	46.2	40.741	54
Q60559	sp|Q6UDR6|SPIT4_HUMAN	0.006	27.3	27.451	51
Q60559	sp|Q02388|CO7A1_HUMAN	4.78e-09	48.5	42.593	54
Q60559	sp|Q02388|CO7A1_HUMAN	1.06e-08	47.4	36.842	57
Q60559	sp|Q9BQY6|WFDC6_HUMAN	1.21e-05	35.8	43.59	39
Q60559	sp|Q9BQY6|WFDC6_HUMAN	0.006	27.7	46.154	26
Q60559	sp|Q9BQY6|WFDC6_HUMAN	4.8	19.2	40.0	20
Q62577	sp|P02760|AMBP_HUMAN	0.0	537.0	77.064	327
Q62577	sp|Q8TEU8|WFKN2_HUMAN	1.17e-25	99.0	35.915	142
Q62577	sp|O43291|SPIT2_HUMAN	5.84e-23	87.8	32.215	149
Q62577	sp|O43291|SPIT2_HUMAN	9.38e-10	49.3	29.73	74
Q62577	sp|Q96NZ8|WFKN1_HUMAN	3.92e-21	85.1	40.0	105
Q62577	sp|Q96NZ8|WFKN1_HUMAN	3.83e-11	54.7	42.857	70
Q62577	sp|P10646|TFPI1_HUMAN	2.49e-19	78.2	36.066	122
Q62577	sp|P10646|TFPI1_HUMAN	2.9e-18	75.1	32.432	148
Q62577	sp|P10646|TFPI1_HUMAN	6.03e-09	47.4	40.385	52
Q62577	sp|P48307|TFPI2_HUMAN	9.2e-15	63.9	36.207	116
Q62577	sp|P48307|TFPI2_HUMAN	9.93e-15	63.9	32.174	115
Q62577	sp|Q06481|APLP2_HUMAN	2.24e-14	65.1	43.939	66
Q62577	sp|Q06481|APLP2_HUMAN	7.58e-10	50.8	28.037	107
Q62577	sp|P49223|SPIT3_HUMAN	1.79e-13	57.0	40.385	52
Q62577	sp|P49223|SPIT3_HUMAN	2.73e-11	50.8	38.889	54
Q62577	sp|O43278|SPIT1_HUMAN	4.82e-13	60.5	42.188	64
Q62577	sp|O43278|SPIT1_HUMAN	3.49e-10	51.6	45.833	48
Q62577	sp|O43278|SPIT1_HUMAN	4.66e-08	45.1	43.182	44
Q62577	sp|O43278|SPIT1_HUMAN	2.29e-07	42.7	42.857	49
Q62577	sp|O43278|SPIT1_HUMAN	1.2	21.6	28.571	35
Q62577	sp|P05067|A4_HUMAN	5.02e-13	60.8	55.556	45
Q62577	sp|P05067|A4_HUMAN	3.72e-10	52.0	34.848	66
Q62577	sp|P12111|CO6A3_HUMAN	1.63e-12	59.7	42.647	68
Q62577	sp|P12111|CO6A3_HUMAN	2.5e-11	55.8	38.095	84
Q62577	sp|P12111|CO6A3_HUMAN	9.2	18.9	34.483	29
Q62577	sp|O95925|EPPI_HUMAN	1.98e-12	55.1	42.105	57
Q62577	sp|O95925|EPPI_HUMAN	5.04e-11	51.2	40.299	67
Q62577	sp|O95428|PPN_HUMAN	1.5e-11	56.2	47.059	51
Q62577	sp|O95428|PPN_HUMAN	6.21e-11	54.3	28.696	115
Q62577	sp|Q6UDR6|SPIT4_HUMAN	2.96e-10	48.1	50.0	44
Q62577	sp|Q6UDR6|SPIT4_HUMAN	0.002	28.5	28.571	70
Q62577	sp|Q02388|CO7A1_HUMAN	1.18e-09	50.4	40.741	54
Q62577	sp|Q02388|CO7A1_HUMAN	1.3e-08	47.4	36.842	57
Q62577	sp|Q2UY09|COSA1_HUMAN	3.26e-09	48.9	45.455	44
Q62577	sp|Q2UY09|COSA1_HUMAN	3.65e-07	42.4	38.095	63
Q62577	sp|Q8IUA0|WFDC8_HUMAN	3.29e-09	47.8	34.328	67
Q62577	sp|Q8IUA0|WFDC8_HUMAN	1.21e-08	45.8	32.759	58
Q62577	sp|Q9BQY6|WFDC6_HUMAN	4.13e-06	37.0	48.718	39
Q62577	sp|Q9BQY6|WFDC6_HUMAN	0.005	28.1	46.154	26
Q62577	sp|Q9BQY6|WFDC6_HUMAN	7.7	18.5	40.0	20
Q63870	sp|Q02388|CO7A1_HUMAN	0.0	3939.0	84.061	2955
Q63870	sp|Q2UY09|COSA1_HUMAN	9.87e-43	162.0	31.25	864
Q63870	sp|Q2UY09|COSA1_HUMAN	1.36e-35	139.0	39.033	579
Q63870	sp|Q2UY09|COSA1_HUMAN	8e-32	127.0	35.893	638
Q63870	sp|Q2UY09|COSA1_HUMAN	1.16e-30	123.0	36.644	584
Q63870	sp|Q2UY09|COSA1_HUMAN	2.65e-30	122.0	36.571	525
Q63870	sp|Q2UY09|COSA1_HUMAN	6.83e-27	110.0	33.278	604
Q63870	sp|Q2UY09|COSA1_HUMAN	1.92e-26	109.0	36.735	588
Q63870	sp|Q2UY09|COSA1_HUMAN	3.16e-26	108.0	37.331	592
Q63870	sp|Q2UY09|COSA1_HUMAN	4.47e-26	108.0	37.429	529
Q63870	sp|Q2UY09|COSA1_HUMAN	6.56e-24	101.0	35.336	566
Q63870	sp|Q2UY09|COSA1_HUMAN	6.21e-23	98.2	34.489	577
Q63870	sp|Q2UY09|COSA1_HUMAN	4.18e-18	82.4	24.155	207
Q63870	sp|Q2UY09|COSA1_HUMAN	1.96e-17	80.1	40.575	313
Q63870	sp|Q2UY09|COSA1_HUMAN	8.24e-09	51.6	33.962	53
Q63870	sp|Q2UY09|COSA1_HUMAN	3.94e-07	46.2	15.385	221
Q63870	sp|Q2UY09|COSA1_HUMAN	0.097	28.5	47.826	46
Q63870	sp|Q2UY09|COSA1_HUMAN	1.5	24.6	39.189	74
Q63870	sp|P12111|CO6A3_HUMAN	4.5e-33	132.0	43.523	386
Q63870	sp|P12111|CO6A3_HUMAN	8.3e-33	131.0	40.152	396
Q63870	sp|P12111|CO6A3_HUMAN	2.21e-31	126.0	38.845	381
Q63870	sp|P12111|CO6A3_HUMAN	1.05e-30	124.0	39.793	387
Q63870	sp|P12111|CO6A3_HUMAN	1.59e-29	120.0	40.0	385
Q63870	sp|P12111|CO6A3_HUMAN	2.33e-29	119.0	40.476	420
Q63870	sp|P12111|CO6A3_HUMAN	3.34e-29	119.0	38.71	372
Q63870	sp|P12111|CO6A3_HUMAN	3.82e-29	119.0	42.553	376
Q63870	sp|P12111|CO6A3_HUMAN	3.85e-29	119.0	36.111	432
Q63870	sp|P12111|CO6A3_HUMAN	5.23e-28	115.0	28.99	307
Q63870	sp|P12111|CO6A3_HUMAN	1.31e-26	110.0	38.936	357
Q63870	sp|P12111|CO6A3_HUMAN	2.65e-26	109.0	40.0	380
Q63870	sp|P12111|CO6A3_HUMAN	9.66e-26	107.0	40.678	354
Q63870	sp|P12111|CO6A3_HUMAN	1.24e-25	107.0	39.837	369
Q63870	sp|P12111|CO6A3_HUMAN	1.42e-25	107.0	36.082	194
Q63870	sp|P12111|CO6A3_HUMAN	5.58e-25	105.0	40.374	374
Q63870	sp|P12111|CO6A3_HUMAN	6.94e-25	105.0	38.624	378
Q63870	sp|P12111|CO6A3_HUMAN	1.26e-24	103.0	39.13	345
Q63870	sp|P12111|CO6A3_HUMAN	6.88e-23	98.6	37.845	399
Q63870	sp|P12111|CO6A3_HUMAN	1.1e-22	97.8	37.576	165
Q63870	sp|P12111|CO6A3_HUMAN	5.92e-21	92.0	35.135	222
Q63870	sp|P12111|CO6A3_HUMAN	2.28e-20	90.1	33.951	162
Q63870	sp|P12111|CO6A3_HUMAN	1.57e-18	84.0	34.392	189
Q63870	sp|P12111|CO6A3_HUMAN	2.55e-18	83.2	31.169	231
Q63870	sp|P12111|CO6A3_HUMAN	4.94e-18	82.4	40.8	250
Q63870	sp|P12111|CO6A3_HUMAN	9.95e-17	78.2	48.276	58
Q63870	sp|P12111|CO6A3_HUMAN	1.66e-16	77.4	36.066	183
Q63870	sp|P12111|CO6A3_HUMAN	3.15e-15	73.2	32.484	157
Q63870	sp|P12111|CO6A3_HUMAN	1.41e-08	51.2	44.366	142
Q63870	sp|P12111|CO6A3_HUMAN	4.82e-06	42.7	23.626	182
Q63870	sp|P12111|CO6A3_HUMAN	4.86e-06	42.7	27.869	122
Q63870	sp|P12111|CO6A3_HUMAN	9.2e-06	42.0	28.333	120
Q63870	sp|P12111|CO6A3_HUMAN	5.04e-05	39.3	40.426	94
Q63870	sp|P12111|CO6A3_HUMAN	5.49e-05	39.3	27.778	126
Q63870	sp|P12111|CO6A3_HUMAN	0.00064	35.8	27.119	118
Q63870	sp|P12111|CO6A3_HUMAN	0.002	33.9	33.333	60
Q63870	sp|P12111|CO6A3_HUMAN	0.003	33.5	21.711	152
Q63870	sp|P12111|CO6A3_HUMAN	0.34	26.6	25.146	171
Q63870	sp|P12111|CO6A3_HUMAN	2.9	23.5	36.364	33
Q63870	sp|P49223|SPIT3_HUMAN	4.34e-14	61.6	41.818	55
Q63870	sp|Q8TEU8|WFKN2_HUMAN	7.36e-13	64.7	53.448	58
Q63870	sp|Q8TEU8|WFKN2_HUMAN	0.003	33.5	35.849	53
Q63870	sp|P48307|TFPI2_HUMAN	3.23e-12	60.1	48.214	56
Q63870	sp|P48307|TFPI2_HUMAN	7.89e-09	49.7	46.0	50
Q63870	sp|P48307|TFPI2_HUMAN	0.27	26.6	37.143	35
Q63870	sp|P10646|TFPI1_HUMAN	5.47e-11	57.4	43.86	57
Q63870	sp|P10646|TFPI1_HUMAN	2.46e-08	48.9	37.037	54
Q63870	sp|P10646|TFPI1_HUMAN	4.82e-08	48.1	36.111	72
Q63870	sp|O95925|EPPI_HUMAN	7.8e-11	53.5	40.0	55
Q63870	sp|Q96NZ8|WFKN1_HUMAN	8.3e-11	57.8	50.0	56
Q63870	sp|Q96NZ8|WFKN1_HUMAN	0.3	26.6	36.585	41
Q63870	sp|O43291|SPIT2_HUMAN	9.45e-10	52.8	40.0	55
Q63870	sp|O43291|SPIT2_HUMAN	7.37e-08	47.0	32.911	79
Q63870	sp|O95428|PPN_HUMAN	5.64e-09	52.4	45.283	53
Q63870	sp|P05067|A4_HUMAN	9.78e-09	51.2	47.917	48
Q63870	sp|P05067|A4_HUMAN	9.0	21.9	66.667	12
Q63870	sp|Q06481|APLP2_HUMAN	1.75e-08	50.4	35.106	94
Q63870	sp|Q06481|APLP2_HUMAN	3.6	23.1	34.286	35
Q63870	sp|Q8IUA0|WFDC8_HUMAN	2.35e-07	45.4	39.623	53
Q63870	sp|P02760|AMBP_HUMAN	3.56e-07	45.4	41.509	53
Q63870	sp|P02760|AMBP_HUMAN	2.96e-06	42.7	36.207	58
Q63870	sp|Q6UDR6|SPIT4_HUMAN	8.12e-06	38.1	31.746	63
Q63870	sp|O43278|SPIT1_HUMAN	5.5e-05	38.9	39.583	48
Q63870	sp|O43278|SPIT1_HUMAN	0.000129	37.7	44.737	38
Q63870	sp|O43278|SPIT1_HUMAN	2.7	23.5	27.381	84
Q63870	sp|Q9BQY6|WFDC6_HUMAN	0.038	28.5	46.154	26
Q64240	sp|P02760|AMBP_HUMAN	0.0	547.0	76.577	333
Q64240	sp|Q8TEU8|WFKN2_HUMAN	5.4e-26	99.8	35.417	144
Q64240	sp|O43291|SPIT2_HUMAN	4e-21	82.8	30.201	149
Q64240	sp|O43291|SPIT2_HUMAN	6.47e-10	50.1	31.081	74
Q64240	sp|Q96NZ8|WFKN1_HUMAN	1.97e-20	83.2	40.625	96
Q64240	sp|Q96NZ8|WFKN1_HUMAN	4.71e-11	54.3	41.429	70
Q64240	sp|Q96NZ8|WFKN1_HUMAN	1.13e-05	37.4	35.593	59
Q64240	sp|P10646|TFPI1_HUMAN	2.2e-18	75.5	32.051	156
Q64240	sp|P10646|TFPI1_HUMAN	9.34e-18	73.9	32.308	130
Q64240	sp|P10646|TFPI1_HUMAN	1.9e-09	48.9	44.444	45
Q64240	sp|P48307|TFPI2_HUMAN	5.01e-15	64.7	33.913	115
Q64240	sp|P48307|TFPI2_HUMAN	6.54e-14	61.6	35.78	109
Q64240	sp|Q06481|APLP2_HUMAN	1.19e-14	65.9	46.154	65
Q64240	sp|Q06481|APLP2_HUMAN	2.68e-10	52.4	32.5	80
Q64240	sp|P05067|A4_HUMAN	9.86e-13	60.1	53.333	45
Q64240	sp|P05067|A4_HUMAN	2.31e-09	49.3	33.333	66
Q64240	sp|O95925|EPPI_HUMAN	1.65e-12	55.5	42.105	57
Q64240	sp|O95925|EPPI_HUMAN	5.67e-11	51.2	37.313	67
Q64240	sp|O43278|SPIT1_HUMAN	1.99e-12	58.5	28.767	146
Q64240	sp|O43278|SPIT1_HUMAN	3.89e-10	51.6	47.917	48
Q64240	sp|O43278|SPIT1_HUMAN	1.52e-06	40.4	38.636	44
Q64240	sp|O43278|SPIT1_HUMAN	2.2	20.8	38.889	18
Q64240	sp|P49223|SPIT3_HUMAN	2.56e-12	53.5	38.462	52
Q64240	sp|P49223|SPIT3_HUMAN	7.74e-10	46.6	35.185	54
Q64240	sp|P12111|CO6A3_HUMAN	5.14e-12	58.2	39.286	84
Q64240	sp|P12111|CO6A3_HUMAN	5.28e-12	57.8	49.02	51
Q64240	sp|P12111|CO6A3_HUMAN	4.8	19.6	32.5	40
Q64240	sp|O95428|PPN_HUMAN	2.09e-11	55.8	49.02	51
Q64240	sp|O95428|PPN_HUMAN	2.14e-10	52.8	42.308	52
Q64240	sp|Q6UDR6|SPIT4_HUMAN	1.13e-10	49.3	47.059	51
Q64240	sp|Q6UDR6|SPIT4_HUMAN	0.001	29.3	27.451	51
Q64240	sp|Q8IUA0|WFDC8_HUMAN	4.74e-10	50.1	37.313	67
Q64240	sp|Q8IUA0|WFDC8_HUMAN	1.09e-07	43.1	34.247	73
Q64240	sp|Q02388|CO7A1_HUMAN	1.62e-09	50.1	38.889	54
Q64240	sp|Q02388|CO7A1_HUMAN	3.4e-09	48.9	36.842	57
Q64240	sp|Q2UY09|COSA1_HUMAN	1.88e-09	49.7	43.182	44
Q64240	sp|Q2UY09|COSA1_HUMAN	6.33e-08	45.1	43.182	44
Q64240	sp|Q9BQY6|WFDC6_HUMAN	1.49e-05	35.4	43.59	39
Q64240	sp|Q9BQY6|WFDC6_HUMAN	0.000173	32.3	31.507	73
Q64240	sp|Q9BQY6|WFDC6_HUMAN	7.8	18.5	40.0	20
Q7TQN3	sp|Q8TEU8|WFKN2_HUMAN	0.0	1080.0	91.493	576
Q7TQN3	sp|Q96NZ8|WFKN1_HUMAN	0.0	578.0	55.292	548
Q7TQN3	sp|P02760|AMBP_HUMAN	4.74e-23	91.7	34.247	146
Q7TQN3	sp|O43291|SPIT2_HUMAN	1.66e-18	76.6	26.636	214
Q7TQN3	sp|O43291|SPIT2_HUMAN	9.43e-07	41.2	27.957	93
Q7TQN3	sp|P49223|SPIT3_HUMAN	9.74e-18	69.7	50.0	54
Q7TQN3	sp|P49223|SPIT3_HUMAN	1.79e-05	35.0	33.333	51
Q7TQN3	sp|P10646|TFPI1_HUMAN	5.52e-17	72.8	33.607	122
Q7TQN3	sp|P10646|TFPI1_HUMAN	6.55e-16	69.7	30.769	143
Q7TQN3	sp|P10646|TFPI1_HUMAN	3.24e-13	61.6	37.975	79
Q7TQN3	sp|P10646|TFPI1_HUMAN	1.11e-05	38.1	28.125	64
Q7TQN3	sp|O95925|EPPI_HUMAN	4.03e-15	63.5	39.706	68
Q7TQN3	sp|O95925|EPPI_HUMAN	7.08e-05	34.3	28.302	53
Q7TQN3	sp|O95925|EPPI_HUMAN	0.5	22.7	34.091	44
Q7TQN3	sp|Q06481|APLP2_HUMAN	5.95e-15	68.6	37.778	90
Q7TQN3	sp|Q06481|APLP2_HUMAN	2.36e-06	40.8	41.667	36
Q7TQN3	sp|P48307|TFPI2_HUMAN	5.99e-14	62.8	51.923	52
Q7TQN3	sp|P48307|TFPI2_HUMAN	2.09e-13	61.2	34.653	101
Q7TQN3	sp|P48307|TFPI2_HUMAN	5.43e-11	53.9	28.906	128
Q7TQN3	sp|P48307|TFPI2_HUMAN	0.000134	34.3	34.043	47
Q7TQN3	sp|Q02388|CO7A1_HUMAN	1.04e-12	61.6	54.545	55
Q7TQN3	sp|Q02388|CO7A1_HUMAN	0.000178	35.0	35.185	54
Q7TQN3	sp|Q02388|CO7A1_HUMAN	0.074	26.6	36.842	38
Q7TQN3	sp|Q02388|CO7A1_HUMAN	6.8	20.0	27.778	36
Q7TQN3	sp|Q02388|CO7A1_HUMAN	7.8	19.6	63.636	11
Q7TQN3	sp|P12111|CO6A3_HUMAN	1.35e-12	61.2	43.333	60
Q7TQN3	sp|P12111|CO6A3_HUMAN	3.23e-06	40.4	28.947	76
Q7TQN3	sp|O95428|PPN_HUMAN	2.07e-11	57.4	30.303	132
Q7TQN3	sp|O95428|PPN_HUMAN	4.24e-08	46.6	36.207	58
Q7TQN3	sp|O95428|PPN_HUMAN	0.000126	35.4	27.0	100
Q7TQN3	sp|O95428|PPN_HUMAN	0.002	31.6	23.729	118
Q7TQN3	sp|O95428|PPN_HUMAN	0.037	27.3	22.481	129
Q7TQN3	sp|O43278|SPIT1_HUMAN	7.37e-11	55.1	54.545	44
Q7TQN3	sp|O43278|SPIT1_HUMAN	2.21e-09	50.4	47.727	44
Q7TQN3	sp|O43278|SPIT1_HUMAN	4.51e-06	39.7	29.213	89
Q7TQN3	sp|Q8IUA0|WFDC8_HUMAN	1.2e-10	53.1	37.879	66
Q7TQN3	sp|Q8IUA0|WFDC8_HUMAN	1.93e-07	43.1	38.462	52
Q7TQN3	sp|Q8IUA0|WFDC8_HUMAN	0.28	24.3	37.5	40
Q7TQN3	sp|Q8IUA0|WFDC8_HUMAN	0.64	23.1	35.897	39
Q7TQN3	sp|P05067|A4_HUMAN	1.72e-10	54.3	46.809	47
Q7TQN3	sp|P05067|A4_HUMAN	4.51e-07	43.1	24.8	125
Q7TQN3	sp|Q2UY09|COSA1_HUMAN	1.13e-08	48.5	46.0	50
Q7TQN3	sp|Q2UY09|COSA1_HUMAN	1.13e-08	48.5	38.182	55
Q7TQN3	sp|Q2UY09|COSA1_HUMAN	0.29	24.3	33.333	45
Q7TQN3	sp|Q2UY09|COSA1_HUMAN	2.3	21.6	24.762	105
Q7TQN3	sp|Q6UDR6|SPIT4_HUMAN	3.45e-07	40.0	37.255	51
Q7TQN3	sp|Q6UDR6|SPIT4_HUMAN	0.000277	32.0	31.818	44
Q7TQN3	sp|Q9BQY6|WFDC6_HUMAN	1.04e-05	36.6	41.935	31
Q7TQN3	sp|Q9BQY6|WFDC6_HUMAN	0.2	23.9	34.615	26
Q7TQN3	sp|Q9BQY6|WFDC6_HUMAN	6.8	19.2	28.571	35
Q868Z9	sp|O95428|PPN_HUMAN	2.83e-107	367.0	40.845	497
Q868Z9	sp|O95428|PPN_HUMAN	2.51e-29	119.0	36.735	196
Q868Z9	sp|O95428|PPN_HUMAN	4.96e-24	101.0	23.153	406
Q868Z9	sp|O95428|PPN_HUMAN	5.98e-22	95.1	31.174	247
Q868Z9	sp|O95428|PPN_HUMAN	1.15e-17	80.9	29.469	207
Q868Z9	sp|O95428|PPN_HUMAN	6.73e-14	68.6	34.167	120
Q868Z9	sp|O95428|PPN_HUMAN	1.91e-13	67.0	35.398	113
Q868Z9	sp|O95428|PPN_HUMAN	2.72e-13	66.6	35.862	145
Q868Z9	sp|O95428|PPN_HUMAN	1.01e-12	64.7	31.852	135
Q868Z9	sp|O95428|PPN_HUMAN	1.4e-11	60.8	43.636	55
Q868Z9	sp|O95428|PPN_HUMAN	8.51e-11	58.2	41.509	53
Q868Z9	sp|O95428|PPN_HUMAN	1.91e-10	57.0	34.286	70
Q868Z9	sp|O95428|PPN_HUMAN	2.46e-10	56.6	40.351	57
Q868Z9	sp|O95428|PPN_HUMAN	3.61e-09	52.8	41.304	46
Q868Z9	sp|O95428|PPN_HUMAN	4.24e-09	52.8	42.308	52
Q868Z9	sp|O95428|PPN_HUMAN	3.09e-08	49.7	40.299	67
Q868Z9	sp|O95428|PPN_HUMAN	4.12e-08	49.3	28.095	210
Q868Z9	sp|O95428|PPN_HUMAN	8.93e-08	48.1	37.879	66
Q868Z9	sp|O95428|PPN_HUMAN	1.75e-05	40.8	31.081	74
Q868Z9	sp|O95428|PPN_HUMAN	0.015	31.2	40.0	35
Q868Z9	sp|O95428|PPN_HUMAN	0.037	29.6	36.207	58
Q868Z9	sp|O95428|PPN_HUMAN	0.65	25.8	24.603	126
Q868Z9	sp|O95428|PPN_HUMAN	0.74	25.4	50.0	22
Q868Z9	sp|O95428|PPN_HUMAN	6.4	22.3	25.926	81
Q868Z9	sp|P10646|TFPI1_HUMAN	4.78e-33	122.0	29.915	234
Q868Z9	sp|P10646|TFPI1_HUMAN	9.21e-33	122.0	33.186	226
Q868Z9	sp|P10646|TFPI1_HUMAN	1.38e-30	115.0	28.333	240
Q868Z9	sp|P10646|TFPI1_HUMAN	1.32e-29	112.0	30.045	223
Q868Z9	sp|P10646|TFPI1_HUMAN	3.08e-27	105.0	30.0	230
Q868Z9	sp|P10646|TFPI1_HUMAN	3.69e-27	105.0	29.224	219
Q868Z9	sp|P10646|TFPI1_HUMAN	1.57e-26	103.0	30.0	230
Q868Z9	sp|P10646|TFPI1_HUMAN	1.49e-25	100.0	27.35	234
Q868Z9	sp|P10646|TFPI1_HUMAN	7.81e-25	99.0	29.167	216
Q868Z9	sp|P10646|TFPI1_HUMAN	2.73e-23	94.4	27.679	224
Q868Z9	sp|P10646|TFPI1_HUMAN	2.27e-21	88.6	35.772	123
Q868Z9	sp|P10646|TFPI1_HUMAN	0.011	31.2	23.214	168
Q868Z9	sp|P48307|TFPI2_HUMAN	5.45e-29	108.0	35.838	173
Q868Z9	sp|P48307|TFPI2_HUMAN	2.27e-27	104.0	35.556	180
Q868Z9	sp|P48307|TFPI2_HUMAN	1.84e-25	99.0	31.892	185
Q868Z9	sp|P48307|TFPI2_HUMAN	2.06e-24	95.9	33.161	193
Q868Z9	sp|P48307|TFPI2_HUMAN	4.01e-24	95.1	30.093	216
Q868Z9	sp|P48307|TFPI2_HUMAN	2.16e-20	84.0	33.333	174
Q868Z9	sp|P48307|TFPI2_HUMAN	3.42e-12	60.1	27.344	128
Q868Z9	sp|P48307|TFPI2_HUMAN	1.14e-11	58.5	44.776	67
Q868Z9	sp|P48307|TFPI2_HUMAN	0.001	33.5	25.676	222
Q868Z9	sp|P02760|AMBP_HUMAN	3.85e-23	94.7	40.741	108
Q868Z9	sp|P02760|AMBP_HUMAN	3.9e-22	91.7	38.596	114
Q868Z9	sp|P02760|AMBP_HUMAN	2.1e-21	89.7	36.029	136
Q868Z9	sp|P02760|AMBP_HUMAN	1.96e-20	86.7	40.385	104
Q868Z9	sp|P02760|AMBP_HUMAN	7.89e-20	84.7	36.607	112
Q868Z9	sp|P02760|AMBP_HUMAN	3.81e-18	79.7	38.017	121
Q868Z9	sp|P02760|AMBP_HUMAN	4.29e-18	79.7	31.746	126
Q868Z9	sp|P02760|AMBP_HUMAN	6.06e-18	79.3	33.858	127
Q868Z9	sp|P02760|AMBP_HUMAN	8.97e-18	78.6	32.353	136
Q868Z9	sp|P02760|AMBP_HUMAN	4.91e-16	73.2	35.398	113
Q868Z9	sp|P02760|AMBP_HUMAN	8.01e-10	53.9	35.484	93
Q868Z9	sp|P02760|AMBP_HUMAN	2.7	23.5	62.5	16
Q868Z9	sp|O43291|SPIT2_HUMAN	4.69e-23	92.4	32.278	158
Q868Z9	sp|O43291|SPIT2_HUMAN	1.43e-20	85.1	32.192	146
Q868Z9	sp|O43291|SPIT2_HUMAN	1.3e-18	79.3	29.032	155
Q868Z9	sp|O43291|SPIT2_HUMAN	1.29e-17	76.3	31.169	154
Q868Z9	sp|O43291|SPIT2_HUMAN	5.88e-17	74.3	31.544	149
Q868Z9	sp|O43291|SPIT2_HUMAN	1.34e-16	73.2	27.976	168
Q868Z9	sp|O43291|SPIT2_HUMAN	1.89e-15	70.1	28.758	153
Q868Z9	sp|O43291|SPIT2_HUMAN	2.88e-13	63.5	27.703	148
Q868Z9	sp|O43291|SPIT2_HUMAN	8.19e-12	58.9	22.581	155
Q868Z9	sp|O43291|SPIT2_HUMAN	1.92e-08	48.9	37.097	62
Q868Z9	sp|Q8TEU8|WFKN2_HUMAN	1.19e-19	86.3	36.508	126
Q868Z9	sp|Q8TEU8|WFKN2_HUMAN	1.84e-18	82.4	35.385	130
Q868Z9	sp|Q8TEU8|WFKN2_HUMAN	8.52e-18	80.5	32.168	143
Q868Z9	sp|Q8TEU8|WFKN2_HUMAN	1.13e-17	80.1	36.364	110
Q868Z9	sp|Q8TEU8|WFKN2_HUMAN	2.61e-17	79.0	36.607	112
Q868Z9	sp|Q8TEU8|WFKN2_HUMAN	1.5e-16	76.3	34.454	119
Q868Z9	sp|Q8TEU8|WFKN2_HUMAN	1.99e-16	75.9	30.645	124
Q868Z9	sp|Q8TEU8|WFKN2_HUMAN	3.57e-16	75.1	31.579	114
Q868Z9	sp|Q8TEU8|WFKN2_HUMAN	1.55e-15	73.2	32.52	123
Q868Z9	sp|Q8TEU8|WFKN2_HUMAN	2.17e-11	59.7	25.41	122
Q868Z9	sp|Q8TEU8|WFKN2_HUMAN	2.82e-10	56.2	39.062	64
Q868Z9	sp|Q8TEU8|WFKN2_HUMAN	5.45e-07	45.4	40.0	40
Q868Z9	sp|Q8TEU8|WFKN2_HUMAN	4.81e-06	42.4	28.455	123
Q868Z9	sp|Q8TEU8|WFKN2_HUMAN	2.57e-05	40.0	28.431	102
Q868Z9	sp|Q8TEU8|WFKN2_HUMAN	0.008	32.0	25.843	89
Q868Z9	sp|Q96NZ8|WFKN1_HUMAN	6.17e-19	84.0	34.127	126
Q868Z9	sp|Q96NZ8|WFKN1_HUMAN	7.35e-18	80.5	40.187	107
Q868Z9	sp|Q96NZ8|WFKN1_HUMAN	3.83e-17	78.2	35.135	111
Q868Z9	sp|Q96NZ8|WFKN1_HUMAN	1.44e-16	76.3	36.792	106
Q868Z9	sp|Q96NZ8|WFKN1_HUMAN	3.15e-16	75.5	37.288	118
Q868Z9	sp|Q96NZ8|WFKN1_HUMAN	5.4e-15	71.2	32.667	150
Q868Z9	sp|Q96NZ8|WFKN1_HUMAN	7.68e-15	70.9	36.082	97
Q868Z9	sp|Q96NZ8|WFKN1_HUMAN	9.61e-14	67.4	33.628	113
Q868Z9	sp|Q96NZ8|WFKN1_HUMAN	1.16e-13	67.0	30.37	135
Q868Z9	sp|Q96NZ8|WFKN1_HUMAN	5.44e-13	64.7	29.448	163
Q868Z9	sp|Q96NZ8|WFKN1_HUMAN	2.43e-08	49.7	32.941	85
Q868Z9	sp|Q96NZ8|WFKN1_HUMAN	1.6e-06	43.9	41.304	46
Q868Z9	sp|Q96NZ8|WFKN1_HUMAN	3.43e-05	39.7	26.056	142
Q868Z9	sp|Q96NZ8|WFKN1_HUMAN	0.000109	37.7	26.667	255
Q868Z9	sp|O43278|SPIT1_HUMAN	8.52e-19	83.6	31.414	191
Q868Z9	sp|O43278|SPIT1_HUMAN	5.34e-16	74.3	29.327	208
Q868Z9	sp|O43278|SPIT1_HUMAN	1.59e-13	66.6	28.5	200
Q868Z9	sp|O43278|SPIT1_HUMAN	5.49e-11	58.2	31.507	146
Q868Z9	sp|O43278|SPIT1_HUMAN	5.73e-11	58.2	27.488	211
Q868Z9	sp|O43278|SPIT1_HUMAN	2.48e-10	56.2	25.359	209
Q868Z9	sp|O43278|SPIT1_HUMAN	1.3	24.6	32.075	53
Q868Z9	sp|O95925|EPPI_HUMAN	2.22e-15	66.6	43.548	62
Q868Z9	sp|O95925|EPPI_HUMAN	1.63e-12	58.5	44.643	56
Q868Z9	sp|O95925|EPPI_HUMAN	2.56e-12	57.8	43.396	53
Q868Z9	sp|O95925|EPPI_HUMAN	1.17e-11	55.8	41.429	70
Q868Z9	sp|O95925|EPPI_HUMAN	1.74e-10	52.8	35.065	77
Q868Z9	sp|O95925|EPPI_HUMAN	7.27e-10	50.8	36.066	61
Q868Z9	sp|O95925|EPPI_HUMAN	1.76e-09	49.7	38.095	63
Q868Z9	sp|O95925|EPPI_HUMAN	4.53e-09	48.5	34.286	70
Q868Z9	sp|O95925|EPPI_HUMAN	5.88e-09	48.1	38.462	52
Q868Z9	sp|O95925|EPPI_HUMAN	1.6e-08	47.0	38.462	52
Q868Z9	sp|O95925|EPPI_HUMAN	2.64e-08	46.2	35.714	56
Q868Z9	sp|O95925|EPPI_HUMAN	2.62e-07	43.5	30.303	66
Q868Z9	sp|O95925|EPPI_HUMAN	0.029	28.9	26.562	64
Q868Z9	sp|P12111|CO6A3_HUMAN	5.34e-15	72.4	49.123	57
Q868Z9	sp|P12111|CO6A3_HUMAN	1.61e-13	67.4	45.283	53
Q868Z9	sp|P12111|CO6A3_HUMAN	6.57e-11	58.9	42.308	52
Q868Z9	sp|P12111|CO6A3_HUMAN	1.05e-10	58.2	42.373	59
Q868Z9	sp|P12111|CO6A3_HUMAN	1.3e-10	57.8	40.625	64
Q868Z9	sp|P12111|CO6A3_HUMAN	7.74e-10	55.5	37.736	53
Q868Z9	sp|P12111|CO6A3_HUMAN	1.84e-09	53.9	39.344	61
Q868Z9	sp|P12111|CO6A3_HUMAN	3.92e-08	49.7	39.623	53
Q868Z9	sp|P12111|CO6A3_HUMAN	6.26e-08	48.9	24.49	98
Q868Z9	sp|P12111|CO6A3_HUMAN	7.99e-08	48.5	37.097	62
Q868Z9	sp|P12111|CO6A3_HUMAN	1.06e-07	48.1	40.385	52
Q868Z9	sp|P12111|CO6A3_HUMAN	2.1e-07	47.4	35.211	71
Q868Z9	sp|Q06481|APLP2_HUMAN	3.22e-13	65.9	43.548	62
Q868Z9	sp|Q06481|APLP2_HUMAN	8.33e-11	58.2	34.343	99
Q868Z9	sp|Q06481|APLP2_HUMAN	1.7e-10	57.0	33.696	92
Q868Z9	sp|Q06481|APLP2_HUMAN	3.4e-10	56.2	40.351	57
Q868Z9	sp|Q06481|APLP2_HUMAN	3.73e-10	55.8	43.86	57
Q868Z9	sp|Q06481|APLP2_HUMAN	4.24e-10	55.8	42.308	52
Q868Z9	sp|Q06481|APLP2_HUMAN	9.09e-10	54.7	32.653	98
Q868Z9	sp|Q06481|APLP2_HUMAN	1.15e-09	54.3	43.103	58
Q868Z9	sp|Q06481|APLP2_HUMAN	2.05e-08	50.1	33.333	69
Q868Z9	sp|Q06481|APLP2_HUMAN	2.05e-08	50.1	29.545	88
Q868Z9	sp|Q06481|APLP2_HUMAN	6.72e-08	48.5	37.931	58
Q868Z9	sp|Q06481|APLP2_HUMAN	5.8	22.7	34.483	29
Q868Z9	sp|Q2UY09|COSA1_HUMAN	1.84e-12	63.5	35.211	71
Q868Z9	sp|Q2UY09|COSA1_HUMAN	5.42e-12	62.0	52.273	44
Q868Z9	sp|Q2UY09|COSA1_HUMAN	5.94e-10	55.5	40.385	52
Q868Z9	sp|Q2UY09|COSA1_HUMAN	5.4e-09	52.4	45.455	44
Q868Z9	sp|Q2UY09|COSA1_HUMAN	7.25e-08	48.5	34.615	52
Q868Z9	sp|Q2UY09|COSA1_HUMAN	9.65e-08	48.1	41.176	51
Q868Z9	sp|Q2UY09|COSA1_HUMAN	1.09e-07	48.1	35.294	51
Q868Z9	sp|Q2UY09|COSA1_HUMAN	2.13e-07	47.0	35.185	54
Q868Z9	sp|Q2UY09|COSA1_HUMAN	5.86e-07	45.4	41.176	51
Q868Z9	sp|Q2UY09|COSA1_HUMAN	1.15e-06	44.7	34.545	55
Q868Z9	sp|Q2UY09|COSA1_HUMAN	5.07e-06	42.4	30.769	52
Q868Z9	sp|Q2UY09|COSA1_HUMAN	7.41e-06	42.0	35.185	54
Q868Z9	sp|Q2UY09|COSA1_HUMAN	1.6	24.3	24.064	187
Q868Z9	sp|P49223|SPIT3_HUMAN	2.4e-12	56.6	45.283	53
Q868Z9	sp|P49223|SPIT3_HUMAN	3.76e-12	55.8	37.931	58
Q868Z9	sp|P49223|SPIT3_HUMAN	1.5e-11	54.3	41.509	53
Q868Z9	sp|P49223|SPIT3_HUMAN	1.58e-11	54.3	38.095	63
Q868Z9	sp|P49223|SPIT3_HUMAN	1.59e-11	54.3	45.098	51
Q868Z9	sp|P49223|SPIT3_HUMAN	2.18e-11	53.9	39.344	61
Q868Z9	sp|P49223|SPIT3_HUMAN	4.06e-11	53.1	42.308	52
Q868Z9	sp|P49223|SPIT3_HUMAN	5.09e-11	52.8	41.071	56
Q868Z9	sp|P49223|SPIT3_HUMAN	3.32e-10	50.4	39.623	53
Q868Z9	sp|P49223|SPIT3_HUMAN	5.62e-10	49.7	32.258	62
Q868Z9	sp|P49223|SPIT3_HUMAN	3.17e-09	47.8	37.736	53
Q868Z9	sp|P49223|SPIT3_HUMAN	5.26e-09	47.0	37.5	56
Q868Z9	sp|P05067|A4_HUMAN	1.33e-11	60.8	51.064	47
Q868Z9	sp|P05067|A4_HUMAN	7.75e-11	58.2	38.462	65
Q868Z9	sp|P05067|A4_HUMAN	1.39e-10	57.4	38.333	60
Q868Z9	sp|P05067|A4_HUMAN	2.58e-10	56.6	50.0	46
Q868Z9	sp|P05067|A4_HUMAN	4.63e-10	55.5	51.064	47
Q868Z9	sp|P05067|A4_HUMAN	5.54e-10	55.5	43.636	55
Q868Z9	sp|P05067|A4_HUMAN	4.09e-09	52.4	47.826	46
Q868Z9	sp|P05067|A4_HUMAN	4.72e-09	52.4	38.235	68
Q868Z9	sp|P05067|A4_HUMAN	8.99e-08	48.1	45.455	44
Q868Z9	sp|P05067|A4_HUMAN	2.75e-07	46.6	50.0	36
Q868Z9	sp|P05067|A4_HUMAN	7.46e-07	45.1	40.426	47
Q868Z9	sp|P05067|A4_HUMAN	9.54e-07	44.7	42.222	45
Q868Z9	sp|P05067|A4_HUMAN	9.3	21.9	35.0	20
Q868Z9	sp|Q02388|CO7A1_HUMAN	7.66e-11	58.5	46.429	56
Q868Z9	sp|Q02388|CO7A1_HUMAN	1.46e-10	57.8	44.828	58
Q868Z9	sp|Q02388|CO7A1_HUMAN	8.16e-10	55.1	41.935	62
Q868Z9	sp|Q02388|CO7A1_HUMAN	2.66e-09	53.5	40.741	54
Q868Z9	sp|Q02388|CO7A1_HUMAN	5.95e-09	52.4	44.444	54
Q868Z9	sp|Q02388|CO7A1_HUMAN	1.96e-08	50.4	44.681	47
Q868Z9	sp|Q02388|CO7A1_HUMAN	2.98e-08	50.1	40.741	54
Q868Z9	sp|Q02388|CO7A1_HUMAN	2.64e-07	47.0	38.333	60
Q868Z9	sp|Q02388|CO7A1_HUMAN	2.73e-07	47.0	37.5	64
Q868Z9	sp|Q02388|CO7A1_HUMAN	4.36e-07	46.2	38.889	54
Q868Z9	sp|Q02388|CO7A1_HUMAN	1.33e-06	44.7	40.741	54
Q868Z9	sp|Q02388|CO7A1_HUMAN	3.43e-06	43.1	33.784	74
Q868Z9	sp|Q8IUA0|WFDC8_HUMAN	9.46e-11	55.8	36.364	77
Q868Z9	sp|Q8IUA0|WFDC8_HUMAN	4.16e-10	53.9	39.062	64
Q868Z9	sp|Q8IUA0|WFDC8_HUMAN	1.44e-09	52.0	38.961	77
Q868Z9	sp|Q8IUA0|WFDC8_HUMAN	4.59e-09	50.4	38.889	72
Q868Z9	sp|Q8IUA0|WFDC8_HUMAN	2.23e-08	48.5	35.821	67
Q868Z9	sp|Q8IUA0|WFDC8_HUMAN	3.01e-08	48.1	33.766	77
Q868Z9	sp|Q8IUA0|WFDC8_HUMAN	7e-08	47.0	39.216	51
Q868Z9	sp|Q8IUA0|WFDC8_HUMAN	5.08e-07	44.3	31.944	72
Q868Z9	sp|Q8IUA0|WFDC8_HUMAN	8.73e-07	43.5	35.294	51
Q868Z9	sp|Q8IUA0|WFDC8_HUMAN	1.03e-06	43.5	33.333	60
Q868Z9	sp|Q8IUA0|WFDC8_HUMAN	7.75e-06	40.8	33.962	53
Q868Z9	sp|Q8IUA0|WFDC8_HUMAN	2.76e-05	38.9	40.0	45
Q868Z9	sp|Q8IUA0|WFDC8_HUMAN	0.14	27.3	35.556	45
Q868Z9	sp|Q6UDR6|SPIT4_HUMAN	3.51e-10	50.8	33.333	69
Q868Z9	sp|Q6UDR6|SPIT4_HUMAN	6.91e-09	47.0	44.681	47
Q868Z9	sp|Q6UDR6|SPIT4_HUMAN	1.51e-08	46.2	39.216	51
Q868Z9	sp|Q6UDR6|SPIT4_HUMAN	6.31e-08	44.3	37.5	48
Q868Z9	sp|Q6UDR6|SPIT4_HUMAN	2.28e-06	39.7	33.333	75
Q868Z9	sp|Q6UDR6|SPIT4_HUMAN	5.91e-06	38.5	33.333	51
Q868Z9	sp|Q6UDR6|SPIT4_HUMAN	9.62e-06	38.1	27.419	62
Q868Z9	sp|Q6UDR6|SPIT4_HUMAN	1.6e-05	37.4	29.825	57
Q868Z9	sp|Q6UDR6|SPIT4_HUMAN	0.000198	34.3	31.707	41
Q868Z9	sp|Q6UDR6|SPIT4_HUMAN	0.000253	33.9	31.818	44
Q868Z9	sp|Q6UDR6|SPIT4_HUMAN	0.000631	32.7	27.869	61
Q868Z9	sp|Q6UDR6|SPIT4_HUMAN	0.001	32.0	23.333	60
Q868Z9	sp|Q9BQY6|WFDC6_HUMAN	5.66e-05	36.6	51.724	29
Q868Z9	sp|Q9BQY6|WFDC6_HUMAN	6.23e-05	36.6	46.875	32
Q868Z9	sp|Q9BQY6|WFDC6_HUMAN	0.000531	33.9	43.75	32
Q868Z9	sp|Q9BQY6|WFDC6_HUMAN	0.004	31.2	48.148	27
Q868Z9	sp|Q9BQY6|WFDC6_HUMAN	0.006	30.8	50.0	26
Q868Z9	sp|Q9BQY6|WFDC6_HUMAN	0.009	30.0	44.444	27
Q868Z9	sp|Q9BQY6|WFDC6_HUMAN	0.013	29.6	41.935	31
Q868Z9	sp|Q9BQY6|WFDC6_HUMAN	0.019	29.3	46.154	26
Q868Z9	sp|Q9BQY6|WFDC6_HUMAN	0.021	29.3	50.0	26
Q868Z9	sp|Q9BQY6|WFDC6_HUMAN	0.12	26.9	37.931	29
Q868Z9	sp|Q9BQY6|WFDC6_HUMAN	0.21	26.2	43.333	30
Q868Z9	sp|Q9BQY6|WFDC6_HUMAN	0.92	24.3	34.483	29
Q95241	sp|P05067|A4_HUMAN	0.0	1548.0	96.883	770
Q95241	sp|Q06481|APLP2_HUMAN	0.0	723.0	50.907	772
Q95241	sp|P49223|SPIT3_HUMAN	1.9e-17	69.3	40.984	61
Q95241	sp|O43291|SPIT2_HUMAN	1.19e-16	71.6	54.717	53
Q95241	sp|O43291|SPIT2_HUMAN	3.7e-14	63.9	42.623	61
Q95241	sp|O95925|EPPI_HUMAN	2.6e-14	61.6	40.351	57
Q95241	sp|P12111|CO6A3_HUMAN	7.47e-14	66.2	36.709	79
Q95241	sp|P48307|TFPI2_HUMAN	8.02e-13	59.7	47.17	53
Q95241	sp|P48307|TFPI2_HUMAN	6.97e-09	48.1	42.553	47
Q95241	sp|P48307|TFPI2_HUMAN	2.18e-07	43.5	29.412	85
Q95241	sp|O43278|SPIT1_HUMAN	9.41e-13	61.6	34.0	100
Q95241	sp|O43278|SPIT1_HUMAN	5.82e-11	55.8	42.593	54
Q95241	sp|P02760|AMBP_HUMAN	2.49e-12	59.7	50.0	52
Q95241	sp|P02760|AMBP_HUMAN	4.69e-11	55.8	42.188	64
Q95241	sp|O95428|PPN_HUMAN	6.38e-12	59.7	31.0	100
Q95241	sp|P10646|TFPI1_HUMAN	1.03e-11	57.4	35.294	68
Q95241	sp|P10646|TFPI1_HUMAN	1.21e-11	57.0	47.059	51
Q95241	sp|P10646|TFPI1_HUMAN	3.63e-09	49.7	39.623	53
Q95241	sp|Q02388|CO7A1_HUMAN	1.44e-11	58.5	35.135	111
Q95241	sp|Q02388|CO7A1_HUMAN	4.5	20.8	55.556	18
Q95241	sp|Q02388|CO7A1_HUMAN	9.6	20.0	35.714	28
Q95241	sp|Q8TEU8|WFKN2_HUMAN	2.71e-11	57.0	47.059	51
Q95241	sp|Q8TEU8|WFKN2_HUMAN	6.17e-07	43.1	42.857	49
Q95241	sp|Q8TEU8|WFKN2_HUMAN	4.4	20.8	47.059	17
Q95241	sp|Q8IUA0|WFDC8_HUMAN	3.93e-10	52.0	40.741	54
Q95241	sp|Q96NZ8|WFKN1_HUMAN	1.08e-09	52.0	43.396	53
Q95241	sp|Q96NZ8|WFKN1_HUMAN	2.98e-05	37.7	37.5	48
Q95241	sp|Q2UY09|COSA1_HUMAN	1.16e-08	48.9	37.255	51
Q95241	sp|Q6UDR6|SPIT4_HUMAN	9.34e-07	39.3	29.825	57
Q95241	sp|Q9BQY6|WFDC6_HUMAN	1.64e-06	39.3	53.846	26
Q9R097	sp|O43278|SPIT1_HUMAN	0.0	789.0	78.203	523
Q9R097	sp|O43291|SPIT2_HUMAN	1.29e-30	111.0	28.679	265
Q9R097	sp|P10646|TFPI1_HUMAN	4.79e-21	84.7	28.061	196
Q9R097	sp|P10646|TFPI1_HUMAN	4.62e-10	51.6	42.308	52
Q9R097	sp|P48307|TFPI2_HUMAN	2.21e-20	81.3	34.27	178
Q9R097	sp|P48307|TFPI2_HUMAN	6.99e-09	47.4	28.378	74
Q9R097	sp|P02760|AMBP_HUMAN	2.8e-14	65.1	24.39	205
Q9R097	sp|P02760|AMBP_HUMAN	8.54e-10	50.8	45.833	48
Q9R097	sp|P02760|AMBP_HUMAN	2.4	21.2	41.176	17
Q9R097	sp|Q06481|APLP2_HUMAN	1.09e-13	64.3	43.86	57
Q9R097	sp|Q06481|APLP2_HUMAN	2.71e-11	56.6	44.231	52
Q9R097	sp|P12111|CO6A3_HUMAN	4.43e-12	59.3	39.683	63
Q9R097	sp|P12111|CO6A3_HUMAN	3.36e-10	53.1	37.5	72
Q9R097	sp|O95428|PPN_HUMAN	2.85e-11	56.6	45.614	57
Q9R097	sp|O95428|PPN_HUMAN	3.41e-09	50.1	39.13	69
Q9R097	sp|P05067|A4_HUMAN	6.86e-11	55.1	47.826	46
Q9R097	sp|P05067|A4_HUMAN	8.59e-11	55.1	32.941	85
Q9R097	sp|Q96NZ8|WFKN1_HUMAN	7.08e-11	55.1	44.828	58
Q9R097	sp|Q96NZ8|WFKN1_HUMAN	6.06e-10	52.0	32.895	76
Q9R097	sp|Q96NZ8|WFKN1_HUMAN	0.000733	32.3	32.692	52
Q9R097	sp|Q96NZ8|WFKN1_HUMAN	0.001	31.6	35.0	40
Q9R097	sp|Q8TEU8|WFKN2_HUMAN	8.08e-11	54.7	54.545	44
Q9R097	sp|Q8TEU8|WFKN2_HUMAN	2.67e-08	46.6	40.816	49
Q9R097	sp|Q8TEU8|WFKN2_HUMAN	1.1e-06	41.6	30.476	105
Q9R097	sp|O95925|EPPI_HUMAN	1.29e-10	50.4	37.5	56
Q9R097	sp|O95925|EPPI_HUMAN	2.31e-09	47.0	39.623	53
Q9R097	sp|P49223|SPIT3_HUMAN	1.85e-09	46.2	37.037	54
Q9R097	sp|P49223|SPIT3_HUMAN	4.24e-09	45.1	38.462	52
Q9R097	sp|Q2UY09|COSA1_HUMAN	3.17e-09	50.1	43.137	51
Q9R097	sp|Q2UY09|COSA1_HUMAN	1.21e-07	45.1	41.071	56
Q9R097	sp|Q8IUA0|WFDC8_HUMAN	5.43e-09	47.8	35.0	80
Q9R097	sp|Q8IUA0|WFDC8_HUMAN	7.55e-07	41.2	40.816	49
Q9R097	sp|Q6UDR6|SPIT4_HUMAN	3e-07	40.0	38.983	59
Q9R097	sp|Q6UDR6|SPIT4_HUMAN	1.14e-06	38.5	33.333	54
Q9R097	sp|Q02388|CO7A1_HUMAN	1.12e-05	38.5	38.776	49
Q9R097	sp|Q02388|CO7A1_HUMAN	0.000367	33.9	31.034	58
Q9R097	sp|Q02388|CO7A1_HUMAN	5.7	20.0	31.429	35
Q9R097	sp|Q9BQY6|WFDC6_HUMAN	2.03e-05	35.4	46.667	30
Q9R097	sp|Q9BQY6|WFDC6_HUMAN	4.47e-05	34.7	45.161	31
Q9WU03	sp|O43291|SPIT2_HUMAN	3.72e-128	355.0	70.635	252
Q9WU03	sp|O43278|SPIT1_HUMAN	1.3e-25	96.3	28.788	198
Q9WU03	sp|O43278|SPIT1_HUMAN	9e-19	76.3	51.613	62
Q9WU03	sp|O43278|SPIT1_HUMAN	8.63e-14	61.6	41.379	58
Q9WU03	sp|P02760|AMBP_HUMAN	6.2e-23	87.4	30.0	160
Q9WU03	sp|P02760|AMBP_HUMAN	4.8e-12	55.8	39.706	68
Q9WU03	sp|P10646|TFPI1_HUMAN	1.58e-22	85.5	34.014	147
Q9WU03	sp|P10646|TFPI1_HUMAN	1.34e-21	83.2	30.464	151
Q9WU03	sp|Q06481|APLP2_HUMAN	4.6e-18	74.3	52.83	53
Q9WU03	sp|Q06481|APLP2_HUMAN	3.65e-15	65.9	36.0	75
Q9WU03	sp|Q06481|APLP2_HUMAN	3.9	19.2	32.0	25
Q9WU03	sp|Q8TEU8|WFKN2_HUMAN	1.26e-16	70.1	53.846	52
Q9WU03	sp|Q8TEU8|WFKN2_HUMAN	1.43e-16	69.7	30.534	131
Q9WU03	sp|Q8TEU8|WFKN2_HUMAN	4.05e-08	44.3	33.333	51
Q9WU03	sp|Q8TEU8|WFKN2_HUMAN	2.1	20.0	38.71	31
Q9WU03	sp|P48307|TFPI2_HUMAN	2.17e-16	67.4	28.07	171
Q9WU03	sp|P48307|TFPI2_HUMAN	6.02e-12	54.7	46.429	56
Q9WU03	sp|Q96NZ8|WFKN1_HUMAN	1.02e-15	67.4	29.197	137
Q9WU03	sp|Q96NZ8|WFKN1_HUMAN	1.38e-15	66.6	52.83	53
Q9WU03	sp|Q96NZ8|WFKN1_HUMAN	1.62e-09	48.5	35.556	90
Q9WU03	sp|O95925|EPPI_HUMAN	3.4e-15	62.0	48.276	58
Q9WU03	sp|O95925|EPPI_HUMAN	3.16e-14	59.3	40.678	59
Q9WU03	sp|P05067|A4_HUMAN	5.46e-15	65.1	36.842	76
Q9WU03	sp|P05067|A4_HUMAN	2.58e-14	63.2	50.0	48
Q9WU03	sp|P05067|A4_HUMAN	2.4	20.0	22.951	61
Q9WU03	sp|P49223|SPIT3_HUMAN	2.71e-12	52.8	41.176	51
Q9WU03	sp|P49223|SPIT3_HUMAN	1.26e-11	51.2	39.216	51
Q9WU03	sp|Q02388|CO7A1_HUMAN	2.23e-11	54.7	38.983	59
Q9WU03	sp|Q02388|CO7A1_HUMAN	1.54e-08	45.8	34.722	72
Q9WU03	sp|Q02388|CO7A1_HUMAN	7.2	18.5	40.0	20
Q9WU03	sp|P12111|CO6A3_HUMAN	2.82e-11	54.3	39.726	73
Q9WU03	sp|P12111|CO6A3_HUMAN	1.81e-10	52.0	41.935	62
Q9WU03	sp|Q6UDR6|SPIT4_HUMAN	2.84e-10	47.8	33.333	69
Q9WU03	sp|Q6UDR6|SPIT4_HUMAN	8.33e-05	32.0	32.353	34
Q9WU03	sp|Q2UY09|COSA1_HUMAN	6.13e-10	50.1	37.255	51
Q9WU03	sp|Q2UY09|COSA1_HUMAN	2.44e-09	48.1	38.636	44
Q9WU03	sp|O95428|PPN_HUMAN	1.01e-09	49.3	39.623	53
Q9WU03	sp|O95428|PPN_HUMAN	5.6e-09	47.0	35.484	62
Q9WU03	sp|O95428|PPN_HUMAN	8.1	18.5	50.0	14
Q9WU03	sp|Q8IUA0|WFDC8_HUMAN	1.44e-08	45.1	31.148	61
Q9WU03	sp|Q8IUA0|WFDC8_HUMAN	2.46e-08	44.3	34.545	55
Q9WU03	sp|Q9BQY6|WFDC6_HUMAN	1.54e-05	34.7	38.298	47
Q9WU03	sp|Q9BQY6|WFDC6_HUMAN	0.000698	30.0	40.625	32
A0A6P8HC43	sp|P10646|TFPI1_HUMAN	5.59e-45	146.0	34.746	236
A0A6P8HC43	sp|P10646|TFPI1_HUMAN	3.93e-40	133.0	35.514	214
A0A6P8HC43	sp|P10646|TFPI1_HUMAN	3.14e-21	82.8	32.692	156
A0A6P8HC43	sp|P48307|TFPI2_HUMAN	5.53e-33	112.0	37.297	185
A0A6P8HC43	sp|P48307|TFPI2_HUMAN	6.81e-30	104.0	35.079	191
A0A6P8HC43	sp|P48307|TFPI2_HUMAN	6.59e-12	55.1	50.0	52
A0A6P8HC43	sp|O43291|SPIT2_HUMAN	1.21e-31	109.0	36.913	149
A0A6P8HC43	sp|O43291|SPIT2_HUMAN	7.14e-30	105.0	34.416	154
A0A6P8HC43	sp|O43291|SPIT2_HUMAN	7.56e-22	83.6	28.571	154
A0A6P8HC43	sp|O43291|SPIT2_HUMAN	3.3	19.6	40.0	15
A0A6P8HC43	sp|Q8TEU8|WFKN2_HUMAN	1.16e-24	94.4	40.0	115
A0A6P8HC43	sp|Q8TEU8|WFKN2_HUMAN	9.73e-24	91.7	40.566	106
A0A6P8HC43	sp|Q8TEU8|WFKN2_HUMAN	1.34e-20	82.4	35.772	123
A0A6P8HC43	sp|Q8TEU8|WFKN2_HUMAN	5.09e-13	59.7	35.789	95
A0A6P8HC43	sp|Q8TEU8|WFKN2_HUMAN	2.77e-05	35.8	39.474	38
A0A6P8HC43	sp|P02760|AMBP_HUMAN	1.63e-23	89.7	38.889	126
A0A6P8HC43	sp|P02760|AMBP_HUMAN	1.32e-21	84.3	40.496	121
A0A6P8HC43	sp|P02760|AMBP_HUMAN	2.67e-11	54.3	45.283	53
A0A6P8HC43	sp|P02760|AMBP_HUMAN	1.48e-10	52.0	47.273	55
A0A6P8HC43	sp|O43278|SPIT1_HUMAN	6.05e-21	83.6	27.65	217
A0A6P8HC43	sp|O43278|SPIT1_HUMAN	1.81e-20	82.0	29.717	212
A0A6P8HC43	sp|Q96NZ8|WFKN1_HUMAN	4.14e-19	78.2	34.815	135
A0A6P8HC43	sp|Q96NZ8|WFKN1_HUMAN	2.02e-18	75.9	35.514	107
A0A6P8HC43	sp|Q96NZ8|WFKN1_HUMAN	1.63e-17	73.2	34.646	127
A0A6P8HC43	sp|Q96NZ8|WFKN1_HUMAN	7.73e-11	53.1	41.379	58
A0A6P8HC43	sp|Q06481|APLP2_HUMAN	3.47e-18	75.5	40.449	89
A0A6P8HC43	sp|Q06481|APLP2_HUMAN	1.4e-16	70.5	50.0	58
A0A6P8HC43	sp|Q06481|APLP2_HUMAN	7.24e-16	68.6	51.786	56
A0A6P8HC43	sp|Q06481|APLP2_HUMAN	1.17e-10	52.8	47.917	48
A0A6P8HC43	sp|P49223|SPIT3_HUMAN	1.36e-13	57.0	49.02	51
A0A6P8HC43	sp|P49223|SPIT3_HUMAN	1.52e-13	56.6	41.176	68
A0A6P8HC43	sp|P49223|SPIT3_HUMAN	1.41e-12	53.9	46.154	52
A0A6P8HC43	sp|P49223|SPIT3_HUMAN	2.62e-11	50.4	38.235	68
A0A6P8HC43	sp|P12111|CO6A3_HUMAN	1.64e-13	61.6	33.333	81
A0A6P8HC43	sp|P12111|CO6A3_HUMAN	9.74e-13	59.3	41.176	51
A0A6P8HC43	sp|P12111|CO6A3_HUMAN	1.04e-12	59.3	39.623	53
A0A6P8HC43	sp|P12111|CO6A3_HUMAN	2.29e-12	58.2	41.509	53
A0A6P8HC43	sp|P12111|CO6A3_HUMAN	7.5	18.9	71.429	7
A0A6P8HC43	sp|P12111|CO6A3_HUMAN	7.5	18.9	71.429	7
A0A6P8HC43	sp|P12111|CO6A3_HUMAN	7.6	18.9	54.545	11
A0A6P8HC43	sp|P05067|A4_HUMAN	2.83e-13	60.8	55.102	49
A0A6P8HC43	sp|P05067|A4_HUMAN	1.61e-12	58.5	47.17	53
A0A6P8HC43	sp|P05067|A4_HUMAN	3.33e-12	57.4	36.905	84
A0A6P8HC43	sp|P05067|A4_HUMAN	1.29e-11	55.5	34.524	84
A0A6P8HC43	sp|O95925|EPPI_HUMAN	2.81e-12	54.3	37.5	56
A0A6P8HC43	sp|O95925|EPPI_HUMAN	1.41e-11	52.4	33.784	74
A0A6P8HC43	sp|O95925|EPPI_HUMAN	7e-11	50.4	37.037	54
A0A6P8HC43	sp|O95925|EPPI_HUMAN	9.02e-11	50.1	38.182	55
A0A6P8HC43	sp|Q02388|CO7A1_HUMAN	9.68e-12	56.2	36.486	74
A0A6P8HC43	sp|Q02388|CO7A1_HUMAN	1.39e-11	55.8	42.373	59
A0A6P8HC43	sp|Q02388|CO7A1_HUMAN	7.56e-11	53.5	36.486	74
A0A6P8HC43	sp|Q02388|CO7A1_HUMAN	1.07e-10	53.1	40.741	54
A0A6P8HC43	sp|O95428|PPN_HUMAN	2.48e-11	55.1	42.308	52
A0A6P8HC43	sp|O95428|PPN_HUMAN	2.57e-11	54.7	40.385	52
A0A6P8HC43	sp|O95428|PPN_HUMAN	3.16e-11	54.7	45.098	51
A0A6P8HC43	sp|O95428|PPN_HUMAN	5.89e-11	53.9	40.385	52
A0A6P8HC43	sp|Q2UY09|COSA1_HUMAN	2.62e-10	51.6	35.714	56
A0A6P8HC43	sp|Q2UY09|COSA1_HUMAN	1.03e-08	46.6	36.364	44
A0A6P8HC43	sp|Q2UY09|COSA1_HUMAN	1.11e-08	46.6	36.364	44
A0A6P8HC43	sp|Q2UY09|COSA1_HUMAN	3.93e-08	45.1	36.364	44
A0A6P8HC43	sp|Q8IUA0|WFDC8_HUMAN	9.11e-10	48.9	39.655	58
A0A6P8HC43	sp|Q8IUA0|WFDC8_HUMAN	1.73e-06	38.9	37.255	51
A0A6P8HC43	sp|Q8IUA0|WFDC8_HUMAN	2.07e-06	38.9	37.255	51
A0A6P8HC43	sp|Q8IUA0|WFDC8_HUMAN	2.34e-05	35.4	37.255	51
A0A6P8HC43	sp|Q6UDR6|SPIT4_HUMAN	1.09e-08	43.5	31.746	63
A0A6P8HC43	sp|Q6UDR6|SPIT4_HUMAN	1.24e-08	43.1	33.333	72
A0A6P8HC43	sp|Q6UDR6|SPIT4_HUMAN	1.41e-08	43.1	37.5	56
A0A6P8HC43	sp|Q6UDR6|SPIT4_HUMAN	1.6e-08	42.7	30.882	68
A0A6P8HC43	sp|Q9BQY6|WFDC6_HUMAN	9.44e-06	35.8	40.909	44
A0A6P8HC43	sp|Q9BQY6|WFDC6_HUMAN	1.44e-05	35.0	41.304	46
A0A6P8HC43	sp|Q9BQY6|WFDC6_HUMAN	2.48e-05	34.3	57.692	26
A0A6P8HC43	sp|Q9BQY6|WFDC6_HUMAN	0.000134	32.3	44.828	29
A8Y7P1	sp|P10646|TFPI1_HUMAN	3.72e-16	62.4	38.596	57
A8Y7P1	sp|P10646|TFPI1_HUMAN	2.13e-15	60.5	46.154	52
A8Y7P1	sp|P10646|TFPI1_HUMAN	2.52e-13	54.7	46.296	54
A8Y7P1	sp|P12111|CO6A3_HUMAN	7.15e-16	62.0	46.154	52
A8Y7P1	sp|P12111|CO6A3_HUMAN	2.6	17.7	23.077	52
A8Y7P1	sp|Q8TEU8|WFKN2_HUMAN	8.61e-15	58.9	45.098	51
A8Y7P1	sp|Q8TEU8|WFKN2_HUMAN	3.47e-08	40.0	29.412	51
A8Y7P1	sp|Q06481|APLP2_HUMAN	2.82e-14	57.4	45.614	57
A8Y7P1	sp|O95925|EPPI_HUMAN	4.49e-14	54.7	39.655	58
A8Y7P1	sp|P49223|SPIT3_HUMAN	2.46e-13	51.6	37.037	54
A8Y7P1	sp|Q2UY09|COSA1_HUMAN	2.53e-13	54.7	35.484	62
A8Y7P1	sp|P48307|TFPI2_HUMAN	2.66e-13	54.3	41.071	56
A8Y7P1	sp|P48307|TFPI2_HUMAN	1.65e-12	52.0	44.0	50
A8Y7P1	sp|P48307|TFPI2_HUMAN	4.48e-06	33.9	31.667	60
A8Y7P1	sp|P02760|AMBP_HUMAN	5.04e-13	53.9	46.154	52
A8Y7P1	sp|P02760|AMBP_HUMAN	9.24e-12	50.1	39.216	51
A8Y7P1	sp|O95428|PPN_HUMAN	5.32e-13	53.9	40.678	59
A8Y7P1	sp|O95428|PPN_HUMAN	6.8	16.5	38.095	21
A8Y7P1	sp|Q02388|CO7A1_HUMAN	1.8e-12	52.4	40.741	54
A8Y7P1	sp|Q02388|CO7A1_HUMAN	1.0	18.9	42.105	19
A8Y7P1	sp|Q02388|CO7A1_HUMAN	6.6	16.5	83.333	6
A8Y7P1	sp|Q02388|CO7A1_HUMAN	6.6	16.5	83.333	6
A8Y7P1	sp|P05067|A4_HUMAN	3.04e-12	51.6	41.667	48
A8Y7P1	sp|O43291|SPIT2_HUMAN	3.95e-11	48.1	39.623	53
A8Y7P1	sp|O43291|SPIT2_HUMAN	6.7e-11	47.8	35.0	60
A8Y7P1	sp|Q96NZ8|WFKN1_HUMAN	8.27e-11	47.4	41.176	51
A8Y7P1	sp|Q96NZ8|WFKN1_HUMAN	2.48e-05	32.0	31.148	61
A8Y7P1	sp|O43278|SPIT1_HUMAN	1e-10	47.4	32.394	71
A8Y7P1	sp|O43278|SPIT1_HUMAN	2.33e-10	46.2	31.429	70
A8Y7P1	sp|O43278|SPIT1_HUMAN	3.8	17.3	41.176	17
A8Y7P1	sp|Q8IUA0|WFDC8_HUMAN	9.52e-10	44.3	39.216	51
A8Y7P1	sp|Q6UDR6|SPIT4_HUMAN	8.07e-09	40.4	33.766	77
A8Y7P1	sp|Q9BQY6|WFDC6_HUMAN	3.35e-06	33.9	50.0	30
A8Y7P1	sp|Q9BQY6|WFDC6_HUMAN	0.56	19.6	36.364	33
B1B5I8	sp|Q06481|APLP2_HUMAN	4.04e-18	68.2	46.032	63
B1B5I8	sp|P10646|TFPI1_HUMAN	1.89e-17	65.9	47.541	61
B1B5I8	sp|P10646|TFPI1_HUMAN	4.13e-13	53.9	46.296	54
B1B5I8	sp|P10646|TFPI1_HUMAN	7.62e-13	53.1	39.286	56
B1B5I8	sp|O43278|SPIT1_HUMAN	6.09e-16	62.0	41.791	67
B1B5I8	sp|O43278|SPIT1_HUMAN	1.06e-12	52.8	48.936	47
B1B5I8	sp|Q8TEU8|WFKN2_HUMAN	7.74e-16	61.6	48.214	56
B1B5I8	sp|Q8TEU8|WFKN2_HUMAN	2.09e-07	37.7	31.481	54
B1B5I8	sp|P49223|SPIT3_HUMAN	3.15e-15	56.6	43.636	55
B1B5I8	sp|P05067|A4_HUMAN	4.68e-15	59.3	47.917	48
B1B5I8	sp|P12111|CO6A3_HUMAN	7e-15	58.9	42.308	52
B1B5I8	sp|P12111|CO6A3_HUMAN	1.3	18.5	83.333	6
B1B5I8	sp|Q96NZ8|WFKN1_HUMAN	1.37e-14	58.2	51.111	45
B1B5I8	sp|Q96NZ8|WFKN1_HUMAN	3.3e-08	40.0	33.333	63
B1B5I8	sp|O43291|SPIT2_HUMAN	4.15e-14	56.2	42.308	52
B1B5I8	sp|O43291|SPIT2_HUMAN	4.2e-14	56.2	54.762	42
B1B5I8	sp|P48307|TFPI2_HUMAN	7.46e-14	55.5	45.455	55
B1B5I8	sp|P48307|TFPI2_HUMAN	4.39e-13	53.5	41.791	67
B1B5I8	sp|P48307|TFPI2_HUMAN	5.63e-07	36.6	35.0	60
B1B5I8	sp|O95428|PPN_HUMAN	6.74e-13	53.5	35.938	64
B1B5I8	sp|O95428|PPN_HUMAN	5.9	16.5	32.258	31
B1B5I8	sp|O95428|PPN_HUMAN	8.2	16.2	62.5	8
B1B5I8	sp|Q02388|CO7A1_HUMAN	4.51e-12	51.2	42.593	54
B1B5I8	sp|Q02388|CO7A1_HUMAN	4.6	16.9	44.444	18
B1B5I8	sp|O95925|EPPI_HUMAN	7.45e-11	46.2	31.818	66
B1B5I8	sp|P02760|AMBP_HUMAN	7.64e-11	47.4	47.059	51
B1B5I8	sp|P02760|AMBP_HUMAN	7.92e-09	41.6	39.286	56
B1B5I8	sp|Q2UY09|COSA1_HUMAN	8.92e-11	47.4	41.86	43
B1B5I8	sp|Q6UDR6|SPIT4_HUMAN	1.09e-08	40.0	36.957	46
B1B5I8	sp|Q8IUA0|WFDC8_HUMAN	5.99e-08	39.3	39.474	38
B1B5I8	sp|Q8IUA0|WFDC8_HUMAN	6.2	16.5	40.0	15
B1B5I8	sp|Q9BQY6|WFDC6_HUMAN	1.99e-06	34.3	41.463	41
B5M0W4	sp|P12111|CO6A3_HUMAN	1.66e-20	75.9	50.0	58
B5M0W4	sp|P12111|CO6A3_HUMAN	6.8	16.9	54.545	11
B5M0W4	sp|P12111|CO6A3_HUMAN	9.3	16.5	40.0	20
B5M0W4	sp|P48307|TFPI2_HUMAN	3.58e-16	62.8	45.902	61
B5M0W4	sp|P48307|TFPI2_HUMAN	6.45e-11	48.1	42.857	49
B5M0W4	sp|P48307|TFPI2_HUMAN	0.000289	29.6	28.814	59
B5M0W4	sp|P10646|TFPI1_HUMAN	5.76e-16	62.8	42.5	80
B5M0W4	sp|P10646|TFPI1_HUMAN	6.27e-14	57.0	49.057	53
B5M0W4	sp|P10646|TFPI1_HUMAN	1.32e-11	50.4	40.984	61
B5M0W4	sp|Q8TEU8|WFKN2_HUMAN	4.8e-15	60.5	40.299	67
B5M0W4	sp|Q8TEU8|WFKN2_HUMAN	4.03e-06	35.0	29.412	51
B5M0W4	sp|Q02388|CO7A1_HUMAN	1.46e-14	58.9	42.105	57
B5M0W4	sp|O43291|SPIT2_HUMAN	2.32e-14	57.8	33.75	80
B5M0W4	sp|O43291|SPIT2_HUMAN	1.76e-12	52.8	35.714	70
B5M0W4	sp|O95925|EPPI_HUMAN	2.87e-14	55.8	40.984	61
B5M0W4	sp|P02760|AMBP_HUMAN	3.12e-14	58.2	47.059	51
B5M0W4	sp|P02760|AMBP_HUMAN	6.56e-14	57.0	39.286	56
B5M0W4	sp|O43278|SPIT1_HUMAN	3.72e-14	57.8	45.455	55
B5M0W4	sp|O43278|SPIT1_HUMAN	4.04e-13	55.1	35.714	70
B5M0W4	sp|Q96NZ8|WFKN1_HUMAN	1.97e-13	55.8	45.283	53
B5M0W4	sp|Q96NZ8|WFKN1_HUMAN	0.003	26.9	27.027	37
B5M0W4	sp|O95428|PPN_HUMAN	2.55e-13	55.5	42.308	52
B5M0W4	sp|P05067|A4_HUMAN	3.09e-12	52.4	35.065	77
B5M0W4	sp|P49223|SPIT3_HUMAN	6.89e-12	48.5	40.816	49
B5M0W4	sp|Q06481|APLP2_HUMAN	8.27e-12	51.2	39.623	53
B5M0W4	sp|Q06481|APLP2_HUMAN	5.4	17.3	33.333	18
B5M0W4	sp|Q06481|APLP2_HUMAN	9.4	16.5	35.294	17
B5M0W4	sp|Q2UY09|COSA1_HUMAN	3.47e-11	49.3	39.286	56
B5M0W4	sp|Q6UDR6|SPIT4_HUMAN	9.91e-08	38.1	36.957	46
B5M0W4	sp|Q8IUA0|WFDC8_HUMAN	1.09e-07	39.3	37.255	51
B5M0W4	sp|Q9BQY6|WFDC6_HUMAN	1.36e-06	35.4	45.161	31
B6RLX2	sp|P12111|CO6A3_HUMAN	3.98e-18	68.2	43.103	58
B6RLX2	sp|P12111|CO6A3_HUMAN	1.5	18.5	37.5	16
B6RLX2	sp|Q8TEU8|WFKN2_HUMAN	5.4e-17	65.1	50.98	51
B6RLX2	sp|Q8TEU8|WFKN2_HUMAN	1.27e-05	32.7	30.769	52
B6RLX2	sp|P10646|TFPI1_HUMAN	9.11e-16	61.2	45.455	55
B6RLX2	sp|P10646|TFPI1_HUMAN	9.72e-15	58.5	40.909	66
B6RLX2	sp|P10646|TFPI1_HUMAN	2.93e-13	54.3	46.296	54
B6RLX2	sp|O43291|SPIT2_HUMAN	2.04e-15	60.1	46.154	52
B6RLX2	sp|O43291|SPIT2_HUMAN	7.88e-14	55.8	39.623	53
B6RLX2	sp|Q06481|APLP2_HUMAN	2.93e-14	57.4	41.176	51
B6RLX2	sp|Q02388|CO7A1_HUMAN	5.04e-14	56.6	48.148	54
B6RLX2	sp|Q02388|CO7A1_HUMAN	0.63	19.6	54.545	11
B6RLX2	sp|P49223|SPIT3_HUMAN	1.26e-13	52.4	38.889	54
B6RLX2	sp|Q96NZ8|WFKN1_HUMAN	2.05e-13	55.1	45.098	51
B6RLX2	sp|Q96NZ8|WFKN1_HUMAN	2.7e-06	34.7	29.412	51
B6RLX2	sp|O43278|SPIT1_HUMAN	2.32e-13	54.7	46.154	52
B6RLX2	sp|O43278|SPIT1_HUMAN	2.76e-11	48.9	35.385	65
B6RLX2	sp|P48307|TFPI2_HUMAN	9.14e-13	52.8	44.0	50
B6RLX2	sp|P48307|TFPI2_HUMAN	7.97e-12	50.1	43.396	53
B6RLX2	sp|P48307|TFPI2_HUMAN	7.71e-05	30.4	31.579	57
B6RLX2	sp|Q2UY09|COSA1_HUMAN	1.48e-12	52.4	34.921	63
B6RLX2	sp|O95428|PPN_HUMAN	2.64e-12	51.6	39.286	56
B6RLX2	sp|O95925|EPPI_HUMAN	3.7e-12	49.7	38.182	55
B6RLX2	sp|P05067|A4_HUMAN	4.28e-12	51.2	44.681	47
B6RLX2	sp|P02760|AMBP_HUMAN	5.61e-11	47.8	43.137	51
B6RLX2	sp|P02760|AMBP_HUMAN	9.99e-11	47.4	43.137	51
B6RLX2	sp|P02760|AMBP_HUMAN	8.4	16.2	36.0	25
B6RLX2	sp|Q6UDR6|SPIT4_HUMAN	4.22e-08	38.5	34.211	76
B6RLX2	sp|Q8IUA0|WFDC8_HUMAN	4.49e-06	33.9	32.692	52
B6RLX2	sp|Q9BQY6|WFDC6_HUMAN	9.85e-05	30.0	53.846	26
C0HJF3	sp|Q06481|APLP2_HUMAN	8.52e-20	71.6	49.091	55
C0HJF3	sp|Q8TEU8|WFKN2_HUMAN	3.85e-19	69.7	58.824	51
C0HJF3	sp|Q8TEU8|WFKN2_HUMAN	6.85e-08	38.1	35.294	51
C0HJF3	sp|P05067|A4_HUMAN	4.15e-17	63.9	54.545	44
C0HJF3	sp|O95925|EPPI_HUMAN	7.39e-16	58.2	40.741	54
C0HJF3	sp|P48307|TFPI2_HUMAN	1.28e-15	59.3	50.0	54
C0HJF3	sp|P48307|TFPI2_HUMAN	3.38e-10	44.3	44.898	49
C0HJF3	sp|P48307|TFPI2_HUMAN	0.000259	27.7	30.769	52
C0HJF3	sp|Q96NZ8|WFKN1_HUMAN	2.06e-15	59.3	46.296	54
C0HJF3	sp|Q96NZ8|WFKN1_HUMAN	3.17e-06	33.1	31.818	44
C0HJF3	sp|P49223|SPIT3_HUMAN	3.14e-15	55.5	46.296	54
C0HJF3	sp|O43291|SPIT2_HUMAN	7.13e-15	57.4	49.02	51
C0HJF3	sp|O43291|SPIT2_HUMAN	1.4e-14	56.6	49.02	51
C0HJF3	sp|P10646|TFPI1_HUMAN	8.66e-15	57.4	50.943	53
C0HJF3	sp|P10646|TFPI1_HUMAN	9.71e-14	54.3	44.444	54
C0HJF3	sp|P10646|TFPI1_HUMAN	4.04e-13	52.8	49.091	55
C0HJF3	sp|P10646|TFPI1_HUMAN	4.2	16.2	36.0	25
C0HJF3	sp|P02760|AMBP_HUMAN	1.43e-12	51.2	45.283	53
C0HJF3	sp|P02760|AMBP_HUMAN	2.76e-11	47.4	44.681	47
C0HJF3	sp|P12111|CO6A3_HUMAN	1.62e-12	51.2	38.462	52
C0HJF3	sp|P12111|CO6A3_HUMAN	0.38	19.2	54.545	11
C0HJF3	sp|P12111|CO6A3_HUMAN	1.3	17.7	54.545	11
C0HJF3	sp|P12111|CO6A3_HUMAN	4.8	16.2	50.0	8
C0HJF3	sp|O95428|PPN_HUMAN	2.13e-12	50.8	41.509	53
C0HJF3	sp|Q02388|CO7A1_HUMAN	8.67e-12	48.9	48.148	54
C0HJF3	sp|Q02388|CO7A1_HUMAN	9.9	15.4	50.0	8
C0HJF3	sp|O43278|SPIT1_HUMAN	9.6e-12	48.9	44.444	54
C0HJF3	sp|O43278|SPIT1_HUMAN	2.58e-11	47.8	42.857	56
C0HJF3	sp|Q8IUA0|WFDC8_HUMAN	3.27e-11	47.0	45.098	51
C0HJF3	sp|Q2UY09|COSA1_HUMAN	2.13e-10	45.1	35.294	51
C0HJF3	sp|Q6UDR6|SPIT4_HUMAN	4.63e-07	34.7	37.143	35
C0HJF3	sp|Q9BQY6|WFDC6_HUMAN	1.03e-06	34.3	46.875	32
C0HJF4	sp|Q06481|APLP2_HUMAN	1.28e-19	71.2	50.909	55
C0HJF4	sp|P05067|A4_HUMAN	2.45e-18	67.4	59.091	44
C0HJF4	sp|Q8TEU8|WFKN2_HUMAN	1.01e-17	65.9	52.83	53
C0HJF4	sp|Q8TEU8|WFKN2_HUMAN	2.69e-09	42.0	35.849	53
C0HJF4	sp|O95925|EPPI_HUMAN	1.36e-16	60.1	42.593	54
C0HJF4	sp|P48307|TFPI2_HUMAN	4.45e-16	60.5	51.852	54
C0HJF4	sp|P48307|TFPI2_HUMAN	1.5e-09	42.4	42.857	49
C0HJF4	sp|P48307|TFPI2_HUMAN	0.005	24.3	26.923	52
C0HJF4	sp|P49223|SPIT3_HUMAN	7.6e-15	54.3	44.444	54
C0HJF4	sp|P10646|TFPI1_HUMAN	1.43e-14	56.6	49.057	53
C0HJF4	sp|P10646|TFPI1_HUMAN	5.55e-13	52.4	42.593	54
C0HJF4	sp|P10646|TFPI1_HUMAN	7.04e-13	52.0	48.148	54
C0HJF4	sp|P10646|TFPI1_HUMAN	6.9	15.8	36.0	25
C0HJF4	sp|Q96NZ8|WFKN1_HUMAN	3.41e-14	55.8	44.444	54
C0HJF4	sp|Q96NZ8|WFKN1_HUMAN	5.11e-07	35.4	34.091	44
C0HJF4	sp|O43291|SPIT2_HUMAN	6.95e-14	54.7	49.02	51
C0HJF4	sp|O43291|SPIT2_HUMAN	5.99e-13	52.0	45.098	51
C0HJF4	sp|P02760|AMBP_HUMAN	9.03e-14	54.7	47.17	53
C0HJF4	sp|P02760|AMBP_HUMAN	5.22e-11	46.6	43.478	46
C0HJF4	sp|P12111|CO6A3_HUMAN	2.07e-13	53.5	40.385	52
C0HJF4	sp|O95428|PPN_HUMAN	9.99e-13	51.6	41.509	53
C0HJF4	sp|Q02388|CO7A1_HUMAN	1.74e-12	50.8	48.148	54
C0HJF4	sp|Q8IUA0|WFDC8_HUMAN	2.32e-12	50.4	47.059	51
C0HJF4	sp|Q2UY09|COSA1_HUMAN	1.18e-11	48.5	37.255	51
C0HJF4	sp|O43278|SPIT1_HUMAN	1.67e-10	45.4	42.308	52
C0HJF4	sp|O43278|SPIT1_HUMAN	1.9e-09	42.4	38.462	52
C0HJF4	sp|Q9BQY6|WFDC6_HUMAN	3.45e-07	35.4	46.875	32
C0HJF4	sp|Q6UDR6|SPIT4_HUMAN	1.68e-06	33.1	34.286	35
C0HJU6	sp|Q06481|APLP2_HUMAN	5.18e-20	72.4	46.429	56
C0HJU6	sp|Q06481|APLP2_HUMAN	1.6	17.3	25.49	51
C0HJU6	sp|P05067|A4_HUMAN	6.75e-18	66.2	52.273	44
C0HJU6	sp|Q8TEU8|WFKN2_HUMAN	3.86e-17	63.9	54.902	51
C0HJU6	sp|Q8TEU8|WFKN2_HUMAN	2.62e-07	36.2	33.333	51
C0HJU6	sp|P48307|TFPI2_HUMAN	1.86e-16	61.2	53.846	52
C0HJU6	sp|P48307|TFPI2_HUMAN	2.61e-09	42.0	38.776	49
C0HJU6	sp|P48307|TFPI2_HUMAN	0.00037	27.3	27.083	48
C0HJU6	sp|O43291|SPIT2_HUMAN	5.04e-15	57.8	47.059	51
C0HJU6	sp|O43291|SPIT2_HUMAN	3.88e-13	52.4	45.098	51
C0HJU6	sp|P49223|SPIT3_HUMAN	5.13e-15	54.7	42.593	54
C0HJU6	sp|P10646|TFPI1_HUMAN	5.99e-15	57.8	52.273	44
C0HJU6	sp|P10646|TFPI1_HUMAN	2.15e-13	53.5	48.889	45
C0HJU6	sp|P10646|TFPI1_HUMAN	6.44e-13	52.0	46.154	52
C0HJU6	sp|O95925|EPPI_HUMAN	6.52e-15	55.5	40.0	55
C0HJU6	sp|P12111|CO6A3_HUMAN	5.32e-14	55.1	42.308	52
C0HJU6	sp|P12111|CO6A3_HUMAN	1.8	17.3	50.0	12
C0HJU6	sp|P12111|CO6A3_HUMAN	6.7	15.8	46.154	13
C0HJU6	sp|Q96NZ8|WFKN1_HUMAN	1.91e-12	50.8	43.137	51
C0HJU6	sp|Q96NZ8|WFKN1_HUMAN	1.65e-06	33.9	38.636	44
C0HJU6	sp|O43278|SPIT1_HUMAN	3.26e-12	50.1	44.068	59
C0HJU6	sp|O43278|SPIT1_HUMAN	5.12e-12	49.7	46.296	54
C0HJU6	sp|P02760|AMBP_HUMAN	2.81e-11	47.4	43.137	51
C0HJU6	sp|P02760|AMBP_HUMAN	2.19e-10	45.1	43.478	46
C0HJU6	sp|Q02388|CO7A1_HUMAN	3.42e-11	47.4	46.296	54
C0HJU6	sp|Q02388|CO7A1_HUMAN	9.0	15.4	43.75	16
C0HJU6	sp|O95428|PPN_HUMAN	3.81e-10	44.3	37.736	53
C0HJU6	sp|O95428|PPN_HUMAN	9.1	15.4	35.294	17
C0HJU6	sp|Q8IUA0|WFDC8_HUMAN	1.81e-09	42.4	41.176	51
C0HJU6	sp|Q2UY09|COSA1_HUMAN	4.9e-08	38.5	33.333	51
C0HJU6	sp|Q6UDR6|SPIT4_HUMAN	1.02e-06	33.9	33.333	42
C0HJU6	sp|Q9BQY6|WFDC6_HUMAN	2.46e-06	33.1	48.387	31
C0HJU7	sp|Q06481|APLP2_HUMAN	1.93e-20	73.6	48.214	56
C0HJU7	sp|P05067|A4_HUMAN	1.67e-19	70.9	59.091	44
C0HJU7	sp|Q8TEU8|WFKN2_HUMAN	6.48e-17	63.5	54.902	51
C0HJU7	sp|Q8TEU8|WFKN2_HUMAN	2.79e-08	38.9	35.294	51
C0HJU7	sp|P48307|TFPI2_HUMAN	1.79e-16	61.2	53.846	52
C0HJU7	sp|P48307|TFPI2_HUMAN	1.35e-10	45.4	40.816	49
C0HJU7	sp|P48307|TFPI2_HUMAN	0.000429	27.3	26.923	52
C0HJU7	sp|P49223|SPIT3_HUMAN	3.07e-15	55.5	42.593	54
C0HJU7	sp|P12111|CO6A3_HUMAN	8.37e-15	57.4	46.154	52
C0HJU7	sp|P12111|CO6A3_HUMAN	1.8	17.3	50.0	12
C0HJU7	sp|O95925|EPPI_HUMAN	8.63e-15	55.5	40.0	55
C0HJU7	sp|P10646|TFPI1_HUMAN	1.33e-14	56.6	51.923	52
C0HJU7	sp|P10646|TFPI1_HUMAN	4.43e-14	55.5	52.273	44
C0HJU7	sp|P10646|TFPI1_HUMAN	1.08e-13	54.3	45.283	53
C0HJU7	sp|O43291|SPIT2_HUMAN	1.58e-13	53.5	47.059	51
C0HJU7	sp|O43291|SPIT2_HUMAN	3.65e-13	52.8	45.098	51
C0HJU7	sp|Q96NZ8|WFKN1_HUMAN	4.61e-13	52.4	45.098	51
C0HJU7	sp|Q96NZ8|WFKN1_HUMAN	1.19e-06	34.7	36.364	44
C0HJU7	sp|P02760|AMBP_HUMAN	1.51e-12	51.2	49.02	51
C0HJU7	sp|P02760|AMBP_HUMAN	4.38e-11	47.0	44.681	47
C0HJU7	sp|O43278|SPIT1_HUMAN	4.74e-12	49.7	44.068	59
C0HJU7	sp|O43278|SPIT1_HUMAN	4.14e-11	47.0	44.444	54
C0HJU7	sp|Q02388|CO7A1_HUMAN	2.48e-11	47.8	46.296	54
C0HJU7	sp|Q8IUA0|WFDC8_HUMAN	3.08e-11	47.4	43.137	51
C0HJU7	sp|O95428|PPN_HUMAN	6.32e-11	46.6	39.623	53
C0HJU7	sp|Q2UY09|COSA1_HUMAN	2.01e-10	45.1	37.255	51
C0HJU7	sp|Q6UDR6|SPIT4_HUMAN	8.6e-07	33.9	37.143	35
C0HJU7	sp|Q9BQY6|WFDC6_HUMAN	2.22e-06	33.5	46.875	32
C0HLB2	sp|P10646|TFPI1_HUMAN	7.48e-21	74.3	49.123	57
C0HLB2	sp|P10646|TFPI1_HUMAN	2.53e-16	62.0	46.875	64
C0HLB2	sp|P10646|TFPI1_HUMAN	1.35e-15	60.1	49.057	53
C0HLB2	sp|P12111|CO6A3_HUMAN	2.98e-17	65.1	47.059	51
C0HLB2	sp|P12111|CO6A3_HUMAN	2.9	17.3	54.545	11
C0HLB2	sp|P12111|CO6A3_HUMAN	4.2	16.9	45.455	11
C0HLB2	sp|P12111|CO6A3_HUMAN	4.8	16.5	71.429	7
C0HLB2	sp|P48307|TFPI2_HUMAN	9.7e-17	62.8	52.0	50
C0HLB2	sp|P48307|TFPI2_HUMAN	7.81e-15	57.4	44.828	58
C0HLB2	sp|P48307|TFPI2_HUMAN	7.03e-05	30.0	33.333	63
C0HLB2	sp|Q8TEU8|WFKN2_HUMAN	3.82e-16	62.0	50.98	51
C0HLB2	sp|Q8TEU8|WFKN2_HUMAN	1e-07	38.1	32.075	53
C0HLB2	sp|O43278|SPIT1_HUMAN	7.33e-16	61.2	56.522	46
C0HLB2	sp|O43278|SPIT1_HUMAN	3.58e-14	56.2	41.935	62
C0HLB2	sp|Q06481|APLP2_HUMAN	1.6e-15	60.1	52.174	46
C0HLB2	sp|O43291|SPIT2_HUMAN	1.75e-15	59.3	44.231	52
C0HLB2	sp|O43291|SPIT2_HUMAN	2.9e-11	47.8	34.426	61
C0HLB2	sp|O95925|EPPI_HUMAN	5.4e-15	56.2	38.983	59
C0HLB2	sp|O95428|PPN_HUMAN	1.23e-14	57.8	44.615	65
C0HLB2	sp|P49223|SPIT3_HUMAN	2.62e-14	53.5	38.889	54
C0HLB2	sp|P05067|A4_HUMAN	3.2e-14	56.6	47.826	46
C0HLB2	sp|Q96NZ8|WFKN1_HUMAN	1.37e-13	54.7	42.857	56
C0HLB2	sp|Q96NZ8|WFKN1_HUMAN	4.1e-06	33.5	35.897	39
C0HLB2	sp|Q96NZ8|WFKN1_HUMAN	6.0	16.2	28.0	25
C0HLB2	sp|P02760|AMBP_HUMAN	9.9e-13	52.4	47.059	51
C0HLB2	sp|P02760|AMBP_HUMAN	2.22e-10	45.4	43.137	51
C0HLB2	sp|Q02388|CO7A1_HUMAN	2.54e-12	51.2	46.296	54
C0HLB2	sp|Q6UDR6|SPIT4_HUMAN	1.77e-11	46.6	39.286	56
C0HLB2	sp|Q2UY09|COSA1_HUMAN	2.25e-11	48.5	39.13	46
C0HLB2	sp|Q2UY09|COSA1_HUMAN	1.9	17.7	32.143	28
C0HLB2	sp|Q8IUA0|WFDC8_HUMAN	2.68e-09	42.4	37.931	58
C0HLB2	sp|Q9BQY6|WFDC6_HUMAN	5.63e-08	38.1	58.621	29
D8KY58	sp|Q8TEU8|WFKN2_HUMAN	2.1e-18	68.9	50.98	51
D8KY58	sp|Q8TEU8|WFKN2_HUMAN	3.45e-05	31.6	26.415	53
D8KY58	sp|Q06481|APLP2_HUMAN	5.42e-17	65.1	39.062	64
D8KY58	sp|Q96NZ8|WFKN1_HUMAN	8.76e-17	64.3	47.17	53
D8KY58	sp|Q96NZ8|WFKN1_HUMAN	8.59e-08	38.9	36.957	46
D8KY58	sp|P49223|SPIT3_HUMAN	1.77e-16	59.7	38.462	65
D8KY58	sp|O43291|SPIT2_HUMAN	1.24e-15	60.5	45.614	57
D8KY58	sp|O43291|SPIT2_HUMAN	1.08e-14	58.2	48.077	52
D8KY58	sp|O95428|PPN_HUMAN	2.45e-15	60.5	45.161	62
D8KY58	sp|P10646|TFPI1_HUMAN	3e-15	59.7	46.667	60
D8KY58	sp|P10646|TFPI1_HUMAN	7.34e-14	55.8	44.444	54
D8KY58	sp|P10646|TFPI1_HUMAN	3.15e-13	54.3	47.273	55
D8KY58	sp|P12111|CO6A3_HUMAN	1.88e-13	55.1	40.385	52
D8KY58	sp|P12111|CO6A3_HUMAN	7.9	16.5	40.0	15
D8KY58	sp|P48307|TFPI2_HUMAN	2.26e-13	54.3	46.552	58
D8KY58	sp|P48307|TFPI2_HUMAN	2.39e-09	43.1	38.182	55
D8KY58	sp|P48307|TFPI2_HUMAN	0.011	24.3	26.667	60
D8KY58	sp|P02760|AMBP_HUMAN	2.27e-13	54.7	43.396	53
D8KY58	sp|P02760|AMBP_HUMAN	7.31e-10	44.7	41.818	55
D8KY58	sp|P05067|A4_HUMAN	3.83e-13	53.9	48.889	45
D8KY58	sp|Q02388|CO7A1_HUMAN	8.47e-13	53.1	42.593	54
D8KY58	sp|O95925|EPPI_HUMAN	2.26e-12	50.1	34.783	69
D8KY58	sp|Q2UY09|COSA1_HUMAN	1.24e-11	49.7	36.842	57
D8KY58	sp|O43278|SPIT1_HUMAN	1.27e-11	49.7	39.655	58
D8KY58	sp|O43278|SPIT1_HUMAN	2.13e-11	49.3	44.231	52
D8KY58	sp|Q8IUA0|WFDC8_HUMAN	3.56e-10	45.4	39.216	51
D8KY58	sp|Q6UDR6|SPIT4_HUMAN	6.8e-09	40.4	29.032	62
D8KY58	sp|Q9BQY6|WFDC6_HUMAN	2.89e-05	31.2	51.852	27
F5GTK6	sp|P48307|TFPI2_HUMAN	8.67e-20	72.4	39.326	89
F5GTK6	sp|P48307|TFPI2_HUMAN	8.47e-11	48.1	43.75	48
F5GTK6	sp|P48307|TFPI2_HUMAN	0.000131	30.8	30.508	59
F5GTK6	sp|P12111|CO6A3_HUMAN	7.64e-18	68.6	43.636	55
F5GTK6	sp|Q8TEU8|WFKN2_HUMAN	1.13e-17	68.2	45.588	68
F5GTK6	sp|Q8TEU8|WFKN2_HUMAN	3.63e-07	38.1	33.333	51
F5GTK6	sp|Q02388|CO7A1_HUMAN	1.68e-17	67.8	45.0	60
F5GTK6	sp|O95925|EPPI_HUMAN	2.12e-15	58.9	46.667	60
F5GTK6	sp|P02760|AMBP_HUMAN	5.59e-15	60.1	42.593	54
F5GTK6	sp|P02760|AMBP_HUMAN	1.45e-12	53.5	41.176	51
F5GTK6	sp|P49223|SPIT3_HUMAN	7.16e-15	56.6	41.509	53
F5GTK6	sp|P10646|TFPI1_HUMAN	1.28e-14	58.9	49.057	53
F5GTK6	sp|P10646|TFPI1_HUMAN	3.18e-14	58.2	38.571	70
F5GTK6	sp|P10646|TFPI1_HUMAN	7.09e-14	57.0	47.17	53
F5GTK6	sp|Q06481|APLP2_HUMAN	7.91e-14	57.0	45.763	59
F5GTK6	sp|P05067|A4_HUMAN	1.04e-13	56.6	37.838	74
F5GTK6	sp|Q96NZ8|WFKN1_HUMAN	1.99e-13	55.8	41.509	53
F5GTK6	sp|Q96NZ8|WFKN1_HUMAN	2.6e-05	32.7	37.838	37
F5GTK6	sp|O95428|PPN_HUMAN	3.82e-13	55.1	41.176	51
F5GTK6	sp|O95428|PPN_HUMAN	1.1	19.2	34.286	35
F5GTK6	sp|O95428|PPN_HUMAN	8.5	16.9	38.462	13
F5GTK6	sp|Q6UDR6|SPIT4_HUMAN	7.17e-13	51.6	46.809	47
F5GTK6	sp|O43291|SPIT2_HUMAN	9.05e-13	53.5	42.593	54
F5GTK6	sp|O43291|SPIT2_HUMAN	2.39e-12	52.4	36.207	58
F5GTK6	sp|O43278|SPIT1_HUMAN	2.56e-12	52.8	41.071	56
F5GTK6	sp|O43278|SPIT1_HUMAN	4.34e-12	52.0	39.683	63
F5GTK6	sp|Q2UY09|COSA1_HUMAN	6.98e-11	48.9	32.143	56
F5GTK6	sp|Q8IUA0|WFDC8_HUMAN	1.07e-09	45.1	38.889	54
F5GTK6	sp|Q9BQY6|WFDC6_HUMAN	1.77e-06	35.4	51.613	31
G9I929	sp|P10646|TFPI1_HUMAN	6.31e-10	45.1	35.484	62
G9I929	sp|P10646|TFPI1_HUMAN	8.72e-09	41.6	37.037	54
G9I929	sp|P10646|TFPI1_HUMAN	1.21e-06	35.8	30.986	71
G9I929	sp|P12111|CO6A3_HUMAN	1.79e-09	43.9	35.714	42
G9I929	sp|P05067|A4_HUMAN	4.38e-09	42.7	40.476	42
G9I929	sp|P05067|A4_HUMAN	7.1	16.5	45.455	11
G9I929	sp|Q06481|APLP2_HUMAN	9.59e-09	41.6	40.476	42
G9I929	sp|Q2UY09|COSA1_HUMAN	9.44e-08	38.9	27.273	55
G9I929	sp|P48307|TFPI2_HUMAN	2e-07	37.7	35.417	48
G9I929	sp|P48307|TFPI2_HUMAN	6.21e-07	36.6	41.176	51
G9I929	sp|P48307|TFPI2_HUMAN	0.000113	30.0	31.579	57
G9I929	sp|Q8TEU8|WFKN2_HUMAN	3.34e-07	37.4	30.303	66
G9I929	sp|Q8TEU8|WFKN2_HUMAN	8.39e-06	33.5	29.167	48
G9I929	sp|P02760|AMBP_HUMAN	4.17e-07	37.0	35.714	42
G9I929	sp|P02760|AMBP_HUMAN	7.81e-07	36.2	38.095	42
G9I929	sp|P02760|AMBP_HUMAN	1.8	18.1	30.303	33
G9I929	sp|O95428|PPN_HUMAN	6.09e-07	36.6	34.0	50
G9I929	sp|O95428|PPN_HUMAN	4.7	16.9	38.462	13
G9I929	sp|O95428|PPN_HUMAN	8.9	16.2	42.857	14
G9I929	sp|O43291|SPIT2_HUMAN	8.14e-07	36.2	34.884	43
G9I929	sp|O43291|SPIT2_HUMAN	4.92e-05	31.2	34.211	38
G9I929	sp|P49223|SPIT3_HUMAN	1.23e-05	32.0	30.909	55
G9I929	sp|O43278|SPIT1_HUMAN	2.25e-05	32.3	31.373	51
G9I929	sp|O43278|SPIT1_HUMAN	5.48e-05	31.2	28.889	45
G9I929	sp|O95925|EPPI_HUMAN	3.26e-05	31.2	29.545	44
G9I929	sp|Q02388|CO7A1_HUMAN	9.26e-05	30.4	35.556	45
G9I929	sp|Q96NZ8|WFKN1_HUMAN	0.002	26.6	25.0	48
G9I929	sp|Q6UDR6|SPIT4_HUMAN	0.005	25.0	31.429	35
G9I929	sp|Q9BQY6|WFDC6_HUMAN	0.056	22.3	33.333	33
G9I929	sp|Q8IUA0|WFDC8_HUMAN	3.7	17.3	20.588	68
H6VC05	sp|P12111|CO6A3_HUMAN	3.7e-17	65.9	42.373	59
H6VC05	sp|P10646|TFPI1_HUMAN	6.81e-17	64.7	49.123	57
H6VC05	sp|P10646|TFPI1_HUMAN	8.73e-13	53.1	32.468	77
H6VC05	sp|P10646|TFPI1_HUMAN	4.1e-12	51.2	42.593	54
H6VC05	sp|P05067|A4_HUMAN	2.55e-16	63.5	50.0	48
H6VC05	sp|P49223|SPIT3_HUMAN	5.06e-15	56.2	42.593	54
H6VC05	sp|Q06481|APLP2_HUMAN	5.5e-14	57.0	39.706	68
H6VC05	sp|Q06481|APLP2_HUMAN	3.1	17.7	37.5	16
H6VC05	sp|Q8TEU8|WFKN2_HUMAN	5.78e-14	56.6	43.636	55
H6VC05	sp|Q8TEU8|WFKN2_HUMAN	8.69e-07	36.6	33.333	51
H6VC05	sp|P02760|AMBP_HUMAN	5.79e-14	56.6	52.941	51
H6VC05	sp|P02760|AMBP_HUMAN	4.02e-12	51.6	42.105	57
H6VC05	sp|O43291|SPIT2_HUMAN	1.43e-13	55.1	41.509	53
H6VC05	sp|O43291|SPIT2_HUMAN	8.46e-10	44.7	31.148	61
H6VC05	sp|O43278|SPIT1_HUMAN	2e-13	55.1	42.188	64
H6VC05	sp|O43278|SPIT1_HUMAN	6.34e-13	53.9	36.986	73
H6VC05	sp|P48307|TFPI2_HUMAN	3.42e-13	53.9	46.0	50
H6VC05	sp|P48307|TFPI2_HUMAN	2.95e-10	45.8	43.396	53
H6VC05	sp|P48307|TFPI2_HUMAN	3.75e-06	34.7	37.097	62
H6VC05	sp|Q96NZ8|WFKN1_HUMAN	7.8e-13	53.5	45.455	55
H6VC05	sp|Q96NZ8|WFKN1_HUMAN	3.03e-06	35.0	34.615	52
H6VC05	sp|O95925|EPPI_HUMAN	1.44e-12	50.8	35.593	59
H6VC05	sp|Q2UY09|COSA1_HUMAN	2.03e-11	49.7	37.097	62
H6VC05	sp|Q2UY09|COSA1_HUMAN	0.009	25.0	31.579	38
H6VC05	sp|O95428|PPN_HUMAN	1.03e-09	44.7	34.848	66
H6VC05	sp|Q02388|CO7A1_HUMAN	2.82e-09	43.5	38.889	54
H6VC05	sp|Q6UDR6|SPIT4_HUMAN	3.01e-09	41.6	37.975	79
H6VC05	sp|Q8IUA0|WFDC8_HUMAN	1.31e-06	35.8	35.294	51
H6VC05	sp|Q9BQY6|WFDC6_HUMAN	7.28e-06	33.1	53.846	26
H6VC06	sp|P10646|TFPI1_HUMAN	3.84e-16	62.4	45.614	57
H6VC06	sp|P10646|TFPI1_HUMAN	3.57e-14	57.0	38.889	54
H6VC06	sp|P10646|TFPI1_HUMAN	4.17e-13	53.9	46.296	54
H6VC06	sp|Q06481|APLP2_HUMAN	4.68e-16	62.4	45.614	57
H6VC06	sp|P05067|A4_HUMAN	8.91e-16	61.6	52.174	46
H6VC06	sp|P49223|SPIT3_HUMAN	2.86e-15	56.6	42.593	54
H6VC06	sp|P12111|CO6A3_HUMAN	2.18e-14	57.8	41.176	51
H6VC06	sp|O43291|SPIT2_HUMAN	4.93e-14	56.2	45.0	60
H6VC06	sp|O43291|SPIT2_HUMAN	1.41e-10	46.6	38.462	52
H6VC06	sp|Q2UY09|COSA1_HUMAN	2.18e-13	55.1	36.508	63
H6VC06	sp|Q2UY09|COSA1_HUMAN	0.28	20.8	27.778	36
H6VC06	sp|P02760|AMBP_HUMAN	2.56e-13	54.7	49.02	51
H6VC06	sp|P02760|AMBP_HUMAN	5.12e-11	48.1	43.137	51
H6VC06	sp|Q8TEU8|WFKN2_HUMAN	1.39e-12	52.8	41.176	51
H6VC06	sp|Q8TEU8|WFKN2_HUMAN	2.74e-07	37.7	30.769	52
H6VC06	sp|Q8TEU8|WFKN2_HUMAN	1.9	18.1	30.435	23
H6VC06	sp|P48307|TFPI2_HUMAN	1.59e-12	52.0	49.02	51
H6VC06	sp|P48307|TFPI2_HUMAN	2.03e-12	51.6	44.0	50
H6VC06	sp|P48307|TFPI2_HUMAN	4.2e-05	31.2	33.333	60
H6VC06	sp|O95925|EPPI_HUMAN	4.69e-12	49.3	37.931	58
H6VC06	sp|O95428|PPN_HUMAN	2.63e-11	48.9	38.983	59
H6VC06	sp|O95428|PPN_HUMAN	1.2	18.9	46.154	13
H6VC06	sp|O43278|SPIT1_HUMAN	3.16e-11	48.9	43.396	53
H6VC06	sp|O43278|SPIT1_HUMAN	5.11e-11	48.1	36.923	65
H6VC06	sp|Q02388|CO7A1_HUMAN	1.49e-10	47.0	38.889	54
H6VC06	sp|Q6UDR6|SPIT4_HUMAN	7.83e-10	43.1	40.26	77
H6VC06	sp|Q96NZ8|WFKN1_HUMAN	9.79e-09	41.6	39.216	51
H6VC06	sp|Q96NZ8|WFKN1_HUMAN	0.000234	29.3	28.889	45
H6VC06	sp|Q8IUA0|WFDC8_HUMAN	4.65e-08	39.7	36.538	52
H6VC06	sp|Q9BQY6|WFDC6_HUMAN	3.9e-05	31.2	46.667	30
O54819	sp|P10646|TFPI1_HUMAN	1.5e-117	332.0	59.31	290
O54819	sp|P48307|TFPI2_HUMAN	3.13e-24	90.1	31.658	199
O54819	sp|P48307|TFPI2_HUMAN	2.86e-21	82.0	28.824	170
O54819	sp|P48307|TFPI2_HUMAN	5.2e-09	46.6	39.623	53
O54819	sp|O43291|SPIT2_HUMAN	5.17e-24	89.7	33.333	165
O54819	sp|O43291|SPIT2_HUMAN	2.66e-20	79.7	27.711	166
O54819	sp|O43291|SPIT2_HUMAN	1.79e-11	54.3	37.5	72
O54819	sp|O43291|SPIT2_HUMAN	1.01e-10	52.0	32.836	67
O54819	sp|O43278|SPIT1_HUMAN	3.34e-21	84.7	27.948	229
O54819	sp|O43278|SPIT1_HUMAN	4.43e-09	47.8	37.255	51
O54819	sp|Q8TEU8|WFKN2_HUMAN	2.29e-19	79.3	34.4	125
O54819	sp|Q8TEU8|WFKN2_HUMAN	1.07e-13	62.0	30.178	169
O54819	sp|Q8TEU8|WFKN2_HUMAN	5.95e-07	41.2	30.357	56
O54819	sp|P02760|AMBP_HUMAN	3.1e-19	78.2	31.847	157
O54819	sp|P02760|AMBP_HUMAN	1.95e-15	67.0	28.125	160
O54819	sp|P02760|AMBP_HUMAN	2.38e-10	51.6	41.667	48
O54819	sp|Q96NZ8|WFKN1_HUMAN	2.82e-17	72.8	27.742	155
O54819	sp|Q96NZ8|WFKN1_HUMAN	7.2e-10	50.4	41.509	53
O54819	sp|Q96NZ8|WFKN1_HUMAN	0.004	29.3	31.579	38
O54819	sp|Q96NZ8|WFKN1_HUMAN	2.1	20.4	30.769	26
O54819	sp|P12111|CO6A3_HUMAN	9.62e-15	65.9	40.625	64
O54819	sp|P12111|CO6A3_HUMAN	4.42e-14	63.9	38.462	65
O54819	sp|P12111|CO6A3_HUMAN	1.13e-11	56.2	32.967	91
O54819	sp|P49223|SPIT3_HUMAN	1.03e-13	57.4	43.662	71
O54819	sp|P49223|SPIT3_HUMAN	3.5e-13	55.8	43.636	55
O54819	sp|P49223|SPIT3_HUMAN	5.69e-12	52.4	42.308	52
O54819	sp|Q02388|CO7A1_HUMAN	2.64e-13	61.2	38.667	75
O54819	sp|Q02388|CO7A1_HUMAN	3.89e-11	54.7	36.0	75
O54819	sp|Q02388|CO7A1_HUMAN	2.49e-09	48.9	36.0	75
O54819	sp|Q06481|APLP2_HUMAN	9.72e-13	59.3	36.047	86
O54819	sp|Q06481|APLP2_HUMAN	4.67e-12	57.4	45.455	55
O54819	sp|Q06481|APLP2_HUMAN	1.8e-10	52.4	33.824	68
O54819	sp|P05067|A4_HUMAN	5.76e-12	57.0	41.379	58
O54819	sp|P05067|A4_HUMAN	6.98e-11	53.5	43.137	51
O54819	sp|P05067|A4_HUMAN	7.13e-09	47.4	43.182	44
O54819	sp|O95428|PPN_HUMAN	1.29e-11	56.2	41.818	55
O54819	sp|O95428|PPN_HUMAN	5.15e-11	54.3	39.344	61
O54819	sp|O95428|PPN_HUMAN	3.45e-08	45.4	33.333	60
O54819	sp|O95428|PPN_HUMAN	7.1	18.9	30.556	36
O54819	sp|O95925|EPPI_HUMAN	5.16e-10	48.1	36.842	57
O54819	sp|O95925|EPPI_HUMAN	1.9e-09	46.6	40.385	52
O54819	sp|O95925|EPPI_HUMAN	2.14e-09	46.2	37.255	51
O54819	sp|Q2UY09|COSA1_HUMAN	6.35e-10	50.8	39.655	58
O54819	sp|Q2UY09|COSA1_HUMAN	3.06e-09	48.5	33.929	56
O54819	sp|Q2UY09|COSA1_HUMAN	1.62e-08	46.2	31.481	54
O54819	sp|Q6UDR6|SPIT4_HUMAN	4.77e-09	44.7	33.333	90
O54819	sp|Q6UDR6|SPIT4_HUMAN	1.29e-07	40.4	32.143	56
O54819	sp|Q6UDR6|SPIT4_HUMAN	4.52e-06	36.2	25.0	68
O54819	sp|Q8IUA0|WFDC8_HUMAN	1.72e-06	39.3	30.508	59
O54819	sp|Q8IUA0|WFDC8_HUMAN	2.37e-06	38.9	26.389	72
O54819	sp|Q8IUA0|WFDC8_HUMAN	4.7e-05	34.7	35.294	51
O54819	sp|Q9BQY6|WFDC6_HUMAN	3.72e-05	33.9	55.172	29
O54819	sp|Q9BQY6|WFDC6_HUMAN	5.45e-05	33.5	48.387	31
O54819	sp|Q9BQY6|WFDC6_HUMAN	6.05e-05	33.5	53.333	30
P00979	sp|P10646|TFPI1_HUMAN	3.05e-14	55.8	45.283	53
P00979	sp|P10646|TFPI1_HUMAN	6.61e-13	52.4	36.207	58
P00979	sp|P10646|TFPI1_HUMAN	7.23e-10	43.5	41.176	51
P00979	sp|P12111|CO6A3_HUMAN	4.49e-13	52.8	38.462	52
P00979	sp|P12111|CO6A3_HUMAN	3.7	16.5	37.5	16
P00979	sp|P12111|CO6A3_HUMAN	5.4	16.2	38.462	13
P00979	sp|Q2UY09|COSA1_HUMAN	9.57e-13	52.0	37.736	53
P00979	sp|Q6UDR6|SPIT4_HUMAN	5.24e-12	47.8	41.379	58
P00979	sp|O43291|SPIT2_HUMAN	8.43e-12	48.9	35.088	57
P00979	sp|O43291|SPIT2_HUMAN	4.78e-09	41.2	29.63	54
P00979	sp|P48307|TFPI2_HUMAN	9.11e-11	46.2	33.333	51
P00979	sp|P48307|TFPI2_HUMAN	2.12e-09	42.4	34.545	55
P00979	sp|P48307|TFPI2_HUMAN	0.039	21.9	26.984	63
P00979	sp|O43278|SPIT1_HUMAN	4.86e-10	44.3	37.255	51
P00979	sp|O43278|SPIT1_HUMAN	9.18e-09	40.4	35.294	51
P00979	sp|Q06481|APLP2_HUMAN	9.11e-10	43.5	30.909	55
P00979	sp|P49223|SPIT3_HUMAN	1.13e-09	41.6	34.545	55
P00979	sp|Q8TEU8|WFKN2_HUMAN	1.42e-09	42.7	37.255	51
P00979	sp|Q8TEU8|WFKN2_HUMAN	0.000201	28.5	25.0	52
P00979	sp|Q02388|CO7A1_HUMAN	1.44e-09	42.7	37.037	54
P00979	sp|P02760|AMBP_HUMAN	2.62e-09	42.0	39.216	51
P00979	sp|P02760|AMBP_HUMAN	2.77e-06	33.5	36.735	49
P00979	sp|P05067|A4_HUMAN	4.22e-09	41.6	38.636	44
P00979	sp|O95925|EPPI_HUMAN	2.26e-08	38.9	29.825	57
P00979	sp|Q8IUA0|WFDC8_HUMAN	7.92e-08	37.7	29.31	58
P00979	sp|Q8IUA0|WFDC8_HUMAN	7.4	15.8	29.63	27
P00979	sp|Q96NZ8|WFKN1_HUMAN	9.37e-08	37.7	35.294	51
P00979	sp|Q96NZ8|WFKN1_HUMAN	4.35e-05	30.4	32.432	37
P00979	sp|O95428|PPN_HUMAN	1.53e-07	37.4	33.929	56
P00979	sp|O95428|PPN_HUMAN	2.0	17.3	33.333	27
P00979	sp|Q9BQY6|WFDC6_HUMAN	0.000366	27.3	41.935	31
P00983	sp|Q2UY09|COSA1_HUMAN	8.08e-13	52.0	38.462	52
P00983	sp|P02760|AMBP_HUMAN	1.14e-12	51.6	44.231	52
P00983	sp|P02760|AMBP_HUMAN	5.22e-12	49.7	42.593	54
P00983	sp|Q02388|CO7A1_HUMAN	1.37e-12	51.2	40.741	54
P00983	sp|P05067|A4_HUMAN	2.61e-12	50.4	47.727	44
P00983	sp|O95925|EPPI_HUMAN	3.86e-12	48.5	38.462	52
P00983	sp|P12111|CO6A3_HUMAN	1.05e-11	48.9	39.216	51
P00983	sp|P12111|CO6A3_HUMAN	7.6	15.8	38.889	18
P00983	sp|P10646|TFPI1_HUMAN	1.2e-11	48.5	36.538	52
P00983	sp|P10646|TFPI1_HUMAN	2.97e-11	47.4	38.182	55
P00983	sp|P10646|TFPI1_HUMAN	3.58e-10	44.3	42.593	54
P00983	sp|Q96NZ8|WFKN1_HUMAN	8.33e-11	46.2	40.741	54
P00983	sp|Q96NZ8|WFKN1_HUMAN	9.3e-05	29.3	31.818	44
P00983	sp|Q8TEU8|WFKN2_HUMAN	1.21e-10	45.8	36.538	52
P00983	sp|Q8TEU8|WFKN2_HUMAN	6.75e-06	32.3	36.111	36
P00983	sp|P48307|TFPI2_HUMAN	3.19e-10	44.3	41.176	51
P00983	sp|P48307|TFPI2_HUMAN	3.59e-06	33.1	34.0	50
P00983	sp|O95428|PPN_HUMAN	3.3e-10	44.7	37.037	54
P00983	sp|P49223|SPIT3_HUMAN	1.08e-09	41.2	31.481	54
P00983	sp|Q06481|APLP2_HUMAN	1.2e-09	43.1	33.333	51
P00983	sp|O43291|SPIT2_HUMAN	3.62e-08	38.9	35.294	51
P00983	sp|O43291|SPIT2_HUMAN	1.4e-07	37.0	32.075	53
P00983	sp|O43278|SPIT1_HUMAN	9.3e-08	37.7	35.294	51
P00983	sp|O43278|SPIT1_HUMAN	2.12e-05	31.2	36.364	44
P00983	sp|Q6UDR6|SPIT4_HUMAN	1.65e-07	35.8	34.615	52
P00983	sp|Q8IUA0|WFDC8_HUMAN	3.19e-07	36.2	35.849	53
P00983	sp|Q8IUA0|WFDC8_HUMAN	2.8	16.9	57.143	14
P00983	sp|Q9BQY6|WFDC6_HUMAN	0.000818	26.6	39.474	38
P00987	sp|Q2UY09|COSA1_HUMAN	4.64e-12	51.2	37.097	62
P00987	sp|Q2UY09|COSA1_HUMAN	3.1	17.7	50.0	16
P00987	sp|Q2UY09|COSA1_HUMAN	9.8	16.2	62.5	8
P00987	sp|P12111|CO6A3_HUMAN	5.95e-11	48.1	39.216	51
P00987	sp|Q8TEU8|WFKN2_HUMAN	7.69e-10	44.7	33.929	56
P00987	sp|Q8TEU8|WFKN2_HUMAN	6.8e-08	39.3	33.333	51
P00987	sp|Q8IUA0|WFDC8_HUMAN	3.37e-09	42.7	38.0	50
P00987	sp|P48307|TFPI2_HUMAN	6.46e-09	42.0	40.426	47
P00987	sp|P48307|TFPI2_HUMAN	8.52e-08	38.9	38.776	49
P00987	sp|P48307|TFPI2_HUMAN	1.1	18.9	30.303	33
P00987	sp|P10646|TFPI1_HUMAN	7.42e-09	42.0	38.298	47
P00987	sp|P10646|TFPI1_HUMAN	1.35e-07	38.5	30.769	65
P00987	sp|P10646|TFPI1_HUMAN	9.84e-07	35.8	32.812	64
P00987	sp|Q06481|APLP2_HUMAN	1.84e-08	40.8	33.333	57
P00987	sp|Q06481|APLP2_HUMAN	3.7	17.3	21.951	41
P00987	sp|P05067|A4_HUMAN	3.95e-08	40.0	36.957	46
P00987	sp|P05067|A4_HUMAN	6.6	16.5	45.455	11
P00987	sp|O95925|EPPI_HUMAN	5.05e-08	38.9	36.17	47
P00987	sp|P02760|AMBP_HUMAN	7.4e-08	39.3	33.929	56
P00987	sp|P02760|AMBP_HUMAN	1.86e-07	38.1	37.736	53
P00987	sp|P02760|AMBP_HUMAN	2.2	18.1	34.615	26
P00987	sp|O95428|PPN_HUMAN	2.64e-07	37.7	33.333	48
P00987	sp|O95428|PPN_HUMAN	4.3	17.3	50.0	14
P00987	sp|O95428|PPN_HUMAN	9.2	16.2	43.75	16
P00987	sp|O43291|SPIT2_HUMAN	2.94e-07	37.4	37.778	45
P00987	sp|O43291|SPIT2_HUMAN	2.76e-05	32.0	29.825	57
P00987	sp|Q02388|CO7A1_HUMAN	3.14e-07	37.4	33.333	54
P00987	sp|Q02388|CO7A1_HUMAN	7.6	16.5	55.556	9
P00987	sp|Q02388|CO7A1_HUMAN	9.9	16.2	60.0	10
P00987	sp|Q6UDR6|SPIT4_HUMAN	4.84e-07	35.8	31.579	76
P00987	sp|Q96NZ8|WFKN1_HUMAN	5.04e-07	37.0	35.849	53
P00987	sp|Q96NZ8|WFKN1_HUMAN	9.82e-05	30.4	33.333	39
P00987	sp|O43278|SPIT1_HUMAN	1.44e-06	35.4	37.255	51
P00987	sp|O43278|SPIT1_HUMAN	2.69e-06	34.7	33.333	60
P00987	sp|P49223|SPIT3_HUMAN	2.3e-06	33.9	32.692	52
P00987	sp|Q9BQY6|WFDC6_HUMAN	8.34e-06	32.7	42.424	33
P00989	sp|P12111|CO6A3_HUMAN	9.44e-13	53.1	41.176	51
P00989	sp|O43278|SPIT1_HUMAN	2.95e-11	48.9	39.216	51
P00989	sp|O43278|SPIT1_HUMAN	1.55e-06	35.4	27.941	68
P00989	sp|Q06481|APLP2_HUMAN	3.26e-11	48.9	39.216	51
P00989	sp|Q2UY09|COSA1_HUMAN	1.35e-09	44.3	32.812	64
P00989	sp|P02760|AMBP_HUMAN	2.23e-09	43.5	37.255	51
P00989	sp|P02760|AMBP_HUMAN	3.25e-08	40.0	30.357	56
P00989	sp|P02760|AMBP_HUMAN	7.3	16.5	34.615	26
P00989	sp|P05067|A4_HUMAN	3.42e-09	43.1	32.609	46
P00989	sp|P05067|A4_HUMAN	7.8	16.5	45.455	11
P00989	sp|P10646|TFPI1_HUMAN	4.46e-09	42.7	34.483	58
P00989	sp|P10646|TFPI1_HUMAN	4.87e-09	42.4	32.812	64
P00989	sp|P10646|TFPI1_HUMAN	6.8e-09	42.0	37.255	51
P00989	sp|Q8TEU8|WFKN2_HUMAN	8.13e-09	42.0	28.788	66
P00989	sp|Q8TEU8|WFKN2_HUMAN	9.96e-08	38.9	35.294	51
P00989	sp|P48307|TFPI2_HUMAN	3.79e-08	40.0	38.298	47
P00989	sp|P48307|TFPI2_HUMAN	1.01e-07	38.9	36.735	49
P00989	sp|O95428|PPN_HUMAN	7.04e-08	39.3	38.095	42
P00989	sp|O95925|EPPI_HUMAN	1.36e-07	37.7	34.545	55
P00989	sp|Q96NZ8|WFKN1_HUMAN	2.24e-07	37.7	45.714	35
P00989	sp|Q96NZ8|WFKN1_HUMAN	0.003	26.2	25.49	51
P00989	sp|Q02388|CO7A1_HUMAN	2.66e-07	37.7	33.333	54
P00989	sp|P49223|SPIT3_HUMAN	2.77e-07	36.2	33.333	51
P00989	sp|Q6UDR6|SPIT4_HUMAN	8.94e-07	35.0	45.455	33
P00989	sp|O43291|SPIT2_HUMAN	1.66e-06	35.4	30.769	52
P00989	sp|O43291|SPIT2_HUMAN	3.2e-05	31.6	30.952	42
P00989	sp|Q8IUA0|WFDC8_HUMAN	2.29e-06	35.0	32.558	43
P00989	sp|Q8IUA0|WFDC8_HUMAN	8.0	16.2	34.483	29
P00989	sp|Q9BQY6|WFDC6_HUMAN	5.48e-06	33.5	40.625	32
P00991	sp|P10646|TFPI1_HUMAN	7.63e-20	72.8	47.368	57
P00991	sp|P10646|TFPI1_HUMAN	9.36e-16	61.6	42.373	59
P00991	sp|P10646|TFPI1_HUMAN	4.32e-15	59.7	45.902	61
P00991	sp|P48307|TFPI2_HUMAN	5.02e-17	64.3	48.214	56
P00991	sp|P48307|TFPI2_HUMAN	4.84e-13	53.5	44.0	50
P00991	sp|P48307|TFPI2_HUMAN	0.000898	27.7	30.0	50
P00991	sp|Q06481|APLP2_HUMAN	1.31e-16	64.3	45.455	66
P00991	sp|P12111|CO6A3_HUMAN	4.62e-16	62.8	42.373	59
P00991	sp|P12111|CO6A3_HUMAN	8.6	16.5	66.667	6
P00991	sp|Q8TEU8|WFKN2_HUMAN	1.3e-15	61.6	49.02	51
P00991	sp|Q8TEU8|WFKN2_HUMAN	2e-08	41.2	33.333	51
P00991	sp|P05067|A4_HUMAN	1.39e-15	61.2	50.0	54
P00991	sp|Q2UY09|COSA1_HUMAN	5.33e-15	59.7	40.323	62
P00991	sp|O43291|SPIT2_HUMAN	7.16e-15	58.9	43.396	53
P00991	sp|O43291|SPIT2_HUMAN	1.77e-14	57.8	41.071	56
P00991	sp|O43278|SPIT1_HUMAN	1.16e-13	55.8	38.095	63
P00991	sp|O43278|SPIT1_HUMAN	2.41e-13	55.1	39.13	69
P00991	sp|O43278|SPIT1_HUMAN	2.4	18.1	41.176	17
P00991	sp|O95428|PPN_HUMAN	1.55e-13	55.5	42.623	61
P00991	sp|O95428|PPN_HUMAN	1.1	18.9	36.0	25
P00991	sp|O95428|PPN_HUMAN	1.4	18.9	29.167	24
P00991	sp|O95428|PPN_HUMAN	3.0	17.7	35.294	17
P00991	sp|P49223|SPIT3_HUMAN	1.06e-12	50.4	35.185	54
P00991	sp|O95925|EPPI_HUMAN	2.05e-12	50.4	43.137	51
P00991	sp|P02760|AMBP_HUMAN	2.3e-12	52.0	43.86	57
P00991	sp|P02760|AMBP_HUMAN	3.03e-12	52.0	45.455	55
P00991	sp|Q96NZ8|WFKN1_HUMAN	2.64e-12	52.0	43.137	51
P00991	sp|Q96NZ8|WFKN1_HUMAN	3.5e-06	34.7	35.0	40
P00991	sp|Q96NZ8|WFKN1_HUMAN	2.3	18.1	25.0	36
P00991	sp|Q02388|CO7A1_HUMAN	3.91e-12	51.6	39.062	64
P00991	sp|Q02388|CO7A1_HUMAN	0.51	20.0	47.368	19
P00991	sp|Q02388|CO7A1_HUMAN	6.2	16.9	42.857	14
P00991	sp|Q8IUA0|WFDC8_HUMAN	1.78e-10	46.6	43.137	51
P00991	sp|Q6UDR6|SPIT4_HUMAN	7.99e-10	43.1	36.364	77
P00991	sp|Q9BQY6|WFDC6_HUMAN	5.14e-06	33.5	57.692	26
P00992	sp|P10646|TFPI1_HUMAN	1.82e-19	72.0	43.86	57
P00992	sp|P10646|TFPI1_HUMAN	1.18e-15	61.6	43.421	76
P00992	sp|P10646|TFPI1_HUMAN	4.53e-15	59.7	44.231	52
P00992	sp|P48307|TFPI2_HUMAN	2.41e-16	62.8	41.791	67
P00992	sp|P48307|TFPI2_HUMAN	7.28e-11	47.8	42.0	50
P00992	sp|P48307|TFPI2_HUMAN	0.002	26.9	29.032	62
P00992	sp|Q06481|APLP2_HUMAN	2.75e-16	63.5	46.667	60
P00992	sp|P12111|CO6A3_HUMAN	4.52e-15	60.1	38.71	62
P00992	sp|Q8TEU8|WFKN2_HUMAN	5.07e-15	60.1	47.059	51
P00992	sp|Q8TEU8|WFKN2_HUMAN	2.49e-08	40.8	28.358	67
P00992	sp|O95925|EPPI_HUMAN	1.03e-14	56.6	43.636	55
P00992	sp|Q2UY09|COSA1_HUMAN	1.94e-14	58.2	38.095	63
P00992	sp|O43278|SPIT1_HUMAN	1.1e-13	56.2	39.13	69
P00992	sp|O43278|SPIT1_HUMAN	3.43e-11	48.9	43.478	46
P00992	sp|O43291|SPIT2_HUMAN	1.4e-13	55.5	44.231	52
P00992	sp|O43291|SPIT2_HUMAN	7.8e-13	53.5	37.705	61
P00992	sp|O95428|PPN_HUMAN	6.16e-13	53.9	40.323	62
P00992	sp|P49223|SPIT3_HUMAN	7.51e-13	50.8	34.848	66
P00992	sp|Q02388|CO7A1_HUMAN	1.15e-12	53.1	36.111	72
P00992	sp|Q02388|CO7A1_HUMAN	5.4	17.3	42.105	19
P00992	sp|P02760|AMBP_HUMAN	1.41e-12	52.8	43.137	51
P00992	sp|P02760|AMBP_HUMAN	2.79e-12	52.0	41.818	55
P00992	sp|P02760|AMBP_HUMAN	2.9	17.7	41.667	24
P00992	sp|P05067|A4_HUMAN	2.36e-12	52.4	44.681	47
P00992	sp|Q96NZ8|WFKN1_HUMAN	5.77e-12	51.2	41.176	51
P00992	sp|Q96NZ8|WFKN1_HUMAN	2.61e-05	32.3	33.333	36
P00992	sp|Q6UDR6|SPIT4_HUMAN	1.11e-11	48.1	35.366	82
P00992	sp|Q8IUA0|WFDC8_HUMAN	2.67e-09	43.5	40.385	52
P00992	sp|Q9BQY6|WFDC6_HUMAN	3.98e-06	33.9	57.692	26
P0C1X2	sp|P10646|TFPI1_HUMAN	2.16e-13	54.7	45.902	61
P0C1X2	sp|P10646|TFPI1_HUMAN	1.12e-10	47.4	39.344	61
P0C1X2	sp|P10646|TFPI1_HUMAN	5.09e-09	42.4	36.923	65
P0C1X2	sp|P12111|CO6A3_HUMAN	2.07e-11	49.3	40.385	52
P0C1X2	sp|P48307|TFPI2_HUMAN	6.23e-11	47.8	43.103	58
P0C1X2	sp|P48307|TFPI2_HUMAN	1.08e-05	33.1	35.185	54
P0C1X2	sp|P49223|SPIT3_HUMAN	8.31e-11	45.4	35.088	57
P0C1X2	sp|O43278|SPIT1_HUMAN	6.03e-10	45.1	38.983	59
P0C1X2	sp|O43278|SPIT1_HUMAN	9.26e-05	30.4	38.889	36
P0C1X2	sp|O43278|SPIT1_HUMAN	1.2	18.9	53.846	13
P0C1X2	sp|Q8TEU8|WFKN2_HUMAN	2.1e-09	43.5	38.028	71
P0C1X2	sp|Q8TEU8|WFKN2_HUMAN	0.004	25.8	25.397	63
P0C1X2	sp|Q8TEU8|WFKN2_HUMAN	3.2	17.7	32.0	25
P0C1X2	sp|Q06481|APLP2_HUMAN	3.76e-09	43.1	34.286	70
P0C1X2	sp|O95428|PPN_HUMAN	2.17e-08	40.8	38.889	54
P0C1X2	sp|Q02388|CO7A1_HUMAN	7.13e-08	39.3	37.705	61
P0C1X2	sp|Q02388|CO7A1_HUMAN	0.63	19.6	26.562	64
P0C1X2	sp|Q02388|CO7A1_HUMAN	3.5	17.7	50.0	12
P0C1X2	sp|Q96NZ8|WFKN1_HUMAN	1.96e-07	38.1	39.216	51
P0C1X2	sp|Q6UDR6|SPIT4_HUMAN	3.52e-07	36.2	32.692	52
P0C1X2	sp|O95925|EPPI_HUMAN	2.14e-06	34.7	29.091	55
P0C1X2	sp|Q2UY09|COSA1_HUMAN	2.19e-06	35.0	37.838	37
P0C1X2	sp|Q2UY09|COSA1_HUMAN	2.6	18.1	38.095	21
P0C1X2	sp|P02760|AMBP_HUMAN	4.16e-06	34.3	35.294	51
P0C1X2	sp|P02760|AMBP_HUMAN	0.000301	28.9	26.415	53
P0C1X2	sp|P05067|A4_HUMAN	4.82e-06	34.3	34.043	47
P0C1X2	sp|Q8IUA0|WFDC8_HUMAN	5.18e-06	33.9	28.169	71
P0C1X2	sp|O43291|SPIT2_HUMAN	0.000241	29.3	30.769	52
P0C1X2	sp|O43291|SPIT2_HUMAN	0.000447	28.5	36.111	36
P0C1X2	sp|Q9BQY6|WFDC6_HUMAN	0.000675	27.7	46.429	28
P0C5J5	sp|Q96NZ8|WFKN1_HUMAN	0.0	939.0	87.992	533
P0C5J5	sp|Q8TEU8|WFKN2_HUMAN	0.0	607.0	56.691	538
P0C5J5	sp|P48307|TFPI2_HUMAN	4.35e-15	65.9	31.405	121
P0C5J5	sp|P48307|TFPI2_HUMAN	1.32e-08	46.6	41.667	48
P0C5J5	sp|P48307|TFPI2_HUMAN	4.95e-08	45.1	28.947	114
P0C5J5	sp|P48307|TFPI2_HUMAN	2.3	21.2	29.032	31
P0C5J5	sp|O95925|EPPI_HUMAN	3.01e-14	61.2	37.143	70
P0C5J5	sp|O95925|EPPI_HUMAN	0.011	27.7	24.444	45
P0C5J5	sp|O95925|EPPI_HUMAN	0.15	24.3	47.368	19
P0C5J5	sp|P10646|TFPI1_HUMAN	5.31e-14	63.9	31.304	115
P0C5J5	sp|P10646|TFPI1_HUMAN	1.28e-13	62.8	27.778	162
P0C5J5	sp|P10646|TFPI1_HUMAN	1.81e-11	56.2	44.231	52
P0C5J5	sp|P10646|TFPI1_HUMAN	0.37	23.9	26.316	38
P0C5J5	sp|P10646|TFPI1_HUMAN	1.3	21.9	22.222	45
P0C5J5	sp|P49223|SPIT3_HUMAN	5.45e-14	58.9	47.17	53
P0C5J5	sp|P49223|SPIT3_HUMAN	0.000691	30.4	28.767	73
P0C5J5	sp|P02760|AMBP_HUMAN	6.8e-14	63.9	37.5	88
P0C5J5	sp|P02760|AMBP_HUMAN	4.67e-09	48.9	38.028	71
P0C5J5	sp|P02760|AMBP_HUMAN	3.37e-05	36.6	37.255	51
P0C5J5	sp|O43291|SPIT2_HUMAN	3.75e-12	57.8	26.277	137
P0C5J5	sp|O43291|SPIT2_HUMAN	2.22e-11	55.1	40.351	57
P0C5J5	sp|O43291|SPIT2_HUMAN	5.14e-05	35.8	30.303	99
P0C5J5	sp|P12111|CO6A3_HUMAN	1.15e-11	58.2	41.667	60
P0C5J5	sp|P12111|CO6A3_HUMAN	0.007	29.6	31.429	35
P0C5J5	sp|Q02388|CO7A1_HUMAN	1.47e-11	57.8	45.614	57
P0C5J5	sp|Q02388|CO7A1_HUMAN	0.46	23.9	40.741	27
P0C5J5	sp|Q8IUA0|WFDC8_HUMAN	3.33e-11	54.7	39.394	66
P0C5J5	sp|Q8IUA0|WFDC8_HUMAN	0.003	30.0	36.111	36
P0C5J5	sp|Q8IUA0|WFDC8_HUMAN	0.52	23.1	37.037	27
P0C5J5	sp|Q8IUA0|WFDC8_HUMAN	0.67	22.7	45.455	22
P0C5J5	sp|Q8IUA0|WFDC8_HUMAN	1.4	21.9	33.333	45
P0C5J5	sp|Q06481|APLP2_HUMAN	1.22e-10	54.7	43.333	60
P0C5J5	sp|Q06481|APLP2_HUMAN	0.003	30.8	34.286	35
P0C5J5	sp|O95428|PPN_HUMAN	2.2e-10	53.9	43.137	51
P0C5J5	sp|O95428|PPN_HUMAN	3.11e-05	37.4	29.67	91
P0C5J5	sp|O95428|PPN_HUMAN	8.22e-05	35.8	32.632	95
P0C5J5	sp|O95428|PPN_HUMAN	0.14	25.4	45.0	20
P0C5J5	sp|O95428|PPN_HUMAN	0.25	24.6	31.429	35
P0C5J5	sp|O95428|PPN_HUMAN	7.5	19.6	26.23	61
P0C5J5	sp|O43278|SPIT1_HUMAN	2.88e-10	53.1	41.27	63
P0C5J5	sp|O43278|SPIT1_HUMAN	3.58e-10	52.8	34.211	76
P0C5J5	sp|O43278|SPIT1_HUMAN	0.13	25.4	24.675	77
P0C5J5	sp|O43278|SPIT1_HUMAN	0.17	25.0	28.571	35
P0C5J5	sp|Q6UDR6|SPIT4_HUMAN	8.96e-09	44.7	36.667	60
P0C5J5	sp|Q6UDR6|SPIT4_HUMAN	8.0	18.9	25.641	39
P0C5J5	sp|P05067|A4_HUMAN	1.02e-08	48.5	43.182	44
P0C5J5	sp|P05067|A4_HUMAN	0.004	30.4	35.417	48
P0C5J5	sp|Q2UY09|COSA1_HUMAN	2.52e-06	40.8	38.0	50
P0C5J5	sp|Q2UY09|COSA1_HUMAN	0.000113	35.4	33.333	42
P0C5J5	sp|Q9BQY6|WFDC6_HUMAN	0.001	30.4	46.154	26
P0C5J5	sp|Q9BQY6|WFDC6_HUMAN	0.004	29.3	30.159	63
P0C8W3	sp|P49223|SPIT3_HUMAN	5.03e-18	63.9	51.923	52
P0C8W3	sp|Q8TEU8|WFKN2_HUMAN	1.22e-17	67.0	49.02	51
P0C8W3	sp|Q8TEU8|WFKN2_HUMAN	1.52e-08	41.2	33.333	51
P0C8W3	sp|Q06481|APLP2_HUMAN	3.7e-17	65.9	41.935	62
P0C8W3	sp|P48307|TFPI2_HUMAN	9.85e-17	63.5	46.154	65
P0C8W3	sp|P48307|TFPI2_HUMAN	4.28e-10	45.4	42.553	47
P0C8W3	sp|P48307|TFPI2_HUMAN	3.53e-05	31.6	35.0	40
P0C8W3	sp|O43291|SPIT2_HUMAN	1.07e-16	63.5	50.98	51
P0C8W3	sp|O43291|SPIT2_HUMAN	3.27e-16	62.4	45.098	51
P0C8W3	sp|O95428|PPN_HUMAN	1.1e-16	64.3	42.188	64
P0C8W3	sp|O95428|PPN_HUMAN	5.9	16.9	71.429	7
P0C8W3	sp|P05067|A4_HUMAN	3.66e-16	62.8	47.826	46
P0C8W3	sp|O43278|SPIT1_HUMAN	4.44e-16	62.8	47.273	55
P0C8W3	sp|O43278|SPIT1_HUMAN	1.72e-15	60.8	43.333	60
P0C8W3	sp|O43278|SPIT1_HUMAN	0.56	19.6	28.261	46
P0C8W3	sp|O95925|EPPI_HUMAN	2.05e-15	58.2	41.818	55
P0C8W3	sp|P12111|CO6A3_HUMAN	1.12e-14	58.9	45.098	51
P0C8W3	sp|P12111|CO6A3_HUMAN	5.1	16.9	30.435	23
P0C8W3	sp|Q96NZ8|WFKN1_HUMAN	1.27e-14	58.5	45.098	51
P0C8W3	sp|Q96NZ8|WFKN1_HUMAN	4.45e-06	34.3	28.889	45
P0C8W3	sp|Q96NZ8|WFKN1_HUMAN	4.4	17.3	37.5	24
P0C8W3	sp|P10646|TFPI1_HUMAN	1.41e-13	55.5	47.059	51
P0C8W3	sp|P10646|TFPI1_HUMAN	7.55e-12	50.4	40.385	52
P0C8W3	sp|P10646|TFPI1_HUMAN	7.67e-11	47.8	40.385	52
P0C8W3	sp|Q02388|CO7A1_HUMAN	2.4e-13	55.1	44.444	54
P0C8W3	sp|P02760|AMBP_HUMAN	2.82e-13	54.7	41.509	53
P0C8W3	sp|P02760|AMBP_HUMAN	9.96e-12	50.4	41.176	51
P0C8W3	sp|Q2UY09|COSA1_HUMAN	2.15e-10	46.6	35.294	51
P0C8W3	sp|Q8IUA0|WFDC8_HUMAN	5.28e-10	45.1	39.655	58
P0C8W3	sp|Q6UDR6|SPIT4_HUMAN	1.41e-07	37.4	27.711	83
P0C8W3	sp|Q9BQY6|WFDC6_HUMAN	1.5e-05	32.3	42.424	33
P0DJ45	sp|O43291|SPIT2_HUMAN	2.83e-16	62.0	50.0	52
P0DJ45	sp|O43291|SPIT2_HUMAN	5.18e-10	45.1	39.216	51
P0DJ45	sp|P49223|SPIT3_HUMAN	8.99e-16	57.8	50.943	53
P0DJ45	sp|P10646|TFPI1_HUMAN	3.68e-14	56.6	48.148	54
P0DJ45	sp|P10646|TFPI1_HUMAN	3.94e-11	48.1	45.455	55
P0DJ45	sp|P10646|TFPI1_HUMAN	2.71e-09	43.1	38.182	55
P0DJ45	sp|Q8TEU8|WFKN2_HUMAN	1.47e-13	55.1	45.098	51
P0DJ45	sp|Q8TEU8|WFKN2_HUMAN	2.04e-06	35.0	30.909	55
P0DJ45	sp|P48307|TFPI2_HUMAN	1.07e-12	52.4	48.936	47
P0DJ45	sp|P48307|TFPI2_HUMAN	2e-11	48.9	45.283	53
P0DJ45	sp|P48307|TFPI2_HUMAN	0.2	20.8	31.818	44
P0DJ45	sp|Q02388|CO7A1_HUMAN	2.1e-12	52.0	41.379	58
P0DJ45	sp|P05067|A4_HUMAN	2.63e-12	51.6	42.0	50
P0DJ45	sp|P12111|CO6A3_HUMAN	3.86e-12	51.2	38.462	52
P0DJ45	sp|P12111|CO6A3_HUMAN	3.3	17.3	31.034	29
P0DJ45	sp|Q06481|APLP2_HUMAN	9.01e-12	50.1	40.741	54
P0DJ45	sp|O43278|SPIT1_HUMAN	1.46e-11	49.7	36.667	60
P0DJ45	sp|O43278|SPIT1_HUMAN	3.05e-10	45.8	38.333	60
P0DJ45	sp|O95925|EPPI_HUMAN	1.73e-11	47.8	37.255	51
P0DJ45	sp|O95428|PPN_HUMAN	1.87e-11	49.3	41.071	56
P0DJ45	sp|O95428|PPN_HUMAN	0.85	19.2	27.397	73
P0DJ45	sp|O95428|PPN_HUMAN	5.8	16.5	55.556	9
P0DJ45	sp|P02760|AMBP_HUMAN	2.39e-11	48.9	38.71	62
P0DJ45	sp|P02760|AMBP_HUMAN	3e-06	34.3	35.294	51
P0DJ45	sp|Q6UDR6|SPIT4_HUMAN	9.77e-10	42.7	33.696	92
P0DJ45	sp|Q96NZ8|WFKN1_HUMAN	1.14e-08	41.2	35.849	53
P0DJ45	sp|Q96NZ8|WFKN1_HUMAN	4.72e-05	31.2	36.842	38
P0DJ45	sp|Q2UY09|COSA1_HUMAN	3.28e-07	37.4	33.333	39
P0DJ45	sp|Q8IUA0|WFDC8_HUMAN	1.26e-06	35.4	33.333	51
P0DJ45	sp|Q9BQY6|WFDC6_HUMAN	4.35e-05	30.8	50.0	28
P0DJ46	sp|O43291|SPIT2_HUMAN	2.19e-16	62.4	50.0	52
P0DJ46	sp|O43291|SPIT2_HUMAN	3.35e-10	45.4	39.216	51
P0DJ46	sp|P49223|SPIT3_HUMAN	8.42e-16	57.8	50.98	51
P0DJ46	sp|P10646|TFPI1_HUMAN	2.28e-14	57.4	48.148	54
P0DJ46	sp|P10646|TFPI1_HUMAN	1.32e-11	49.7	45.455	55
P0DJ46	sp|P10646|TFPI1_HUMAN	1.27e-09	43.9	38.182	55
P0DJ46	sp|Q8TEU8|WFKN2_HUMAN	5.91e-14	56.2	45.098	51
P0DJ46	sp|Q8TEU8|WFKN2_HUMAN	1.54e-06	35.4	30.909	55
P0DJ46	sp|P48307|TFPI2_HUMAN	6.3e-13	52.8	48.936	47
P0DJ46	sp|P48307|TFPI2_HUMAN	7.38e-12	50.1	45.283	53
P0DJ46	sp|P48307|TFPI2_HUMAN	0.035	23.1	32.203	59
P0DJ46	sp|Q02388|CO7A1_HUMAN	9.61e-13	52.8	44.444	54
P0DJ46	sp|P05067|A4_HUMAN	1.34e-12	52.4	42.0	50
P0DJ46	sp|P12111|CO6A3_HUMAN	1.41e-12	52.4	38.462	52
P0DJ46	sp|P12111|CO6A3_HUMAN	5.1	16.9	31.034	29
P0DJ46	sp|Q06481|APLP2_HUMAN	4.41e-12	50.8	40.741	54
P0DJ46	sp|P02760|AMBP_HUMAN	8.54e-12	50.1	40.323	62
P0DJ46	sp|P02760|AMBP_HUMAN	1.66e-06	35.0	34.615	52
P0DJ46	sp|O95925|EPPI_HUMAN	1.04e-11	48.5	37.255	51
P0DJ46	sp|O95428|PPN_HUMAN	1.09e-11	50.1	41.071	56
P0DJ46	sp|O95428|PPN_HUMAN	5.8	16.5	55.556	9
P0DJ46	sp|O43278|SPIT1_HUMAN	1.59e-11	49.3	36.667	60
P0DJ46	sp|O43278|SPIT1_HUMAN	1.09e-10	47.0	40.0	60
P0DJ46	sp|Q6UDR6|SPIT4_HUMAN	5.02e-10	43.5	34.783	92
P0DJ46	sp|Q96NZ8|WFKN1_HUMAN	9.16e-09	41.6	37.255	51
P0DJ46	sp|Q96NZ8|WFKN1_HUMAN	2.83e-05	31.6	36.842	38
P0DJ46	sp|Q2UY09|COSA1_HUMAN	1.69e-07	38.1	33.333	39
P0DJ46	sp|Q8IUA0|WFDC8_HUMAN	8.04e-07	35.8	31.481	54
P0DJ46	sp|Q9BQY6|WFDC6_HUMAN	3.55e-05	31.2	50.0	28
P0DJ50	sp|P49223|SPIT3_HUMAN	2.4e-18	64.3	50.0	60
P0DJ50	sp|O43291|SPIT2_HUMAN	6.98e-18	66.6	53.846	52
P0DJ50	sp|O43291|SPIT2_HUMAN	7.93e-12	50.1	37.255	51
P0DJ50	sp|Q8TEU8|WFKN2_HUMAN	2.52e-17	65.9	54.902	51
P0DJ50	sp|Q8TEU8|WFKN2_HUMAN	5.57e-07	36.6	30.909	55
P0DJ50	sp|O95925|EPPI_HUMAN	4.91e-17	62.0	48.077	52
P0DJ50	sp|P12111|CO6A3_HUMAN	3.85e-16	62.8	39.623	53
P0DJ50	sp|P12111|CO6A3_HUMAN	7.4	16.5	57.143	7
P0DJ50	sp|Q02388|CO7A1_HUMAN	4.42e-16	62.4	44.643	56
P0DJ50	sp|P48307|TFPI2_HUMAN	3.17e-15	59.3	49.02	51
P0DJ50	sp|P48307|TFPI2_HUMAN	1.23e-11	49.3	44.681	47
P0DJ50	sp|P48307|TFPI2_HUMAN	1.87e-05	32.3	34.694	49
P0DJ50	sp|P10646|TFPI1_HUMAN	7.17e-15	58.5	43.284	67
P0DJ50	sp|P10646|TFPI1_HUMAN	9.71e-14	55.5	44.444	54
P0DJ50	sp|P10646|TFPI1_HUMAN	2.78e-13	54.3	44.231	52
P0DJ50	sp|O95428|PPN_HUMAN	1.04e-14	58.5	41.379	58
P0DJ50	sp|O95428|PPN_HUMAN	7.4	16.5	50.0	10
P0DJ50	sp|O95428|PPN_HUMAN	9.4	16.2	62.5	8
P0DJ50	sp|O95428|PPN_HUMAN	9.8	16.2	62.5	8
P0DJ50	sp|Q06481|APLP2_HUMAN	2.2e-13	54.7	39.216	51
P0DJ50	sp|P05067|A4_HUMAN	1.18e-12	52.8	42.553	47
P0DJ50	sp|Q96NZ8|WFKN1_HUMAN	2.3e-12	52.0	42.593	54
P0DJ50	sp|Q96NZ8|WFKN1_HUMAN	5.54e-05	30.8	29.167	48
P0DJ50	sp|P02760|AMBP_HUMAN	6.11e-12	50.4	45.098	51
P0DJ50	sp|P02760|AMBP_HUMAN	4.81e-10	45.1	38.182	55
P0DJ50	sp|O43278|SPIT1_HUMAN	6.21e-12	50.4	41.176	51
P0DJ50	sp|O43278|SPIT1_HUMAN	7.13e-12	50.4	46.939	49
P0DJ50	sp|Q2UY09|COSA1_HUMAN	2.25e-11	48.9	29.032	62
P0DJ50	sp|Q6UDR6|SPIT4_HUMAN	1.19e-10	45.1	43.478	46
P0DJ50	sp|Q8IUA0|WFDC8_HUMAN	2.27e-09	43.1	39.623	53
P0DJ50	sp|Q9BQY6|WFDC6_HUMAN	4.97e-06	33.5	43.75	32
P0DMJ5	sp|Q06481|APLP2_HUMAN	1.09e-20	75.5	52.727	55
P0DMJ5	sp|Q8TEU8|WFKN2_HUMAN	2.24e-19	71.6	56.863	51
P0DMJ5	sp|Q8TEU8|WFKN2_HUMAN	5.99e-09	42.0	37.255	51
P0DMJ5	sp|P05067|A4_HUMAN	6.2e-18	67.4	59.091	44
P0DMJ5	sp|O43291|SPIT2_HUMAN	2.71e-16	62.0	50.98	51
P0DMJ5	sp|O43291|SPIT2_HUMAN	1.68e-14	57.4	47.059	51
P0DMJ5	sp|O43291|SPIT2_HUMAN	5.9	16.5	43.75	16
P0DMJ5	sp|O95925|EPPI_HUMAN	3.4e-16	60.1	42.593	54
P0DMJ5	sp|P48307|TFPI2_HUMAN	5.49e-16	61.2	51.852	54
P0DMJ5	sp|P48307|TFPI2_HUMAN	9.64e-10	43.9	42.857	49
P0DMJ5	sp|P48307|TFPI2_HUMAN	0.021	23.5	26.923	52
P0DMJ5	sp|Q96NZ8|WFKN1_HUMAN	9.02e-16	61.2	46.296	54
P0DMJ5	sp|Q96NZ8|WFKN1_HUMAN	4.43e-07	36.6	34.091	44
P0DMJ5	sp|P49223|SPIT3_HUMAN	5.49e-15	55.8	44.444	54
P0DMJ5	sp|P10646|TFPI1_HUMAN	4.83e-14	56.2	49.057	53
P0DMJ5	sp|P10646|TFPI1_HUMAN	4.03e-13	53.5	38.983	59
P0DMJ5	sp|P10646|TFPI1_HUMAN	7.02e-13	53.1	47.273	55
P0DMJ5	sp|O95428|PPN_HUMAN	4.29e-13	53.9	41.509	53
P0DMJ5	sp|P02760|AMBP_HUMAN	5.41e-13	53.5	49.02	51
P0DMJ5	sp|P02760|AMBP_HUMAN	2.24e-10	45.8	43.478	46
P0DMJ5	sp|Q02388|CO7A1_HUMAN	9.32e-13	52.8	48.148	54
P0DMJ5	sp|Q02388|CO7A1_HUMAN	8.4	16.2	50.0	8
P0DMJ5	sp|P12111|CO6A3_HUMAN	1.76e-12	52.0	40.385	52
P0DMJ5	sp|P12111|CO6A3_HUMAN	3.4	17.3	45.455	11
P0DMJ5	sp|P12111|CO6A3_HUMAN	4.0	17.3	50.0	12
P0DMJ5	sp|O43278|SPIT1_HUMAN	1.77e-12	52.0	39.344	61
P0DMJ5	sp|O43278|SPIT1_HUMAN	1.21e-10	47.0	40.385	52
P0DMJ5	sp|Q8IUA0|WFDC8_HUMAN	4.92e-12	50.4	47.059	51
P0DMJ5	sp|Q2UY09|COSA1_HUMAN	3.1e-11	48.5	37.255	51
P0DMJ5	sp|Q9BQY6|WFDC6_HUMAN	9.83e-07	35.0	46.875	32
P0DMJ5	sp|Q6UDR6|SPIT4_HUMAN	2e-06	33.9	34.286	35
P0DN15	sp|O43291|SPIT2_HUMAN	5.78e-18	67.0	48.387	62
P0DN15	sp|O43291|SPIT2_HUMAN	6.2e-14	56.2	46.154	52
P0DN15	sp|Q06481|APLP2_HUMAN	1.05e-16	64.3	38.158	76
P0DN15	sp|Q8TEU8|WFKN2_HUMAN	4.34e-16	62.8	48.214	56
P0DN15	sp|Q8TEU8|WFKN2_HUMAN	2.14e-07	38.1	31.034	58
P0DN15	sp|Q8TEU8|WFKN2_HUMAN	3.5	17.7	32.353	34
P0DN15	sp|P12111|CO6A3_HUMAN	3.95e-15	60.1	47.059	51
P0DN15	sp|P12111|CO6A3_HUMAN	3.6	17.7	46.667	15
P0DN15	sp|O43278|SPIT1_HUMAN	4.07e-15	60.1	47.17	53
P0DN15	sp|O43278|SPIT1_HUMAN	4.32e-13	54.3	47.826	46
P0DN15	sp|P48307|TFPI2_HUMAN	2.45e-14	57.0	50.0	52
P0DN15	sp|P48307|TFPI2_HUMAN	4.3e-12	50.8	51.064	47
P0DN15	sp|P48307|TFPI2_HUMAN	0.000245	29.3	41.667	36
P0DN15	sp|Q96NZ8|WFKN1_HUMAN	2.73e-14	57.4	47.273	55
P0DN15	sp|Q96NZ8|WFKN1_HUMAN	0.003	26.2	31.429	35
P0DN15	sp|O95428|PPN_HUMAN	2.96e-14	57.4	47.458	59
P0DN15	sp|P10646|TFPI1_HUMAN	1.07e-13	55.8	52.941	51
P0DN15	sp|P10646|TFPI1_HUMAN	1.16e-13	55.5	47.059	51
P0DN15	sp|P10646|TFPI1_HUMAN	1.45e-11	49.7	45.098	51
P0DN15	sp|P05067|A4_HUMAN	1.62e-12	52.4	45.455	44
P0DN15	sp|Q02388|CO7A1_HUMAN	1.85e-12	52.4	41.667	60
P0DN15	sp|O95925|EPPI_HUMAN	2.06e-12	50.4	36.62	71
P0DN15	sp|P02760|AMBP_HUMAN	2.3e-12	52.0	47.059	51
P0DN15	sp|P02760|AMBP_HUMAN	4.27e-10	45.4	42.593	54
P0DN15	sp|P49223|SPIT3_HUMAN	2.35e-11	46.6	41.176	51
P0DN15	sp|Q6UDR6|SPIT4_HUMAN	2.69e-11	47.0	41.27	63
P0DN15	sp|Q6UDR6|SPIT4_HUMAN	3.2	17.3	47.059	17
P0DN15	sp|Q2UY09|COSA1_HUMAN	5.32e-09	42.7	35.294	51
P0DN15	sp|Q2UY09|COSA1_HUMAN	1.9	18.5	29.63	27
P0DN15	sp|Q8IUA0|WFDC8_HUMAN	1.11e-08	41.6	33.824	68
P0DN15	sp|Q9BQY6|WFDC6_HUMAN	4.09e-06	33.9	33.333	54
P15989	sp|P12111|CO6A3_HUMAN	0.0	3726.0	65.153	2884
P15989	sp|Q02388|CO7A1_HUMAN	1.66e-36	143.0	35.569	492
P15989	sp|Q02388|CO7A1_HUMAN	1.2e-32	130.0	33.745	486
P15989	sp|Q02388|CO7A1_HUMAN	7.51e-30	121.0	33.835	532
P15989	sp|Q02388|CO7A1_HUMAN	8.81e-30	121.0	39.763	337
P15989	sp|Q02388|CO7A1_HUMAN	8.88e-30	121.0	36.977	430
P15989	sp|Q02388|CO7A1_HUMAN	9.84e-28	114.0	35.393	178
P15989	sp|Q02388|CO7A1_HUMAN	3.13e-27	112.0	35.644	202
P15989	sp|Q02388|CO7A1_HUMAN	2.21e-24	103.0	32.218	239
P15989	sp|Q02388|CO7A1_HUMAN	3.57e-24	102.0	34.804	204
P15989	sp|Q02388|CO7A1_HUMAN	5.88e-23	98.6	30.901	233
P15989	sp|Q02388|CO7A1_HUMAN	9.98e-23	97.8	34.353	425
P15989	sp|Q02388|CO7A1_HUMAN	4.26e-22	95.9	33.966	474
P15989	sp|Q02388|CO7A1_HUMAN	2.1e-21	93.6	37.264	212
P15989	sp|Q02388|CO7A1_HUMAN	2.83e-20	89.7	31.213	503
P15989	sp|Q02388|CO7A1_HUMAN	1.7e-17	80.9	32.909	471
P15989	sp|Q02388|CO7A1_HUMAN	4.48e-16	75.9	32.484	157
P15989	sp|Q02388|CO7A1_HUMAN	5.27e-15	72.4	43.077	65
P15989	sp|Q02388|CO7A1_HUMAN	1.1e-14	71.2	30.263	228
P15989	sp|Q02388|CO7A1_HUMAN	7.85e-14	68.6	29.121	182
P15989	sp|Q02388|CO7A1_HUMAN	4.16e-11	59.7	25.792	221
P15989	sp|Q02388|CO7A1_HUMAN	3.03e-08	50.1	32.509	283
P15989	sp|Q02388|CO7A1_HUMAN	1.59e-06	44.3	23.984	246
P15989	sp|Q02388|CO7A1_HUMAN	3.16e-06	43.5	48.75	80
P15989	sp|Q02388|CO7A1_HUMAN	3.38e-06	43.5	23.041	217
P15989	sp|Q02388|CO7A1_HUMAN	9e-06	42.0	25.15	167
P15989	sp|Q02388|CO7A1_HUMAN	9.63e-06	42.0	46.341	82
P15989	sp|Q02388|CO7A1_HUMAN	1.03e-05	41.6	24.082	245
P15989	sp|Q02388|CO7A1_HUMAN	1.58e-05	41.2	39.535	86
P15989	sp|Q02388|CO7A1_HUMAN	0.000184	37.7	22.414	174
P15989	sp|Q02388|CO7A1_HUMAN	0.000385	36.6	21.229	179
P15989	sp|Q02388|CO7A1_HUMAN	0.026	30.4	37.778	135
P15989	sp|Q02388|CO7A1_HUMAN	0.067	29.3	24.064	187
P15989	sp|Q02388|CO7A1_HUMAN	0.073	28.9	20.426	235
P15989	sp|Q2UY09|COSA1_HUMAN	1.96e-32	129.0	34.851	505
P15989	sp|Q2UY09|COSA1_HUMAN	4.18e-20	89.0	29.63	297
P15989	sp|Q2UY09|COSA1_HUMAN	8.19e-17	78.2	43.939	66
P15989	sp|Q2UY09|COSA1_HUMAN	6.1e-11	58.9	27.869	183
P15989	sp|Q2UY09|COSA1_HUMAN	3.96e-10	56.2	25.654	191
P15989	sp|Q2UY09|COSA1_HUMAN	1.16e-09	54.7	24.742	194
P15989	sp|Q2UY09|COSA1_HUMAN	1.24e-08	51.2	25.306	245
P15989	sp|Q2UY09|COSA1_HUMAN	1.02e-07	48.1	28.082	146
P15989	sp|Q2UY09|COSA1_HUMAN	4.67e-07	46.2	24.107	224
P15989	sp|Q2UY09|COSA1_HUMAN	2.06e-06	43.9	22.396	192
P15989	sp|Q2UY09|COSA1_HUMAN	0.000348	36.6	25.333	75
P15989	sp|Q2UY09|COSA1_HUMAN	0.000451	36.2	25.414	181
P15989	sp|Q2UY09|COSA1_HUMAN	0.000543	35.8	41.905	105
P15989	sp|Q2UY09|COSA1_HUMAN	0.001	34.7	28.395	81
P15989	sp|Q2UY09|COSA1_HUMAN	0.006	32.7	22.388	201
P15989	sp|Q2UY09|COSA1_HUMAN	0.008	32.0	27.848	79
P15989	sp|Q2UY09|COSA1_HUMAN	0.021	30.8	21.538	195
P15989	sp|Q2UY09|COSA1_HUMAN	0.034	30.0	22.222	81
P15989	sp|Q2UY09|COSA1_HUMAN	0.34	26.9	34.043	47
P15989	sp|Q2UY09|COSA1_HUMAN	0.48	26.2	21.186	118
P15989	sp|Q2UY09|COSA1_HUMAN	1.3	25.0	22.68	97
P15989	sp|P48307|TFPI2_HUMAN	3.47e-14	65.9	48.214	56
P15989	sp|P48307|TFPI2_HUMAN	2.13e-09	51.6	32.727	55
P15989	sp|P48307|TFPI2_HUMAN	1.27e-06	43.1	33.846	65
P15989	sp|P10646|TFPI1_HUMAN	3.61e-14	67.0	44.643	56
P15989	sp|P10646|TFPI1_HUMAN	4.93e-12	60.5	34.375	64
P15989	sp|P10646|TFPI1_HUMAN	3.15e-10	55.1	41.071	56
P15989	sp|P49223|SPIT3_HUMAN	4.45e-14	61.6	39.623	53
P15989	sp|O95925|EPPI_HUMAN	1.97e-13	61.2	43.396	53
P15989	sp|O95428|PPN_HUMAN	3.54e-12	62.8	43.137	51
P15989	sp|O43291|SPIT2_HUMAN	3.95e-12	60.1	42.105	57
P15989	sp|O43291|SPIT2_HUMAN	4.11e-09	50.8	33.929	56
P15989	sp|P05067|A4_HUMAN	1.28e-11	60.8	45.833	48
P15989	sp|Q06481|APLP2_HUMAN	7.99e-11	58.2	39.286	56
P15989	sp|Q8TEU8|WFKN2_HUMAN	3.12e-10	56.2	36.066	61
P15989	sp|Q8TEU8|WFKN2_HUMAN	1.45e-06	44.3	31.579	57
P15989	sp|Q96NZ8|WFKN1_HUMAN	6.57e-10	55.1	38.333	60
P15989	sp|Q96NZ8|WFKN1_HUMAN	7.18e-05	38.5	33.929	56
P15989	sp|Q96NZ8|WFKN1_HUMAN	0.89	25.4	31.373	51
P15989	sp|Q8IUA0|WFDC8_HUMAN	1.1e-09	52.8	34.921	63
P15989	sp|O43278|SPIT1_HUMAN	3.96e-09	52.4	37.255	51
P15989	sp|O43278|SPIT1_HUMAN	1.94e-08	50.1	41.509	53
P15989	sp|P02760|AMBP_HUMAN	6.32e-09	51.2	42.857	56
P15989	sp|P02760|AMBP_HUMAN	2.07e-07	46.6	39.623	53
P15989	sp|Q6UDR6|SPIT4_HUMAN	9.72e-08	43.9	33.929	56
P15989	sp|Q9BQY6|WFDC6_HUMAN	6.5e-05	36.6	50.0	30
P15989	sp|Q9BQY6|WFDC6_HUMAN	3.1	22.7	32.558	43
P25660	sp|P10646|TFPI1_HUMAN	1.92e-15	59.7	42.105	57
P25660	sp|P10646|TFPI1_HUMAN	3.1e-13	53.5	37.037	54
P25660	sp|P10646|TFPI1_HUMAN	3.74e-13	53.1	44.828	58
P25660	sp|Q06481|APLP2_HUMAN	4.23e-15	58.9	45.283	53
P25660	sp|P12111|CO6A3_HUMAN	1.19e-14	57.4	42.308	52
P25660	sp|P12111|CO6A3_HUMAN	0.27	20.0	62.5	8
P25660	sp|P12111|CO6A3_HUMAN	0.29	20.0	54.545	11
P25660	sp|P05067|A4_HUMAN	1.98e-14	57.0	45.283	53
P25660	sp|O43291|SPIT2_HUMAN	1.38e-13	54.3	47.17	53
P25660	sp|O43291|SPIT2_HUMAN	4.78e-10	44.3	33.929	56
P25660	sp|O43278|SPIT1_HUMAN	1.74e-13	54.3	47.059	51
P25660	sp|O43278|SPIT1_HUMAN	5.06e-10	44.3	35.484	62
P25660	sp|Q8TEU8|WFKN2_HUMAN	5.32e-13	52.8	45.098	51
P25660	sp|Q8TEU8|WFKN2_HUMAN	2.21e-05	31.2	24.49	49
P25660	sp|P48307|TFPI2_HUMAN	1.64e-12	51.2	42.857	56
P25660	sp|P48307|TFPI2_HUMAN	4.19e-11	47.4	39.623	53
P25660	sp|P48307|TFPI2_HUMAN	0.002	25.4	30.0	60
P25660	sp|P02760|AMBP_HUMAN	3.86e-12	50.4	43.137	51
P25660	sp|P02760|AMBP_HUMAN	1.22e-09	43.1	40.385	52
P25660	sp|P49223|SPIT3_HUMAN	5.2e-12	47.8	37.037	54
P25660	sp|Q02388|CO7A1_HUMAN	7.53e-12	49.7	37.705	61
P25660	sp|Q2UY09|COSA1_HUMAN	9.73e-11	46.6	36.364	44
P25660	sp|O95428|PPN_HUMAN	1.79e-10	45.8	38.889	54
P25660	sp|O95428|PPN_HUMAN	6.7	16.2	55.556	9
P25660	sp|O95925|EPPI_HUMAN	4.55e-10	43.5	37.931	58
P25660	sp|Q96NZ8|WFKN1_HUMAN	7.72e-10	43.9	39.216	51
P25660	sp|Q96NZ8|WFKN1_HUMAN	1.84e-05	31.6	32.609	46
P25660	sp|Q6UDR6|SPIT4_HUMAN	2.23e-09	41.2	38.182	55
P25660	sp|Q8IUA0|WFDC8_HUMAN	2.66e-07	36.6	37.255	51
P25660	sp|Q9BQY6|WFDC6_HUMAN	0.000115	29.3	53.846	26
P31713	sp|Q06481|APLP2_HUMAN	1.87e-21	76.3	52.727	55
P31713	sp|P05067|A4_HUMAN	3.63e-18	67.0	54.348	46
P31713	sp|Q8TEU8|WFKN2_HUMAN	9.09e-17	63.2	52.941	51
P31713	sp|Q8TEU8|WFKN2_HUMAN	2.56e-07	36.2	33.333	51
P31713	sp|P49223|SPIT3_HUMAN	1.09e-15	56.6	44.444	54
P31713	sp|P12111|CO6A3_HUMAN	1.12e-15	60.1	42.308	52
P31713	sp|P12111|CO6A3_HUMAN	0.54	18.9	71.429	7
P31713	sp|P12111|CO6A3_HUMAN	0.63	18.5	34.615	26
P31713	sp|P12111|CO6A3_HUMAN	1.7	17.3	45.455	11
P31713	sp|P12111|CO6A3_HUMAN	4.2	16.2	50.0	12
P31713	sp|P12111|CO6A3_HUMAN	5.6	15.8	50.0	8
P31713	sp|O95925|EPPI_HUMAN	1.72e-14	54.7	38.889	54
P31713	sp|O43278|SPIT1_HUMAN	2.48e-14	56.2	48.077	52
P31713	sp|O43278|SPIT1_HUMAN	7.86e-12	48.9	44.231	52
P31713	sp|P10646|TFPI1_HUMAN	3.03e-14	55.8	51.111	45
P31713	sp|P10646|TFPI1_HUMAN	2.46e-13	53.1	46.296	54
P31713	sp|P10646|TFPI1_HUMAN	5.38e-13	52.4	45.283	53
P31713	sp|P10646|TFPI1_HUMAN	8.0	15.4	36.0	25
P31713	sp|O43291|SPIT2_HUMAN	2.67e-13	52.8	43.137	51
P31713	sp|O43291|SPIT2_HUMAN	6.16e-13	52.0	43.137	51
P31713	sp|Q96NZ8|WFKN1_HUMAN	9.95e-13	51.6	43.137	51
P31713	sp|Q96NZ8|WFKN1_HUMAN	9.08e-05	29.3	34.286	35
P31713	sp|P48307|TFPI2_HUMAN	1.4e-12	50.8	43.396	53
P31713	sp|P48307|TFPI2_HUMAN	1.83e-10	45.1	42.857	49
P31713	sp|P48307|TFPI2_HUMAN	0.009	23.5	28.889	45
P31713	sp|Q02388|CO7A1_HUMAN	1.91e-12	50.8	46.296	54
P31713	sp|O95428|PPN_HUMAN	1.42e-11	48.1	39.623	53
P31713	sp|P02760|AMBP_HUMAN	3.04e-11	47.4	41.509	53
P31713	sp|P02760|AMBP_HUMAN	2.9e-10	44.7	42.553	47
P31713	sp|Q8IUA0|WFDC8_HUMAN	1.56e-10	45.1	43.137	51
P31713	sp|Q2UY09|COSA1_HUMAN	3.13e-09	41.6	37.255	51
P31713	sp|Q6UDR6|SPIT4_HUMAN	1.09e-06	33.5	28.302	53
P31713	sp|Q9BQY6|WFDC6_HUMAN	2.35e-06	33.1	46.875	32
P82966	sp|P10646|TFPI1_HUMAN	1.43e-14	58.2	41.818	55
P82966	sp|P10646|TFPI1_HUMAN	4.06e-13	53.9	37.736	53
P82966	sp|P10646|TFPI1_HUMAN	2.36e-12	51.6	44.444	54
P82966	sp|P12111|CO6A3_HUMAN	1.88e-14	57.8	39.655	58
P82966	sp|Q02388|CO7A1_HUMAN	6.77e-13	53.5	44.444	54
P82966	sp|Q02388|CO7A1_HUMAN	0.46	20.0	47.368	19
P82966	sp|P49223|SPIT3_HUMAN	3.16e-12	48.9	37.037	54
P82966	sp|P48307|TFPI2_HUMAN	1.07e-11	49.7	42.0	50
P82966	sp|P48307|TFPI2_HUMAN	1.91e-11	48.9	41.509	53
P82966	sp|P48307|TFPI2_HUMAN	0.000194	29.3	33.333	57
P82966	sp|Q2UY09|COSA1_HUMAN	1.27e-11	49.7	34.921	63
P82966	sp|Q2UY09|COSA1_HUMAN	5.7	16.9	42.857	14
P82966	sp|Q06481|APLP2_HUMAN	1.49e-11	49.7	41.176	51
P82966	sp|O43291|SPIT2_HUMAN	1.57e-11	49.3	38.462	52
P82966	sp|O43291|SPIT2_HUMAN	1.68e-09	43.5	32.075	53
P82966	sp|Q8TEU8|WFKN2_HUMAN	2.52e-11	48.9	39.216	51
P82966	sp|Q8TEU8|WFKN2_HUMAN	3.84e-07	37.0	28.846	52
P82966	sp|O95925|EPPI_HUMAN	7.18e-11	46.2	38.182	55
P82966	sp|P05067|A4_HUMAN	1.92e-10	46.6	41.304	46
P82966	sp|O43278|SPIT1_HUMAN	3.69e-10	45.8	40.816	49
P82966	sp|O43278|SPIT1_HUMAN	1.12e-07	38.5	30.769	65
P82966	sp|O95428|PPN_HUMAN	3.87e-10	45.8	39.286	56
P82966	sp|P02760|AMBP_HUMAN	4.21e-10	45.4	43.137	51
P82966	sp|P02760|AMBP_HUMAN	1.44e-07	38.1	39.216	51
P82966	sp|P02760|AMBP_HUMAN	8.4	16.2	36.0	25
P82966	sp|Q96NZ8|WFKN1_HUMAN	1.5e-08	41.2	37.255	51
P82966	sp|Q96NZ8|WFKN1_HUMAN	0.000253	29.3	26.984	63
P82966	sp|Q8IUA0|WFDC8_HUMAN	4.87e-08	39.7	36.538	52
P82966	sp|Q6UDR6|SPIT4_HUMAN	1.55e-07	37.0	34.211	76
P82966	sp|Q9BQY6|WFDC6_HUMAN	7.57e-05	30.4	48.276	29
P86862	sp|P12111|CO6A3_HUMAN	3.65e-20	73.2	53.846	52
P86862	sp|P12111|CO6A3_HUMAN	1.8	17.7	35.714	14
P86862	sp|P12111|CO6A3_HUMAN	4.7	16.5	71.429	7
P86862	sp|P12111|CO6A3_HUMAN	8.9	15.8	38.462	13
P86862	sp|O43291|SPIT2_HUMAN	4.64e-17	63.5	48.333	60
P86862	sp|O43291|SPIT2_HUMAN	4.24e-10	44.7	39.286	56
P86862	sp|P10646|TFPI1_HUMAN	9.64e-17	63.2	50.943	53
P86862	sp|P10646|TFPI1_HUMAN	1.68e-15	59.7	49.091	55
P86862	sp|P10646|TFPI1_HUMAN	2.29e-15	59.3	52.83	53
P86862	sp|P48307|TFPI2_HUMAN	5.67e-16	60.5	55.769	52
P86862	sp|P48307|TFPI2_HUMAN	5.39e-14	55.1	49.02	51
P86862	sp|P48307|TFPI2_HUMAN	0.00049	27.3	31.481	54
P86862	sp|Q8TEU8|WFKN2_HUMAN	6.19e-16	61.2	52.83	53
P86862	sp|Q8TEU8|WFKN2_HUMAN	6.45e-07	35.8	30.189	53
P86862	sp|P49223|SPIT3_HUMAN	6.53e-16	57.4	45.455	55
P86862	sp|Q06481|APLP2_HUMAN	9.68e-16	60.5	43.636	55
P86862	sp|P05067|A4_HUMAN	2.2e-15	59.7	50.0	46
P86862	sp|Q02388|CO7A1_HUMAN	7.51e-15	58.2	50.0	54
P86862	sp|Q96NZ8|WFKN1_HUMAN	1.36e-14	57.4	49.02	51
P86862	sp|Q96NZ8|WFKN1_HUMAN	0.000204	28.5	34.783	46
P86862	sp|O95428|PPN_HUMAN	3.71e-14	56.2	47.17	53
P86862	sp|O43278|SPIT1_HUMAN	1.66e-13	54.3	49.057	53
P86862	sp|O43278|SPIT1_HUMAN	8.31e-12	49.3	39.286	56
P86862	sp|O95925|EPPI_HUMAN	2.04e-12	49.7	41.509	53
P86862	sp|Q2UY09|COSA1_HUMAN	4.75e-12	50.1	36.538	52
P86862	sp|Q2UY09|COSA1_HUMAN	4.9	16.5	29.63	27
P86862	sp|P02760|AMBP_HUMAN	1.67e-11	48.5	45.098	51
P86862	sp|P02760|AMBP_HUMAN	3.24e-09	42.0	37.736	53
P86862	sp|Q6UDR6|SPIT4_HUMAN	6e-10	42.4	39.623	53
P86862	sp|Q8IUA0|WFDC8_HUMAN	1.19e-09	43.1	38.462	52
P86862	sp|Q9BQY6|WFDC6_HUMAN	5.86e-05	30.0	44.118	34
Q02445	sp|P10646|TFPI1_HUMAN	3.08e-124	349.0	61.837	283
Q02445	sp|P48307|TFPI2_HUMAN	8.23e-30	105.0	35.673	171
Q02445	sp|P48307|TFPI2_HUMAN	1.73e-20	79.7	25.824	182
Q02445	sp|P48307|TFPI2_HUMAN	2.46e-11	53.5	50.98	51
Q02445	sp|O43291|SPIT2_HUMAN	4.86e-23	87.0	34.437	151
Q02445	sp|O43291|SPIT2_HUMAN	1.87e-19	77.4	26.974	152
Q02445	sp|O43291|SPIT2_HUMAN	8.39e-11	52.4	35.135	74
Q02445	sp|P02760|AMBP_HUMAN	1.7e-21	84.3	30.573	157
Q02445	sp|P02760|AMBP_HUMAN	1.24e-19	79.0	32.075	159
Q02445	sp|P02760|AMBP_HUMAN	2.51e-08	45.1	38.298	47
Q02445	sp|O43278|SPIT1_HUMAN	5.79e-20	80.9	28.774	212
Q02445	sp|O43278|SPIT1_HUMAN	1.21e-09	49.7	39.062	64
Q02445	sp|Q8TEU8|WFKN2_HUMAN	5.33e-19	78.2	34.862	109
Q02445	sp|Q8TEU8|WFKN2_HUMAN	2.03e-14	64.3	26.744	172
Q02445	sp|Q8TEU8|WFKN2_HUMAN	9.16e-06	37.4	26.19	84
Q02445	sp|Q8TEU8|WFKN2_HUMAN	0.000207	33.1	32.0	50
Q02445	sp|Q96NZ8|WFKN1_HUMAN	3.92e-17	72.4	31.707	123
Q02445	sp|Q96NZ8|WFKN1_HUMAN	4.1e-13	60.5	27.206	136
Q02445	sp|Q96NZ8|WFKN1_HUMAN	3.36e-09	48.1	37.255	51
Q02445	sp|Q96NZ8|WFKN1_HUMAN	0.000192	33.5	35.135	37
Q02445	sp|P05067|A4_HUMAN	4.37e-15	66.6	46.667	60
Q02445	sp|P05067|A4_HUMAN	3e-10	51.6	42.105	57
Q02445	sp|P05067|A4_HUMAN	5.44e-09	47.8	43.182	44
Q02445	sp|P12111|CO6A3_HUMAN	3.11e-14	64.3	33.735	83
Q02445	sp|P12111|CO6A3_HUMAN	9.23e-14	62.8	43.396	53
Q02445	sp|P12111|CO6A3_HUMAN	1.49e-11	55.8	39.216	51
Q02445	sp|P49223|SPIT3_HUMAN	2.3e-13	56.2	45.455	55
Q02445	sp|P49223|SPIT3_HUMAN	1.48e-12	53.9	43.636	55
Q02445	sp|P49223|SPIT3_HUMAN	1.92e-12	53.9	41.818	55
Q02445	sp|Q02388|CO7A1_HUMAN	1.66e-12	58.9	42.857	70
Q02445	sp|Q02388|CO7A1_HUMAN	1.88e-10	52.4	37.5	56
Q02445	sp|Q02388|CO7A1_HUMAN	1.57e-09	49.7	31.325	83
Q02445	sp|Q06481|APLP2_HUMAN	1.04e-11	56.2	39.623	53
Q02445	sp|Q06481|APLP2_HUMAN	2.69e-11	55.1	37.313	67
Q02445	sp|Q06481|APLP2_HUMAN	4.3e-09	48.1	40.385	52
Q02445	sp|Q06481|APLP2_HUMAN	0.2	23.9	30.233	43
Q02445	sp|O95428|PPN_HUMAN	4.22e-11	54.3	40.0	55
Q02445	sp|O95428|PPN_HUMAN	4.7e-10	51.2	38.182	55
Q02445	sp|O95428|PPN_HUMAN	6.24e-09	47.8	29.545	88
Q02445	sp|O95925|EPPI_HUMAN	9.81e-11	50.1	36.842	57
Q02445	sp|O95925|EPPI_HUMAN	3.67e-10	48.5	39.216	51
Q02445	sp|O95925|EPPI_HUMAN	4.42e-08	42.4	40.385	52
Q02445	sp|Q2UY09|COSA1_HUMAN	1.67e-10	52.4	37.931	58
Q02445	sp|Q2UY09|COSA1_HUMAN	4e-09	48.1	33.333	54
Q02445	sp|Q2UY09|COSA1_HUMAN	1.04e-08	47.0	33.333	51
Q02445	sp|Q2UY09|COSA1_HUMAN	0.83	21.9	25.962	104
Q02445	sp|Q6UDR6|SPIT4_HUMAN	7.95e-09	43.9	36.486	74
Q02445	sp|Q6UDR6|SPIT4_HUMAN	7.79e-08	41.2	33.929	56
Q02445	sp|Q6UDR6|SPIT4_HUMAN	4.55e-07	38.9	28.0	75
Q02445	sp|Q8IUA0|WFDC8_HUMAN	3.62e-07	41.2	30.508	59
Q02445	sp|Q8IUA0|WFDC8_HUMAN	1.14e-06	39.7	27.586	87
Q02445	sp|Q8IUA0|WFDC8_HUMAN	1.92e-06	38.9	35.294	51
Q02445	sp|Q9BQY6|WFDC6_HUMAN	5.26e-05	33.5	48.387	31
Q02445	sp|Q9BQY6|WFDC6_HUMAN	7.14e-05	33.1	57.692	26
Q02445	sp|Q9BQY6|WFDC6_HUMAN	0.000115	32.7	53.571	28
Q09JW6	sp|Q6UDR6|SPIT4_HUMAN	2.04e-08	40.8	36.667	60
Q09JW6	sp|P12111|CO6A3_HUMAN	2.8e-06	37.0	36.842	38
Q09JW6	sp|P12111|CO6A3_HUMAN	0.005	27.3	24.074	54
Q09JW6	sp|P05067|A4_HUMAN	2.88e-06	36.6	40.385	52
Q09JW6	sp|P05067|A4_HUMAN	3.1	18.9	22.917	48
Q09JW6	sp|O43278|SPIT1_HUMAN	4.76e-06	36.2	40.351	57
Q09JW6	sp|O43278|SPIT1_HUMAN	0.003	28.1	33.913	115
Q09JW6	sp|O43278|SPIT1_HUMAN	0.007	26.6	27.957	93
Q09JW6	sp|O43291|SPIT2_HUMAN	8.09e-06	35.0	38.596	57
Q09JW6	sp|O43291|SPIT2_HUMAN	0.000559	29.6	38.095	42
Q09JW6	sp|P10646|TFPI1_HUMAN	1.78e-05	34.3	34.426	61
Q09JW6	sp|P10646|TFPI1_HUMAN	5.52e-05	32.7	27.174	92
Q09JW6	sp|P10646|TFPI1_HUMAN	0.000304	30.4	39.024	41
Q09JW6	sp|P10646|TFPI1_HUMAN	0.19	22.3	24.074	54
Q09JW6	sp|P02760|AMBP_HUMAN	1.9e-05	34.3	35.484	62
Q09JW6	sp|P02760|AMBP_HUMAN	0.000128	31.6	25.197	127
Q09JW6	sp|P02760|AMBP_HUMAN	0.017	25.4	29.091	55
Q09JW6	sp|Q06481|APLP2_HUMAN	2.2e-05	34.3	35.714	56
Q09JW6	sp|Q06481|APLP2_HUMAN	1.0	20.0	21.667	60
Q09JW6	sp|Q2UY09|COSA1_HUMAN	2.45e-05	33.9	31.148	61
Q09JW6	sp|Q2UY09|COSA1_HUMAN	1.5	19.6	25.0	40
Q09JW6	sp|Q2UY09|COSA1_HUMAN	7.5	17.7	43.478	23
Q09JW6	sp|Q2UY09|COSA1_HUMAN	9.2	17.3	45.0	20
Q09JW6	sp|Q96NZ8|WFKN1_HUMAN	2.75e-05	33.9	31.959	97
Q09JW6	sp|Q96NZ8|WFKN1_HUMAN	0.074	23.5	32.432	37
Q09JW6	sp|P48307|TFPI2_HUMAN	8.99e-05	32.0	47.368	38
Q09JW6	sp|P48307|TFPI2_HUMAN	0.000141	31.6	41.86	43
Q09JW6	sp|P48307|TFPI2_HUMAN	0.006	26.6	31.429	35
Q09JW6	sp|P48307|TFPI2_HUMAN	5.4	17.7	20.0	50
Q09JW6	sp|Q8IUA0|WFDC8_HUMAN	0.000125	31.6	35.088	57
Q09JW6	sp|Q8IUA0|WFDC8_HUMAN	0.16	22.3	26.415	53
Q09JW6	sp|Q8TEU8|WFKN2_HUMAN	0.000148	31.6	33.929	56
Q09JW6	sp|Q8TEU8|WFKN2_HUMAN	0.000402	30.4	43.59	39
Q09JW6	sp|O95428|PPN_HUMAN	0.002	28.5	39.474	38
Q09JW6	sp|O95428|PPN_HUMAN	0.035	24.6	25.0	112
Q09JW6	sp|P49223|SPIT3_HUMAN	0.003	26.6	39.474	38
Q09JW6	sp|O95925|EPPI_HUMAN	0.005	26.6	27.5	40
Q09JW6	sp|Q02388|CO7A1_HUMAN	0.031	25.0	38.095	42
Q09JW6	sp|Q9BQY6|WFDC6_HUMAN	0.042	23.9	39.394	33
Q5ZPJ7	sp|Q2UY09|COSA1_HUMAN	1.64e-14	57.8	42.857	63
Q5ZPJ7	sp|P10646|TFPI1_HUMAN	6.34e-14	56.2	40.0	55
Q5ZPJ7	sp|P10646|TFPI1_HUMAN	6.73e-14	55.8	35.484	62
Q5ZPJ7	sp|P10646|TFPI1_HUMAN	1.34e-11	49.7	42.593	54
Q5ZPJ7	sp|P12111|CO6A3_HUMAN	8.87e-14	55.8	39.216	51
Q5ZPJ7	sp|P12111|CO6A3_HUMAN	2.1	18.1	50.0	10
Q5ZPJ7	sp|P12111|CO6A3_HUMAN	2.5	17.7	46.154	13
Q5ZPJ7	sp|Q02388|CO7A1_HUMAN	2.5e-13	54.7	44.444	54
Q5ZPJ7	sp|P02760|AMBP_HUMAN	3.05e-13	54.3	42.623	61
Q5ZPJ7	sp|P02760|AMBP_HUMAN	5.25e-08	39.3	35.294	51
Q5ZPJ7	sp|P48307|TFPI2_HUMAN	1.18e-11	49.7	38.095	63
Q5ZPJ7	sp|P48307|TFPI2_HUMAN	4.88e-11	47.8	46.0	50
Q5ZPJ7	sp|P48307|TFPI2_HUMAN	0.000588	28.1	32.787	61
Q5ZPJ7	sp|O43278|SPIT1_HUMAN	2.67e-11	48.9	41.509	53
Q5ZPJ7	sp|O43278|SPIT1_HUMAN	1.21e-08	41.2	35.185	54
Q5ZPJ7	sp|O43291|SPIT2_HUMAN	3.52e-11	48.1	38.462	52
Q5ZPJ7	sp|O43291|SPIT2_HUMAN	4.2e-09	42.4	34.615	52
Q5ZPJ7	sp|O95925|EPPI_HUMAN	3.58e-11	47.0	36.364	55
Q5ZPJ7	sp|Q06481|APLP2_HUMAN	3.65e-11	48.5	37.255	51
Q5ZPJ7	sp|Q8TEU8|WFKN2_HUMAN	3.85e-11	48.5	37.931	58
Q5ZPJ7	sp|Q8TEU8|WFKN2_HUMAN	1.8e-05	32.3	26.923	52
Q5ZPJ7	sp|Q6UDR6|SPIT4_HUMAN	7.57e-11	45.4	39.623	53
Q5ZPJ7	sp|P49223|SPIT3_HUMAN	8.79e-10	42.4	31.481	54
Q5ZPJ7	sp|P05067|A4_HUMAN	1.55e-09	43.9	38.636	44
Q5ZPJ7	sp|P05067|A4_HUMAN	6.0	16.5	55.556	9
Q5ZPJ7	sp|Q96NZ8|WFKN1_HUMAN	4.42e-09	42.4	35.294	51
Q5ZPJ7	sp|Q96NZ8|WFKN1_HUMAN	0.00016	29.6	30.556	36
Q5ZPJ7	sp|O95428|PPN_HUMAN	1.1e-08	41.6	35.484	62
Q5ZPJ7	sp|Q8IUA0|WFDC8_HUMAN	9.06e-06	33.1	32.692	52
Q5ZPJ7	sp|Q9BQY6|WFDC6_HUMAN	0.004	25.4	38.71	31
Q8R0S6	sp|Q96NZ8|WFKN1_HUMAN	0.0	939.0	88.368	533
Q8R0S6	sp|Q8TEU8|WFKN2_HUMAN	0.0	604.0	56.25	544
Q8R0S6	sp|P48307|TFPI2_HUMAN	1.47e-15	67.4	31.452	124
Q8R0S6	sp|P48307|TFPI2_HUMAN	2.41e-08	45.8	39.583	48
Q8R0S6	sp|P48307|TFPI2_HUMAN	7e-08	44.3	28.947	114
Q8R0S6	sp|P48307|TFPI2_HUMAN	1.1	22.3	25.455	55
Q8R0S6	sp|P10646|TFPI1_HUMAN	2.21e-14	65.1	32.174	115
Q8R0S6	sp|P10646|TFPI1_HUMAN	8.53e-14	63.2	27.778	162
Q8R0S6	sp|P10646|TFPI1_HUMAN	1.7e-11	56.2	42.308	52
Q8R0S6	sp|P10646|TFPI1_HUMAN	0.16	25.0	24.444	45
Q8R0S6	sp|P10646|TFPI1_HUMAN	0.42	23.5	26.316	38
Q8R0S6	sp|P49223|SPIT3_HUMAN	2.45e-14	60.1	47.17	53
Q8R0S6	sp|P49223|SPIT3_HUMAN	0.002	28.9	27.397	73
Q8R0S6	sp|O95925|EPPI_HUMAN	4.56e-14	60.5	37.143	70
Q8R0S6	sp|O95925|EPPI_HUMAN	0.013	27.3	24.444	45
Q8R0S6	sp|O95925|EPPI_HUMAN	0.39	23.1	47.368	19
Q8R0S6	sp|P02760|AMBP_HUMAN	1.27e-13	63.2	36.364	88
Q8R0S6	sp|P02760|AMBP_HUMAN	1.44e-09	50.4	39.437	71
Q8R0S6	sp|P02760|AMBP_HUMAN	4.42e-05	36.2	37.255	51
Q8R0S6	sp|P02760|AMBP_HUMAN	8.0	19.6	40.0	20
Q8R0S6	sp|Q02388|CO7A1_HUMAN	1.92e-12	60.8	49.123	57
Q8R0S6	sp|Q02388|CO7A1_HUMAN	0.67	23.1	40.741	27
Q8R0S6	sp|O43291|SPIT2_HUMAN	6.71e-12	57.0	25.547	137
Q8R0S6	sp|O43291|SPIT2_HUMAN	7.56e-12	56.6	43.86	57
Q8R0S6	sp|O43291|SPIT2_HUMAN	5.83e-05	35.4	31.868	91
Q8R0S6	sp|Q8IUA0|WFDC8_HUMAN	1.71e-11	55.5	39.394	66
Q8R0S6	sp|Q8IUA0|WFDC8_HUMAN	0.004	30.0	36.111	36
Q8R0S6	sp|Q8IUA0|WFDC8_HUMAN	0.33	23.9	37.037	27
Q8R0S6	sp|Q8IUA0|WFDC8_HUMAN	0.53	23.1	35.556	45
Q8R0S6	sp|Q8IUA0|WFDC8_HUMAN	1.0	22.3	45.455	22
Q8R0S6	sp|P12111|CO6A3_HUMAN	2.37e-11	57.4	40.0	60
Q8R0S6	sp|P12111|CO6A3_HUMAN	0.009	29.3	31.429	35
Q8R0S6	sp|P12111|CO6A3_HUMAN	4.5	20.4	36.842	19
Q8R0S6	sp|Q06481|APLP2_HUMAN	1.3e-10	54.7	41.667	60
Q8R0S6	sp|Q06481|APLP2_HUMAN	0.004	30.4	34.286	35
Q8R0S6	sp|O95428|PPN_HUMAN	2.27e-10	53.9	41.176	51
Q8R0S6	sp|O95428|PPN_HUMAN	2.03e-05	37.7	32.743	113
Q8R0S6	sp|O95428|PPN_HUMAN	3.44e-05	37.0	27.358	106
Q8R0S6	sp|O95428|PPN_HUMAN	0.14	25.4	45.0	20
Q8R0S6	sp|O95428|PPN_HUMAN	0.37	23.9	31.429	35
Q8R0S6	sp|O43278|SPIT1_HUMAN	2.42e-10	53.5	42.857	63
Q8R0S6	sp|O43278|SPIT1_HUMAN	1.65e-09	50.8	45.455	44
Q8R0S6	sp|O43278|SPIT1_HUMAN	0.21	24.6	28.571	35
Q8R0S6	sp|O43278|SPIT1_HUMAN	0.49	23.5	31.429	35
Q8R0S6	sp|O43278|SPIT1_HUMAN	1.9	21.6	41.026	39
Q8R0S6	sp|Q6UDR6|SPIT4_HUMAN	2.33e-09	46.2	38.333	60
Q8R0S6	sp|P05067|A4_HUMAN	5.71e-09	49.3	44.681	47
Q8R0S6	sp|P05067|A4_HUMAN	0.005	30.0	35.417	48
Q8R0S6	sp|P05067|A4_HUMAN	6.8	20.0	36.842	19
Q8R0S6	sp|Q2UY09|COSA1_HUMAN	5.83e-06	39.7	34.091	44
Q8R0S6	sp|Q2UY09|COSA1_HUMAN	0.000126	35.4	33.333	42
Q8R0S6	sp|Q9BQY6|WFDC6_HUMAN	0.00074	31.2	46.154	26
Q8R0S6	sp|Q9BQY6|WFDC6_HUMAN	0.1	25.0	28.571	63
Q8WPI2	sp|P10646|TFPI1_HUMAN	8.4e-33	109.0	44.094	127
Q8WPI2	sp|P10646|TFPI1_HUMAN	1.54e-28	98.2	35.849	159
Q8WPI2	sp|O43291|SPIT2_HUMAN	2.88e-29	99.0	34.228	149
Q8WPI2	sp|Q8TEU8|WFKN2_HUMAN	1e-23	87.0	38.76	129
Q8WPI2	sp|Q8TEU8|WFKN2_HUMAN	2.59e-16	65.5	52.727	55
Q8WPI2	sp|P48307|TFPI2_HUMAN	1.42e-22	81.3	37.681	138
Q8WPI2	sp|P48307|TFPI2_HUMAN	4.7e-14	58.2	51.02	49
Q8WPI2	sp|P02760|AMBP_HUMAN	1.66e-19	74.3	32.308	130
Q8WPI2	sp|P02760|AMBP_HUMAN	4.41e-13	56.2	46.296	54
Q8WPI2	sp|P02760|AMBP_HUMAN	1.81e-12	54.3	46.296	54
Q8WPI2	sp|Q06481|APLP2_HUMAN	1.33e-18	72.4	41.772	79
Q8WPI2	sp|Q06481|APLP2_HUMAN	7.18e-17	67.4	40.506	79
Q8WPI2	sp|P12111|CO6A3_HUMAN	3.7e-18	71.2	51.852	54
Q8WPI2	sp|P12111|CO6A3_HUMAN	8.46e-15	61.6	43.137	51
Q8WPI2	sp|P12111|CO6A3_HUMAN	0.81	20.4	63.636	11
Q8WPI2	sp|Q96NZ8|WFKN1_HUMAN	1.17e-17	69.3	36.893	103
Q8WPI2	sp|Q96NZ8|WFKN1_HUMAN	6.8e-12	52.8	44.444	54
Q8WPI2	sp|Q96NZ8|WFKN1_HUMAN	1.28e-05	34.7	36.17	47
Q8WPI2	sp|P05067|A4_HUMAN	2.32e-17	68.6	46.377	69
Q8WPI2	sp|P05067|A4_HUMAN	2.57e-16	65.9	48.936	47
Q8WPI2	sp|P49223|SPIT3_HUMAN	6.86e-17	62.8	50.0	52
Q8WPI2	sp|P49223|SPIT3_HUMAN	1.6e-16	62.0	50.98	51
Q8WPI2	sp|O43278|SPIT1_HUMAN	1.06e-13	58.2	44.828	58
Q8WPI2	sp|O43278|SPIT1_HUMAN	3.32e-13	56.6	46.296	54
Q8WPI2	sp|O43278|SPIT1_HUMAN	9.39e-13	55.5	24.171	211
Q8WPI2	sp|Q02388|CO7A1_HUMAN	1.16e-13	58.2	50.0	60
Q8WPI2	sp|Q02388|CO7A1_HUMAN	6.64e-12	53.1	42.593	54
Q8WPI2	sp|Q02388|CO7A1_HUMAN	2.4	19.2	32.0	25
Q8WPI2	sp|Q6UDR6|SPIT4_HUMAN	1.26e-12	52.0	44.643	56
Q8WPI2	sp|Q6UDR6|SPIT4_HUMAN	4.18e-08	40.0	33.929	56
Q8WPI2	sp|O95925|EPPI_HUMAN	1.69e-12	52.4	41.509	53
Q8WPI2	sp|O95925|EPPI_HUMAN	1.02e-10	47.8	34.545	55
Q8WPI2	sp|O95428|PPN_HUMAN	2.91e-12	54.3	45.098	51
Q8WPI2	sp|O95428|PPN_HUMAN	6.28e-12	53.1	40.678	59
Q8WPI2	sp|Q2UY09|COSA1_HUMAN	1.59e-10	49.3	37.255	51
Q8WPI2	sp|Q2UY09|COSA1_HUMAN	4.64e-08	42.0	34.091	44
Q8WPI2	sp|Q8IUA0|WFDC8_HUMAN	3.32e-09	44.7	31.507	73
Q8WPI2	sp|Q8IUA0|WFDC8_HUMAN	8.43e-09	43.5	41.176	51
Q8WPI2	sp|Q9BQY6|WFDC6_HUMAN	1.15e-05	33.9	46.429	28
Q8WPI2	sp|Q9BQY6|WFDC6_HUMAN	0.000736	28.9	46.667	30
Q90WA1	sp|P12111|CO6A3_HUMAN	1.79e-18	69.3	50.0	54
Q90WA1	sp|P12111|CO6A3_HUMAN	2.1	18.1	35.294	17
Q90WA1	sp|P12111|CO6A3_HUMAN	3.4	17.3	34.783	23
Q90WA1	sp|P12111|CO6A3_HUMAN	5.9	16.9	45.455	11
Q90WA1	sp|O43291|SPIT2_HUMAN	6.12e-17	63.9	48.148	54
Q90WA1	sp|O43291|SPIT2_HUMAN	9.53e-15	58.2	43.396	53
Q90WA1	sp|Q96NZ8|WFKN1_HUMAN	8.85e-17	64.3	52.83	53
Q90WA1	sp|Q96NZ8|WFKN1_HUMAN	7.03e-08	39.3	35.294	51
Q90WA1	sp|O43278|SPIT1_HUMAN	9.92e-17	64.3	43.75	64
Q90WA1	sp|O43278|SPIT1_HUMAN	3.57e-13	54.3	44.643	56
Q90WA1	sp|Q06481|APLP2_HUMAN	1.28e-16	63.9	43.333	60
Q90WA1	sp|O95925|EPPI_HUMAN	1.89e-16	60.8	44.643	56
Q90WA1	sp|Q8TEU8|WFKN2_HUMAN	2.42e-16	63.2	50.98	51
Q90WA1	sp|Q8TEU8|WFKN2_HUMAN	5.92e-06	33.9	31.373	51
Q90WA1	sp|P10646|TFPI1_HUMAN	3.51e-16	62.4	43.75	64
Q90WA1	sp|P10646|TFPI1_HUMAN	1.99e-15	60.5	49.057	53
Q90WA1	sp|P10646|TFPI1_HUMAN	3.44e-14	57.0	45.714	70
Q90WA1	sp|P48307|TFPI2_HUMAN	4.47e-16	61.6	50.943	53
Q90WA1	sp|P48307|TFPI2_HUMAN	4.18e-13	53.5	43.396	53
Q90WA1	sp|P48307|TFPI2_HUMAN	0.048	22.7	27.586	58
Q90WA1	sp|P05067|A4_HUMAN	1.15e-15	61.2	48.98	49
Q90WA1	sp|P49223|SPIT3_HUMAN	2.19e-15	57.0	42.593	54
Q90WA1	sp|P02760|AMBP_HUMAN	3.94e-14	57.0	41.538	65
Q90WA1	sp|P02760|AMBP_HUMAN	1.27e-11	49.7	39.623	53
Q90WA1	sp|P02760|AMBP_HUMAN	7.4	16.5	31.818	22
Q90WA1	sp|Q02388|CO7A1_HUMAN	1.76e-12	52.4	39.706	68
Q90WA1	sp|Q02388|CO7A1_HUMAN	5.9	16.9	40.0	20
Q90WA1	sp|O95428|PPN_HUMAN	1.15e-11	50.1	42.593	54
Q90WA1	sp|Q6UDR6|SPIT4_HUMAN	1.85e-11	47.0	39.655	58
Q90WA1	sp|Q8IUA0|WFDC8_HUMAN	2.08e-09	43.5	37.255	51
Q90WA1	sp|Q2UY09|COSA1_HUMAN	6.1e-09	42.4	34.375	64
Q90WA1	sp|Q9BQY6|WFDC6_HUMAN	7.28e-07	35.8	60.714	28
Q9DA01	sp|O95925|EPPI_HUMAN	1.29e-56	164.0	63.158	114
Q9DA01	sp|Q9BQY6|WFDC6_HUMAN	1.37e-32	103.0	41.86	129
Q9DA01	sp|Q8IUA0|WFDC8_HUMAN	9.99e-23	81.3	42.857	98
Q9DA01	sp|Q8IUA0|WFDC8_HUMAN	9.06e-05	32.0	40.476	42
Q9DA01	sp|Q8IUA0|WFDC8_HUMAN	0.035	24.3	40.476	42
Q9DA01	sp|Q8IUA0|WFDC8_HUMAN	1.7	19.2	32.353	34
Q9DA01	sp|P12111|CO6A3_HUMAN	8.88e-17	67.0	43.636	55
Q9DA01	sp|Q8TEU8|WFKN2_HUMAN	1.16e-16	66.2	44.444	63
Q9DA01	sp|Q8TEU8|WFKN2_HUMAN	5.5e-07	38.5	35.294	51
Q9DA01	sp|Q8TEU8|WFKN2_HUMAN	0.074	23.5	45.833	24
Q9DA01	sp|P49223|SPIT3_HUMAN	1.35e-15	59.3	42.593	54
Q9DA01	sp|O43291|SPIT2_HUMAN	4.74e-14	58.2	42.593	54
Q9DA01	sp|O43291|SPIT2_HUMAN	4.3e-12	52.8	40.741	54
Q9DA01	sp|Q96NZ8|WFKN1_HUMAN	5.42e-14	58.5	39.683	63
Q9DA01	sp|Q96NZ8|WFKN1_HUMAN	4.5e-05	33.1	25.532	47
Q9DA01	sp|Q96NZ8|WFKN1_HUMAN	0.000899	29.3	57.895	19
Q9DA01	sp|Q02388|CO7A1_HUMAN	8.92e-14	58.2	42.857	56
Q9DA01	sp|Q02388|CO7A1_HUMAN	0.36	21.6	52.941	17
Q9DA01	sp|Q06481|APLP2_HUMAN	1.17e-13	57.8	43.396	53
Q9DA01	sp|P48307|TFPI2_HUMAN	2.82e-13	55.8	43.396	53
Q9DA01	sp|P48307|TFPI2_HUMAN	2.64e-11	50.4	47.917	48
Q9DA01	sp|P48307|TFPI2_HUMAN	0.000478	29.6	31.915	47
Q9DA01	sp|P10646|TFPI1_HUMAN	2.95e-13	56.2	44.444	54
Q9DA01	sp|P10646|TFPI1_HUMAN	1.91e-11	51.2	36.508	63
Q9DA01	sp|P10646|TFPI1_HUMAN	8.88e-10	46.6	43.396	53
Q9DA01	sp|P05067|A4_HUMAN	8.19e-12	52.4	41.304	46
Q9DA01	sp|P02760|AMBP_HUMAN	3.68e-11	50.4	36.207	58
Q9DA01	sp|P02760|AMBP_HUMAN	8.95e-11	49.3	38.806	67
Q9DA01	sp|O95428|PPN_HUMAN	3.77e-11	50.4	42.308	52
Q9DA01	sp|Q2UY09|COSA1_HUMAN	1.36e-10	48.9	38.636	44
Q9DA01	sp|Q2UY09|COSA1_HUMAN	0.22	21.9	50.0	16
Q9DA01	sp|Q2UY09|COSA1_HUMAN	0.74	20.4	26.087	23
Q9DA01	sp|O43278|SPIT1_HUMAN	3.54e-10	47.8	37.037	54
Q9DA01	sp|O43278|SPIT1_HUMAN	5.26e-10	47.4	40.0	50
Q9DA01	sp|Q6UDR6|SPIT4_HUMAN	4.24e-09	42.7	33.333	57
A0A1Q1NL17	sp|Q06481|APLP2_HUMAN	2.25e-05	32.7	33.333	57
A0A1Q1NL17	sp|P05067|A4_HUMAN	8.94e-05	31.2	34.783	46
A0A1Q1NL17	sp|O95428|PPN_HUMAN	0.000407	29.3	35.135	37
A0A1Q1NL17	sp|O95428|PPN_HUMAN	6.3	16.9	37.5	24
A0A1Q1NL17	sp|O95428|PPN_HUMAN	9.3	16.5	35.0	20
A0A1Q1NL17	sp|Q2UY09|COSA1_HUMAN	0.001	27.7	29.032	62
A0A1Q1NL17	sp|Q2UY09|COSA1_HUMAN	7.7	16.9	35.0	20
A0A1Q1NL17	sp|P12111|CO6A3_HUMAN	0.002	26.9	27.027	37
A0A1Q1NL17	sp|P49223|SPIT3_HUMAN	0.005	25.4	33.333	36
A0A1Q1NL17	sp|P48307|TFPI2_HUMAN	0.008	25.4	29.167	72
A0A1Q1NL17	sp|P48307|TFPI2_HUMAN	0.16	21.6	24.0	50
A0A1Q1NL17	sp|O95925|EPPI_HUMAN	0.012	24.6	27.083	48
A0A1Q1NL17	sp|Q96NZ8|WFKN1_HUMAN	0.02	24.3	25.301	83
A0A1Q1NL17	sp|Q96NZ8|WFKN1_HUMAN	1.3	19.2	22.857	35
A0A1Q1NL17	sp|O43291|SPIT2_HUMAN	0.026	23.9	25.397	63
A0A1Q1NL17	sp|O43291|SPIT2_HUMAN	0.069	22.7	29.787	47
A0A1Q1NL17	sp|P02760|AMBP_HUMAN	0.037	23.5	31.429	35
A0A1Q1NL17	sp|P02760|AMBP_HUMAN	0.25	21.2	23.684	38
A0A1Q1NL17	sp|Q8TEU8|WFKN2_HUMAN	0.048	23.1	27.778	36
A0A1Q1NL17	sp|Q8TEU8|WFKN2_HUMAN	0.056	23.1	25.0	36
A0A1Q1NL17	sp|O43278|SPIT1_HUMAN	0.049	23.1	19.737	76
A0A1Q1NL17	sp|O43278|SPIT1_HUMAN	0.33	20.8	22.414	58
A0A1Q1NL17	sp|P10646|TFPI1_HUMAN	0.053	23.1	20.635	63
A0A1Q1NL17	sp|P10646|TFPI1_HUMAN	0.066	22.7	20.312	64
A0A1Q1NL17	sp|P10646|TFPI1_HUMAN	0.33	20.8	28.125	32
A0A1Q1NL17	sp|Q02388|CO7A1_HUMAN	0.074	22.7	31.034	29
A0A1Q1NL17	sp|Q02388|CO7A1_HUMAN	7.2	16.9	28.571	42
A0A1Q1NL17	sp|Q02388|CO7A1_HUMAN	10.0	16.5	50.0	12
A0A1Q1NL17	sp|Q8IUA0|WFDC8_HUMAN	3.8	17.7	23.881	67
A0A6B7FBD3	sp|Q06481|APLP2_HUMAN	3.97e-21	77.0	55.556	54
A0A6B7FBD3	sp|P05067|A4_HUMAN	5.33e-18	68.2	56.522	46
A0A6B7FBD3	sp|Q8TEU8|WFKN2_HUMAN	7.59e-17	64.7	50.98	51
A0A6B7FBD3	sp|Q8TEU8|WFKN2_HUMAN	1.96e-08	40.8	35.294	51
A0A6B7FBD3	sp|Q8TEU8|WFKN2_HUMAN	3.1	17.7	27.5	40
A0A6B7FBD3	sp|O43278|SPIT1_HUMAN	9.81e-16	61.6	50.943	53
A0A6B7FBD3	sp|O43278|SPIT1_HUMAN	6.79e-13	53.5	37.681	69
A0A6B7FBD3	sp|P49223|SPIT3_HUMAN	4.99e-15	56.2	42.373	59
A0A6B7FBD3	sp|P12111|CO6A3_HUMAN	1.15e-14	58.5	41.818	55
A0A6B7FBD3	sp|P12111|CO6A3_HUMAN	4.0	17.3	45.455	11
A0A6B7FBD3	sp|P12111|CO6A3_HUMAN	4.6	17.3	50.0	12
A0A6B7FBD3	sp|O43291|SPIT2_HUMAN	2.95e-14	57.0	43.103	58
A0A6B7FBD3	sp|O43291|SPIT2_HUMAN	3.73e-14	56.6	49.02	51
A0A6B7FBD3	sp|O43291|SPIT2_HUMAN	7.3	16.5	42.857	14
A0A6B7FBD3	sp|Q96NZ8|WFKN1_HUMAN	3.11e-14	57.4	43.86	57
A0A6B7FBD3	sp|Q96NZ8|WFKN1_HUMAN	1.36e-05	32.7	37.143	35
A0A6B7FBD3	sp|O95925|EPPI_HUMAN	3e-13	52.8	35.088	57
A0A6B7FBD3	sp|P10646|TFPI1_HUMAN	3.09e-13	54.3	48.077	52
A0A6B7FBD3	sp|P10646|TFPI1_HUMAN	5.12e-13	53.9	40.0	60
A0A6B7FBD3	sp|P10646|TFPI1_HUMAN	2.32e-11	48.9	38.596	57
A0A6B7FBD3	sp|P48307|TFPI2_HUMAN	7.46e-13	52.8	45.455	55
A0A6B7FBD3	sp|P48307|TFPI2_HUMAN	8.09e-10	44.7	37.931	58
A0A6B7FBD3	sp|P48307|TFPI2_HUMAN	0.005	25.4	30.435	46
A0A6B7FBD3	sp|Q02388|CO7A1_HUMAN	2.12e-12	52.0	46.296	54
A0A6B7FBD3	sp|O95428|PPN_HUMAN	3.29e-11	48.9	39.623	53
A0A6B7FBD3	sp|Q8IUA0|WFDC8_HUMAN	6.95e-11	47.8	45.098	51
A0A6B7FBD3	sp|P02760|AMBP_HUMAN	5.72e-10	45.1	45.098	51
A0A6B7FBD3	sp|P02760|AMBP_HUMAN	2.16e-09	43.5	42.553	47
A0A6B7FBD3	sp|Q2UY09|COSA1_HUMAN	9.84e-10	44.7	35.294	51
A0A6B7FBD3	sp|Q2UY09|COSA1_HUMAN	8.9	16.2	25.0	40
A0A6B7FBD3	sp|Q9BQY6|WFDC6_HUMAN	4.37e-06	33.5	46.875	32
A0A6B7FBD3	sp|Q6UDR6|SPIT4_HUMAN	6.97e-06	32.7	30.952	42
A8Y7N4	sp|P12111|CO6A3_HUMAN	3.7e-17	65.9	42.373	59
A8Y7N4	sp|P10646|TFPI1_HUMAN	6.81e-17	64.7	49.123	57
A8Y7N4	sp|P10646|TFPI1_HUMAN	8.73e-13	53.1	32.468	77
A8Y7N4	sp|P10646|TFPI1_HUMAN	4.1e-12	51.2	42.593	54
A8Y7N4	sp|P05067|A4_HUMAN	2.55e-16	63.5	50.0	48
A8Y7N4	sp|P49223|SPIT3_HUMAN	5.06e-15	56.2	42.593	54
A8Y7N4	sp|Q06481|APLP2_HUMAN	5.5e-14	57.0	39.706	68
A8Y7N4	sp|Q06481|APLP2_HUMAN	3.1	17.7	37.5	16
A8Y7N4	sp|Q8TEU8|WFKN2_HUMAN	5.78e-14	56.6	43.636	55
A8Y7N4	sp|Q8TEU8|WFKN2_HUMAN	8.69e-07	36.6	33.333	51
A8Y7N4	sp|P02760|AMBP_HUMAN	5.79e-14	56.6	52.941	51
A8Y7N4	sp|P02760|AMBP_HUMAN	4.02e-12	51.6	42.105	57
A8Y7N4	sp|O43291|SPIT2_HUMAN	1.43e-13	55.1	41.509	53
A8Y7N4	sp|O43291|SPIT2_HUMAN	8.46e-10	44.7	31.148	61
A8Y7N4	sp|O43278|SPIT1_HUMAN	2e-13	55.1	42.188	64
A8Y7N4	sp|O43278|SPIT1_HUMAN	6.34e-13	53.9	36.986	73
A8Y7N4	sp|P48307|TFPI2_HUMAN	3.42e-13	53.9	46.0	50
A8Y7N4	sp|P48307|TFPI2_HUMAN	2.95e-10	45.8	43.396	53
A8Y7N4	sp|P48307|TFPI2_HUMAN	3.75e-06	34.7	37.097	62
A8Y7N4	sp|Q96NZ8|WFKN1_HUMAN	7.8e-13	53.5	45.455	55
A8Y7N4	sp|Q96NZ8|WFKN1_HUMAN	3.03e-06	35.0	34.615	52
A8Y7N4	sp|O95925|EPPI_HUMAN	1.44e-12	50.8	35.593	59
A8Y7N4	sp|Q2UY09|COSA1_HUMAN	2.03e-11	49.7	37.097	62
A8Y7N4	sp|Q2UY09|COSA1_HUMAN	0.009	25.0	31.579	38
A8Y7N4	sp|O95428|PPN_HUMAN	1.03e-09	44.7	34.848	66
A8Y7N4	sp|Q02388|CO7A1_HUMAN	2.82e-09	43.5	38.889	54
A8Y7N4	sp|Q6UDR6|SPIT4_HUMAN	3.01e-09	41.6	37.975	79
A8Y7N4	sp|Q8IUA0|WFDC8_HUMAN	1.31e-06	35.8	35.294	51
A8Y7N4	sp|Q9BQY6|WFDC6_HUMAN	7.28e-06	33.1	53.846	26
A8Y7N5	sp|P10646|TFPI1_HUMAN	1.9e-16	63.2	43.86	57
A8Y7N5	sp|P10646|TFPI1_HUMAN	5.33e-15	59.3	41.509	53
A8Y7N5	sp|P10646|TFPI1_HUMAN	8.26e-15	58.5	48.148	54
A8Y7N5	sp|Q06481|APLP2_HUMAN	1.98e-16	63.5	47.368	57
A8Y7N5	sp|P49223|SPIT3_HUMAN	2.13e-15	57.0	42.593	54
A8Y7N5	sp|P05067|A4_HUMAN	2.63e-15	60.5	50.0	46
A8Y7N5	sp|P12111|CO6A3_HUMAN	9.22e-15	58.9	43.137	51
A8Y7N5	sp|Q2UY09|COSA1_HUMAN	5.89e-14	56.6	38.095	63
A8Y7N5	sp|Q2UY09|COSA1_HUMAN	0.25	20.8	30.303	33
A8Y7N5	sp|O43291|SPIT2_HUMAN	1.38e-13	55.1	43.333	60
A8Y7N5	sp|O43291|SPIT2_HUMAN	6.83e-11	47.8	40.385	52
A8Y7N5	sp|P02760|AMBP_HUMAN	6.19e-13	53.5	47.059	51
A8Y7N5	sp|P02760|AMBP_HUMAN	1.92e-11	49.3	45.098	51
A8Y7N5	sp|P48307|TFPI2_HUMAN	8.91e-13	52.8	46.0	50
A8Y7N5	sp|P48307|TFPI2_HUMAN	4.28e-12	50.8	47.059	51
A8Y7N5	sp|P48307|TFPI2_HUMAN	3.42e-05	31.6	33.333	60
A8Y7N5	sp|O95925|EPPI_HUMAN	1.88e-12	50.4	39.655	58
A8Y7N5	sp|Q8TEU8|WFKN2_HUMAN	2.96e-12	51.6	43.137	51
A8Y7N5	sp|Q8TEU8|WFKN2_HUMAN	3.27e-06	34.7	28.302	53
A8Y7N5	sp|O43278|SPIT1_HUMAN	2.23e-11	49.3	43.396	53
A8Y7N5	sp|O43278|SPIT1_HUMAN	4.12e-11	48.5	36.923	65
A8Y7N5	sp|O95428|PPN_HUMAN	1.89e-10	46.6	40.678	59
A8Y7N5	sp|O95428|PPN_HUMAN	2.5	17.7	46.154	13
A8Y7N5	sp|Q02388|CO7A1_HUMAN	2.68e-10	46.2	37.037	54
A8Y7N5	sp|Q6UDR6|SPIT4_HUMAN	3.66e-09	41.2	40.741	54
A8Y7N5	sp|Q96NZ8|WFKN1_HUMAN	4.79e-09	42.7	41.176	51
A8Y7N5	sp|Q96NZ8|WFKN1_HUMAN	0.000663	28.1	26.667	45
A8Y7N5	sp|Q8IUA0|WFDC8_HUMAN	3.46e-08	40.0	36.538	52
A8Y7N5	sp|Q9BQY6|WFDC6_HUMAN	0.000102	30.0	43.333	30
A8Y7N6	sp|P10646|TFPI1_HUMAN	2.35e-18	68.6	44.828	58
A8Y7N6	sp|P10646|TFPI1_HUMAN	2.4e-14	57.4	42.308	52
A8Y7N6	sp|P10646|TFPI1_HUMAN	1.89e-13	55.1	45.455	55
A8Y7N6	sp|Q8TEU8|WFKN2_HUMAN	5.24e-16	62.4	47.059	51
A8Y7N6	sp|Q8TEU8|WFKN2_HUMAN	2.37e-08	40.4	31.373	51
A8Y7N6	sp|P12111|CO6A3_HUMAN	6.06e-16	62.0	45.098	51
A8Y7N6	sp|P12111|CO6A3_HUMAN	6.3	16.5	25.0	56
A8Y7N6	sp|O95925|EPPI_HUMAN	2.11e-15	58.2	39.655	58
A8Y7N6	sp|Q06481|APLP2_HUMAN	7.19e-15	58.9	42.373	59
A8Y7N6	sp|P49223|SPIT3_HUMAN	8.86e-15	55.5	38.182	55
A8Y7N6	sp|O95428|PPN_HUMAN	1.18e-14	58.5	40.678	59
A8Y7N6	sp|P48307|TFPI2_HUMAN	1.36e-14	57.8	44.643	56
A8Y7N6	sp|P48307|TFPI2_HUMAN	1.11e-12	52.4	44.0	50
A8Y7N6	sp|P48307|TFPI2_HUMAN	2.78e-05	32.0	31.667	60
A8Y7N6	sp|Q2UY09|COSA1_HUMAN	4.9e-14	56.6	35.484	62
A8Y7N6	sp|Q02388|CO7A1_HUMAN	1.03e-13	55.8	40.625	64
A8Y7N6	sp|Q02388|CO7A1_HUMAN	0.79	19.2	42.105	19
A8Y7N6	sp|Q02388|CO7A1_HUMAN	5.4	16.9	83.333	6
A8Y7N6	sp|Q02388|CO7A1_HUMAN	5.4	16.9	83.333	6
A8Y7N6	sp|P05067|A4_HUMAN	2.24e-13	54.7	46.809	47
A8Y7N6	sp|P02760|AMBP_HUMAN	3.51e-13	54.3	46.154	52
A8Y7N6	sp|P02760|AMBP_HUMAN	2.06e-11	49.3	43.137	51
A8Y7N6	sp|O43278|SPIT1_HUMAN	1.09e-12	52.8	37.143	70
A8Y7N6	sp|O43278|SPIT1_HUMAN	6.69e-12	50.8	35.385	65
A8Y7N6	sp|O43278|SPIT1_HUMAN	3.6	17.3	41.176	17
A8Y7N6	sp|Q96NZ8|WFKN1_HUMAN	6.9e-12	50.4	41.176	51
A8Y7N6	sp|Q96NZ8|WFKN1_HUMAN	2.53e-05	32.0	30.0	60
A8Y7N6	sp|O43291|SPIT2_HUMAN	2.08e-11	48.9	37.288	59
A8Y7N6	sp|O43291|SPIT2_HUMAN	1.23e-10	47.0	37.736	53
A8Y7N6	sp|Q8IUA0|WFDC8_HUMAN	2.27e-10	46.2	41.176	51
A8Y7N6	sp|Q6UDR6|SPIT4_HUMAN	7.5e-10	43.1	35.065	77
A8Y7N6	sp|Q9BQY6|WFDC6_HUMAN	9.81e-08	38.1	53.125	32
A8Y7N7	sp|P10646|TFPI1_HUMAN	1.85e-18	68.9	44.828	58
A8Y7N7	sp|P10646|TFPI1_HUMAN	1.35e-14	58.5	38.983	59
A8Y7N7	sp|P10646|TFPI1_HUMAN	2.44e-13	54.7	45.455	55
A8Y7N7	sp|Q8TEU8|WFKN2_HUMAN	6.16e-17	65.1	47.273	55
A8Y7N7	sp|Q8TEU8|WFKN2_HUMAN	3.73e-08	40.4	31.373	51
A8Y7N7	sp|P12111|CO6A3_HUMAN	6.96e-16	62.4	46.296	54
A8Y7N7	sp|P12111|CO6A3_HUMAN	7.1	16.5	25.0	56
A8Y7N7	sp|O95925|EPPI_HUMAN	2.58e-15	58.2	38.983	59
A8Y7N7	sp|Q06481|APLP2_HUMAN	2.73e-15	60.5	44.068	59
A8Y7N7	sp|P49223|SPIT3_HUMAN	8.79e-15	55.8	38.182	55
A8Y7N7	sp|P48307|TFPI2_HUMAN	1.12e-14	58.2	44.643	56
A8Y7N7	sp|P48307|TFPI2_HUMAN	1.35e-12	52.4	44.0	50
A8Y7N7	sp|P48307|TFPI2_HUMAN	7.29e-06	33.5	33.871	62
A8Y7N7	sp|P02760|AMBP_HUMAN	3.24e-14	57.4	46.154	52
A8Y7N7	sp|P02760|AMBP_HUMAN	2.86e-13	54.7	42.105	57
A8Y7N7	sp|Q2UY09|COSA1_HUMAN	6.16e-14	56.6	35.484	62
A8Y7N7	sp|O95428|PPN_HUMAN	8.13e-14	56.2	38.095	63
A8Y7N7	sp|Q02388|CO7A1_HUMAN	2.52e-13	55.1	41.176	68
A8Y7N7	sp|Q02388|CO7A1_HUMAN	1.1	19.2	42.105	19
A8Y7N7	sp|Q02388|CO7A1_HUMAN	7.0	16.5	83.333	6
A8Y7N7	sp|Q02388|CO7A1_HUMAN	7.0	16.5	83.333	6
A8Y7N7	sp|P05067|A4_HUMAN	3e-13	54.7	46.809	47
A8Y7N7	sp|Q96NZ8|WFKN1_HUMAN	5.54e-13	53.9	41.818	55
A8Y7N7	sp|Q96NZ8|WFKN1_HUMAN	2.2e-05	32.3	30.0	60
A8Y7N7	sp|O43278|SPIT1_HUMAN	4.78e-12	51.2	35.616	73
A8Y7N7	sp|O43278|SPIT1_HUMAN	1.18e-11	50.1	33.333	69
A8Y7N7	sp|O43278|SPIT1_HUMAN	3.6	17.7	41.176	17
A8Y7N7	sp|O43291|SPIT2_HUMAN	1.65e-11	49.7	37.288	59
A8Y7N7	sp|O43291|SPIT2_HUMAN	1.49e-10	47.0	37.736	53
A8Y7N7	sp|Q8IUA0|WFDC8_HUMAN	3.17e-10	45.8	41.176	51
A8Y7N7	sp|Q6UDR6|SPIT4_HUMAN	4.53e-10	43.9	35.443	79
A8Y7N7	sp|Q9BQY6|WFDC6_HUMAN	8.19e-08	38.5	54.839	31
A8Y7N8	sp|P12111|CO6A3_HUMAN	2.66e-17	66.2	42.373	59
A8Y7N8	sp|P05067|A4_HUMAN	2.55e-16	63.5	50.0	48
A8Y7N8	sp|P10646|TFPI1_HUMAN	2.57e-16	63.2	47.368	57
A8Y7N8	sp|P10646|TFPI1_HUMAN	6.82e-13	53.5	35.0	60
A8Y7N8	sp|P10646|TFPI1_HUMAN	2.32e-12	52.0	42.593	54
A8Y7N8	sp|P49223|SPIT3_HUMAN	3.85e-15	56.6	42.593	54
A8Y7N8	sp|Q06481|APLP2_HUMAN	3.95e-15	60.1	41.176	68
A8Y7N8	sp|Q06481|APLP2_HUMAN	3.1	17.7	37.5	16
A8Y7N8	sp|Q8TEU8|WFKN2_HUMAN	4.49e-14	57.0	43.636	55
A8Y7N8	sp|Q8TEU8|WFKN2_HUMAN	1.34e-06	35.8	33.333	51
A8Y7N8	sp|P02760|AMBP_HUMAN	4.95e-14	57.0	52.941	51
A8Y7N8	sp|P02760|AMBP_HUMAN	2.83e-12	52.0	42.105	57
A8Y7N8	sp|O43291|SPIT2_HUMAN	7.63e-14	55.8	41.667	60
A8Y7N8	sp|O43291|SPIT2_HUMAN	1.23e-09	44.3	31.667	60
A8Y7N8	sp|P48307|TFPI2_HUMAN	2.26e-13	54.7	46.0	50
A8Y7N8	sp|P48307|TFPI2_HUMAN	4.62e-10	45.4	44.231	52
A8Y7N8	sp|P48307|TFPI2_HUMAN	1.9e-05	32.3	35.484	62
A8Y7N8	sp|O43278|SPIT1_HUMAN	2.27e-13	55.1	47.059	51
A8Y7N8	sp|O43278|SPIT1_HUMAN	9.92e-13	53.1	36.986	73
A8Y7N8	sp|Q96NZ8|WFKN1_HUMAN	7.28e-13	53.5	45.455	55
A8Y7N8	sp|Q96NZ8|WFKN1_HUMAN	3.18e-06	34.7	34.615	52
A8Y7N8	sp|O95925|EPPI_HUMAN	1.35e-12	51.2	35.593	59
A8Y7N8	sp|Q2UY09|COSA1_HUMAN	4.09e-12	51.6	37.097	62
A8Y7N8	sp|Q2UY09|COSA1_HUMAN	0.17	21.6	31.579	38
A8Y7N8	sp|O95428|PPN_HUMAN	1.8e-10	47.0	34.783	69
A8Y7N8	sp|Q02388|CO7A1_HUMAN	1.59e-09	44.3	38.889	54
A8Y7N8	sp|Q6UDR6|SPIT4_HUMAN	5.35e-09	41.2	37.5	56
A8Y7N8	sp|Q8IUA0|WFDC8_HUMAN	1.5e-06	35.4	35.294	51
A8Y7N8	sp|Q9BQY6|WFDC6_HUMAN	7.59e-06	33.1	53.846	26
A8Y7N9	sp|P10646|TFPI1_HUMAN	1.29e-18	69.7	49.123	57
A8Y7N9	sp|P10646|TFPI1_HUMAN	9.22e-16	62.0	48.077	52
A8Y7N9	sp|P10646|TFPI1_HUMAN	2.22e-15	60.8	48.148	54
A8Y7N9	sp|Q8TEU8|WFKN2_HUMAN	8.79e-18	67.8	56.863	51
A8Y7N9	sp|Q8TEU8|WFKN2_HUMAN	1.19e-08	42.0	37.255	51
A8Y7N9	sp|P48307|TFPI2_HUMAN	8.95e-17	63.9	52.0	50
A8Y7N9	sp|P48307|TFPI2_HUMAN	9.23e-14	55.8	46.429	56
A8Y7N9	sp|P48307|TFPI2_HUMAN	0.003	26.6	26.23	61
A8Y7N9	sp|O43278|SPIT1_HUMAN	9.48e-17	65.1	60.87	46
A8Y7N9	sp|O43278|SPIT1_HUMAN	1.27e-13	56.2	36.508	63
A8Y7N9	sp|Q06481|APLP2_HUMAN	1.18e-16	64.7	44.262	61
A8Y7N9	sp|P12111|CO6A3_HUMAN	2.8e-16	63.5	44.231	52
A8Y7N9	sp|P12111|CO6A3_HUMAN	9.9	16.5	66.667	6
A8Y7N9	sp|P05067|A4_HUMAN	5.52e-16	62.8	46.0	50
A8Y7N9	sp|O43291|SPIT2_HUMAN	6.55e-16	62.0	45.283	53
A8Y7N9	sp|O43291|SPIT2_HUMAN	4.85e-12	51.2	34.848	66
A8Y7N9	sp|P49223|SPIT3_HUMAN	2.94e-15	57.0	38.889	54
A8Y7N9	sp|Q96NZ8|WFKN1_HUMAN	3.26e-14	57.8	49.02	51
A8Y7N9	sp|Q96NZ8|WFKN1_HUMAN	3.16e-06	35.0	32.609	46
A8Y7N9	sp|Q96NZ8|WFKN1_HUMAN	5.2	17.3	27.027	37
A8Y7N9	sp|O95925|EPPI_HUMAN	5.8e-13	52.4	41.176	51
A8Y7N9	sp|Q02388|CO7A1_HUMAN	1.09e-12	53.5	46.296	54
A8Y7N9	sp|P02760|AMBP_HUMAN	2.84e-12	52.0	45.098	51
A8Y7N9	sp|P02760|AMBP_HUMAN	5.05e-12	51.6	39.286	56
A8Y7N9	sp|O95428|PPN_HUMAN	4.74e-12	51.6	42.857	63
A8Y7N9	sp|O95428|PPN_HUMAN	6.0	16.9	42.857	14
A8Y7N9	sp|O95428|PPN_HUMAN	9.2	16.5	34.615	26
A8Y7N9	sp|Q2UY09|COSA1_HUMAN	6.37e-11	48.5	33.871	62
A8Y7N9	sp|Q6UDR6|SPIT4_HUMAN	3.95e-10	44.3	35.185	54
A8Y7N9	sp|Q8IUA0|WFDC8_HUMAN	1.62e-09	44.3	41.176	51
A8Y7N9	sp|Q9BQY6|WFDC6_HUMAN	5.41e-05	31.2	48.276	29
A8Y7P0	sp|P05067|A4_HUMAN	7.06e-17	64.7	51.064	47
A8Y7P0	sp|P10646|TFPI1_HUMAN	7.45e-17	64.3	47.368	57
A8Y7P0	sp|P10646|TFPI1_HUMAN	1.63e-13	55.1	37.736	53
A8Y7P0	sp|P10646|TFPI1_HUMAN	7.18e-13	53.1	44.444	54
A8Y7P0	sp|Q06481|APLP2_HUMAN	7.93e-17	64.7	45.614	57
A8Y7P0	sp|Q06481|APLP2_HUMAN	0.54	19.6	43.75	16
A8Y7P0	sp|P49223|SPIT3_HUMAN	2.4e-15	57.0	40.741	54
A8Y7P0	sp|O43291|SPIT2_HUMAN	6.32e-15	58.5	43.333	60
A8Y7P0	sp|O43291|SPIT2_HUMAN	1.45e-10	46.6	36.538	52
A8Y7P0	sp|P12111|CO6A3_HUMAN	1.35e-14	58.5	40.385	52
A8Y7P0	sp|Q8TEU8|WFKN2_HUMAN	2.81e-14	57.4	43.137	51
A8Y7P0	sp|Q8TEU8|WFKN2_HUMAN	1.24e-07	38.5	33.333	51
A8Y7P0	sp|P02760|AMBP_HUMAN	5.09e-13	53.9	50.98	51
A8Y7P0	sp|P02760|AMBP_HUMAN	4.29e-11	48.1	42.308	52
A8Y7P0	sp|Q2UY09|COSA1_HUMAN	8.48e-13	53.1	37.097	62
A8Y7P0	sp|O43278|SPIT1_HUMAN	1.49e-12	52.4	40.0	65
A8Y7P0	sp|O43278|SPIT1_HUMAN	2.03e-12	52.0	45.283	53
A8Y7P0	sp|O95925|EPPI_HUMAN	2.5e-12	50.1	36.207	58
A8Y7P0	sp|O95428|PPN_HUMAN	2.83e-12	51.6	40.678	59
A8Y7P0	sp|O95428|PPN_HUMAN	8.3	16.5	50.0	12
A8Y7P0	sp|O95428|PPN_HUMAN	9.0	16.2	33.333	21
A8Y7P0	sp|P48307|TFPI2_HUMAN	1.47e-11	49.3	42.0	50
A8Y7P0	sp|P48307|TFPI2_HUMAN	2.02e-11	48.9	47.059	51
A8Y7P0	sp|P48307|TFPI2_HUMAN	3.35e-05	31.6	33.333	60
A8Y7P0	sp|Q02388|CO7A1_HUMAN	5.5e-11	48.1	40.741	54
A8Y7P0	sp|Q96NZ8|WFKN1_HUMAN	7.72e-11	47.8	43.137	51
A8Y7P0	sp|Q96NZ8|WFKN1_HUMAN	5.12e-06	33.9	32.203	59
A8Y7P0	sp|Q8IUA0|WFDC8_HUMAN	3.36e-09	42.7	39.216	51
A8Y7P0	sp|Q6UDR6|SPIT4_HUMAN	4.39e-09	41.2	37.662	77
A8Y7P0	sp|Q9BQY6|WFDC6_HUMAN	3.15e-05	31.2	46.667	30
A8Y7P2	sp|P05067|A4_HUMAN	9.83e-17	64.3	51.064	47
A8Y7P2	sp|Q06481|APLP2_HUMAN	1.04e-16	64.3	45.614	57
A8Y7P2	sp|Q06481|APLP2_HUMAN	0.54	19.6	43.75	16
A8Y7P2	sp|P10646|TFPI1_HUMAN	3.02e-16	62.8	47.368	57
A8Y7P2	sp|P10646|TFPI1_HUMAN	2.05e-13	54.7	37.736	53
A8Y7P2	sp|P10646|TFPI1_HUMAN	8.84e-13	53.1	44.444	54
A8Y7P2	sp|P49223|SPIT3_HUMAN	5.03e-15	56.2	40.741	54
A8Y7P2	sp|P12111|CO6A3_HUMAN	7.81e-15	58.9	40.385	52
A8Y7P2	sp|O43291|SPIT2_HUMAN	1.56e-14	57.8	43.333	60
A8Y7P2	sp|O43291|SPIT2_HUMAN	2.26e-11	48.9	38.462	52
A8Y7P2	sp|Q8TEU8|WFKN2_HUMAN	6.37e-14	56.2	43.137	51
A8Y7P2	sp|Q8TEU8|WFKN2_HUMAN	3.21e-07	37.4	33.333	51
A8Y7P2	sp|P48307|TFPI2_HUMAN	1.01e-12	52.4	44.0	50
A8Y7P2	sp|P48307|TFPI2_HUMAN	3.63e-10	45.4	45.098	51
A8Y7P2	sp|P48307|TFPI2_HUMAN	2.38e-05	32.0	33.333	60
A8Y7P2	sp|P02760|AMBP_HUMAN	1.02e-12	52.8	50.98	51
A8Y7P2	sp|P02760|AMBP_HUMAN	6.54e-11	47.8	42.308	52
A8Y7P2	sp|O95925|EPPI_HUMAN	1.09e-12	51.2	36.207	58
A8Y7P2	sp|Q2UY09|COSA1_HUMAN	1.57e-12	52.4	37.097	62
A8Y7P2	sp|O95428|PPN_HUMAN	2.26e-12	52.0	40.678	59
A8Y7P2	sp|O95428|PPN_HUMAN	8.0	16.5	50.0	12
A8Y7P2	sp|O43278|SPIT1_HUMAN	3.03e-12	51.6	45.283	53
A8Y7P2	sp|O43278|SPIT1_HUMAN	6.25e-12	50.8	38.462	65
A8Y7P2	sp|Q96NZ8|WFKN1_HUMAN	7.57e-11	47.8	43.137	51
A8Y7P2	sp|Q96NZ8|WFKN1_HUMAN	3.57e-05	31.6	30.508	59
A8Y7P2	sp|Q02388|CO7A1_HUMAN	1.89e-10	46.6	38.889	54
A8Y7P2	sp|Q6UDR6|SPIT4_HUMAN	1.35e-08	39.7	37.662	77
A8Y7P2	sp|Q8IUA0|WFDC8_HUMAN	2.07e-08	40.4	37.255	51
A8Y7P2	sp|Q9BQY6|WFDC6_HUMAN	8.1e-06	32.7	46.667	30
A8Y7P3	sp|P10646|TFPI1_HUMAN	1.28e-16	63.5	47.368	57
A8Y7P3	sp|P10646|TFPI1_HUMAN	2.13e-13	54.7	37.037	54
A8Y7P3	sp|P10646|TFPI1_HUMAN	3.49e-13	54.3	44.444	54
A8Y7P3	sp|Q06481|APLP2_HUMAN	6.65e-16	62.0	43.86	57
A8Y7P3	sp|P49223|SPIT3_HUMAN	7.5e-16	58.2	42.593	54
A8Y7P3	sp|P05067|A4_HUMAN	1.27e-15	61.2	50.0	46
A8Y7P3	sp|P12111|CO6A3_HUMAN	6.95e-15	59.3	41.176	51
A8Y7P3	sp|O43291|SPIT2_HUMAN	1.68e-14	57.4	43.333	60
A8Y7P3	sp|O43291|SPIT2_HUMAN	1.69e-10	46.6	36.538	52
A8Y7P3	sp|P02760|AMBP_HUMAN	2.1e-14	57.8	50.98	51
A8Y7P3	sp|P02760|AMBP_HUMAN	8.19e-11	47.4	41.176	51
A8Y7P3	sp|Q8TEU8|WFKN2_HUMAN	2.89e-13	54.7	41.176	51
A8Y7P3	sp|Q8TEU8|WFKN2_HUMAN	1.26e-06	35.8	30.769	52
A8Y7P3	sp|Q2UY09|COSA1_HUMAN	3.26e-13	54.3	36.508	63
A8Y7P3	sp|Q2UY09|COSA1_HUMAN	0.53	19.6	30.303	33
A8Y7P3	sp|P48307|TFPI2_HUMAN	6.91e-13	53.1	44.0	50
A8Y7P3	sp|P48307|TFPI2_HUMAN	3.06e-10	45.8	45.098	51
A8Y7P3	sp|P48307|TFPI2_HUMAN	4.39e-06	33.9	35.0	60
A8Y7P3	sp|O95925|EPPI_HUMAN	1.44e-12	50.8	36.207	58
A8Y7P3	sp|O43278|SPIT1_HUMAN	4.44e-12	51.2	38.462	65
A8Y7P3	sp|O43278|SPIT1_HUMAN	1.85e-11	49.3	43.396	53
A8Y7P3	sp|O95428|PPN_HUMAN	9.6e-12	50.1	38.983	59
A8Y7P3	sp|O95428|PPN_HUMAN	3.6	17.3	50.0	12
A8Y7P3	sp|Q02388|CO7A1_HUMAN	8.54e-11	47.8	38.889	54
A8Y7P3	sp|Q96NZ8|WFKN1_HUMAN	1.35e-10	47.0	43.137	51
A8Y7P3	sp|Q96NZ8|WFKN1_HUMAN	0.000768	27.7	27.586	58
A8Y7P3	sp|Q6UDR6|SPIT4_HUMAN	3.81e-10	43.9	40.26	77
A8Y7P3	sp|Q8IUA0|WFDC8_HUMAN	1.7e-08	40.8	36.538	52
A8Y7P3	sp|Q9BQY6|WFDC6_HUMAN	2.25e-05	31.6	46.667	30
A8Y7P4	sp|P10646|TFPI1_HUMAN	7.38e-17	64.3	47.368	57
A8Y7P4	sp|P10646|TFPI1_HUMAN	1.16e-13	55.5	37.037	54
A8Y7P4	sp|P10646|TFPI1_HUMAN	1.43e-12	52.4	44.444	54
A8Y7P4	sp|Q06481|APLP2_HUMAN	1.68e-15	60.8	43.86	57
A8Y7P4	sp|P05067|A4_HUMAN	3.2e-15	60.1	50.0	46
A8Y7P4	sp|P49223|SPIT3_HUMAN	5.49e-15	55.8	42.593	54
A8Y7P4	sp|P12111|CO6A3_HUMAN	1.88e-14	57.8	41.176	51
A8Y7P4	sp|P02760|AMBP_HUMAN	5.18e-14	56.6	50.98	51
A8Y7P4	sp|P02760|AMBP_HUMAN	1.98e-10	46.6	41.176	51
A8Y7P4	sp|O43291|SPIT2_HUMAN	1.5e-13	55.1	43.333	60
A8Y7P4	sp|O43291|SPIT2_HUMAN	4.17e-10	45.4	36.538	52
A8Y7P4	sp|Q2UY09|COSA1_HUMAN	5.97e-13	53.5	36.508	63
A8Y7P4	sp|Q2UY09|COSA1_HUMAN	0.5	20.0	27.778	36
A8Y7P4	sp|Q8TEU8|WFKN2_HUMAN	3.89e-12	51.2	39.216	51
A8Y7P4	sp|Q8TEU8|WFKN2_HUMAN	3.72e-07	37.4	30.769	52
A8Y7P4	sp|Q8TEU8|WFKN2_HUMAN	1.9	18.1	30.435	23
A8Y7P4	sp|P48307|TFPI2_HUMAN	4.83e-12	50.8	47.059	51
A8Y7P4	sp|P48307|TFPI2_HUMAN	6.88e-12	50.4	42.0	50
A8Y7P4	sp|P48307|TFPI2_HUMAN	7.03e-06	33.5	35.0	60
A8Y7P4	sp|O43278|SPIT1_HUMAN	9.14e-12	50.4	38.462	65
A8Y7P4	sp|O43278|SPIT1_HUMAN	4.45e-11	48.1	43.396	53
A8Y7P4	sp|O95925|EPPI_HUMAN	1.72e-11	48.1	36.207	58
A8Y7P4	sp|O95428|PPN_HUMAN	2.45e-11	48.9	38.983	59
A8Y7P4	sp|O95428|PPN_HUMAN	1.3	18.9	46.154	13
A8Y7P4	sp|Q02388|CO7A1_HUMAN	8.85e-10	44.7	37.037	54
A8Y7P4	sp|Q6UDR6|SPIT4_HUMAN	1.25e-09	42.4	40.26	77
A8Y7P4	sp|Q96NZ8|WFKN1_HUMAN	1.75e-09	43.9	41.176	51
A8Y7P4	sp|Q96NZ8|WFKN1_HUMAN	0.000223	29.3	27.586	58
A8Y7P4	sp|Q8IUA0|WFDC8_HUMAN	4.6e-08	39.7	36.538	52
A8Y7P4	sp|Q9BQY6|WFDC6_HUMAN	4.11e-05	30.8	46.667	30
A8Y7P5	sp|P10646|TFPI1_HUMAN	2.3e-16	63.2	36.508	63
A8Y7P5	sp|P10646|TFPI1_HUMAN	9.46e-16	61.6	42.373	59
A8Y7P5	sp|P10646|TFPI1_HUMAN	3.62e-13	54.3	46.296	54
A8Y7P5	sp|P12111|CO6A3_HUMAN	9.06e-16	62.0	46.154	52
A8Y7P5	sp|P12111|CO6A3_HUMAN	2.9	17.7	23.077	52
A8Y7P5	sp|Q06481|APLP2_HUMAN	1.42e-14	58.5	43.077	65
A8Y7P5	sp|Q8TEU8|WFKN2_HUMAN	1.58e-14	58.5	45.098	51
A8Y7P5	sp|Q8TEU8|WFKN2_HUMAN	5.46e-08	39.7	29.412	51
A8Y7P5	sp|O95925|EPPI_HUMAN	1.44e-13	53.5	40.0	55
A8Y7P5	sp|P02760|AMBP_HUMAN	1.79e-13	55.5	43.86	57
A8Y7P5	sp|P02760|AMBP_HUMAN	1.27e-11	50.1	39.216	51
A8Y7P5	sp|P49223|SPIT3_HUMAN	2.16e-13	52.0	37.037	54
A8Y7P5	sp|P48307|TFPI2_HUMAN	2.23e-13	54.7	41.071	56
A8Y7P5	sp|P48307|TFPI2_HUMAN	2.15e-12	52.0	44.0	50
A8Y7P5	sp|P48307|TFPI2_HUMAN	1.04e-05	33.1	31.034	58
A8Y7P5	sp|Q2UY09|COSA1_HUMAN	4.01e-13	54.3	35.484	62
A8Y7P5	sp|O95428|PPN_HUMAN	1.05e-12	53.1	39.683	63
A8Y7P5	sp|P05067|A4_HUMAN	1.77e-12	52.8	40.0	50
A8Y7P5	sp|Q02388|CO7A1_HUMAN	5.09e-12	51.2	40.741	54
A8Y7P5	sp|Q02388|CO7A1_HUMAN	1.4	18.9	42.105	19
A8Y7P5	sp|Q02388|CO7A1_HUMAN	8.9	16.5	83.333	6
A8Y7P5	sp|Q02388|CO7A1_HUMAN	8.9	16.5	83.333	6
A8Y7P5	sp|O43291|SPIT2_HUMAN	4.27e-11	48.5	36.066	61
A8Y7P5	sp|O43291|SPIT2_HUMAN	4.71e-11	48.1	32.308	65
A8Y7P5	sp|Q96NZ8|WFKN1_HUMAN	1.42e-10	47.0	41.176	51
A8Y7P5	sp|Q96NZ8|WFKN1_HUMAN	3.16e-05	32.0	31.148	61
A8Y7P5	sp|O43278|SPIT1_HUMAN	1.44e-10	47.0	31.507	73
A8Y7P5	sp|O43278|SPIT1_HUMAN	5.83e-10	45.4	31.746	63
A8Y7P5	sp|O43278|SPIT1_HUMAN	4.0	17.3	41.176	17
A8Y7P5	sp|Q8IUA0|WFDC8_HUMAN	8.91e-10	44.7	37.5	56
A8Y7P5	sp|Q6UDR6|SPIT4_HUMAN	3.53e-09	41.6	34.177	79
A8Y7P5	sp|Q9BQY6|WFDC6_HUMAN	3.28e-06	34.3	50.0	30
A8Y7P5	sp|Q9BQY6|WFDC6_HUMAN	0.65	19.6	38.71	31
A8Y7P6	sp|Q06481|APLP2_HUMAN	6.27e-17	65.1	44.828	58
A8Y7P6	sp|Q06481|APLP2_HUMAN	0.54	19.6	43.75	16
A8Y7P6	sp|P10646|TFPI1_HUMAN	6.41e-17	64.7	46.552	58
A8Y7P6	sp|P10646|TFPI1_HUMAN	2.59e-13	54.7	34.286	70
A8Y7P6	sp|P10646|TFPI1_HUMAN	1.22e-12	52.8	44.444	54
A8Y7P6	sp|P05067|A4_HUMAN	7.06e-17	64.7	51.064	47
A8Y7P6	sp|P49223|SPIT3_HUMAN	2.18e-15	57.0	40.741	54
A8Y7P6	sp|O43291|SPIT2_HUMAN	4.8e-15	58.9	43.333	60
A8Y7P6	sp|O43291|SPIT2_HUMAN	9.68e-11	47.0	35.849	53
A8Y7P6	sp|P12111|CO6A3_HUMAN	1.35e-14	58.5	40.385	52
A8Y7P6	sp|Q8TEU8|WFKN2_HUMAN	2.72e-14	57.4	43.137	51
A8Y7P6	sp|Q8TEU8|WFKN2_HUMAN	1.22e-07	38.5	33.333	51
A8Y7P6	sp|P02760|AMBP_HUMAN	3.51e-13	54.3	50.98	51
A8Y7P6	sp|P02760|AMBP_HUMAN	3.97e-11	48.5	42.308	52
A8Y7P6	sp|O43278|SPIT1_HUMAN	5.02e-13	53.9	40.0	65
A8Y7P6	sp|O43278|SPIT1_HUMAN	1.9e-12	52.4	45.283	53
A8Y7P6	sp|O95428|PPN_HUMAN	1.41e-12	52.8	41.667	60
A8Y7P6	sp|O95428|PPN_HUMAN	8.1	16.5	50.0	12
A8Y7P6	sp|O95428|PPN_HUMAN	8.6	16.2	33.333	21
A8Y7P6	sp|Q2UY09|COSA1_HUMAN	1.48e-12	52.4	35.484	62
A8Y7P6	sp|O95925|EPPI_HUMAN	2.42e-12	50.1	36.207	58
A8Y7P6	sp|P48307|TFPI2_HUMAN	1.3e-11	49.7	45.283	53
A8Y7P6	sp|P48307|TFPI2_HUMAN	2.19e-11	48.9	42.0	50
A8Y7P6	sp|P48307|TFPI2_HUMAN	6.83e-06	33.5	35.0	60
A8Y7P6	sp|Q02388|CO7A1_HUMAN	1.91e-11	49.3	37.5	64
A8Y7P6	sp|Q96NZ8|WFKN1_HUMAN	8.03e-11	47.8	43.137	51
A8Y7P6	sp|Q96NZ8|WFKN1_HUMAN	5.54e-06	33.9	34.615	52
A8Y7P6	sp|Q8IUA0|WFDC8_HUMAN	2.95e-09	43.1	39.216	51
A8Y7P6	sp|Q6UDR6|SPIT4_HUMAN	9.48e-09	40.0	37.037	54
A8Y7P6	sp|Q9BQY6|WFDC6_HUMAN	2.85e-05	31.6	46.667	30
B2KTG1	sp|P12111|CO6A3_HUMAN	1.37e-17	66.6	45.098	51
B2KTG1	sp|P12111|CO6A3_HUMAN	0.12	21.6	38.235	34
B2KTG1	sp|P10646|TFPI1_HUMAN	6.05e-17	64.7	41.791	67
B2KTG1	sp|P10646|TFPI1_HUMAN	3.55e-15	59.7	46.296	54
B2KTG1	sp|P10646|TFPI1_HUMAN	4.45e-14	56.6	37.313	67
B2KTG1	sp|P49223|SPIT3_HUMAN	6.08e-16	58.5	44.444	54
B2KTG1	sp|Q8TEU8|WFKN2_HUMAN	6.89e-15	58.9	42.623	61
B2KTG1	sp|Q8TEU8|WFKN2_HUMAN	1.56e-07	38.1	28.788	66
B2KTG1	sp|Q6UDR6|SPIT4_HUMAN	3.16e-13	51.6	42.308	52
B2KTG1	sp|Q96NZ8|WFKN1_HUMAN	4.94e-13	53.9	43.137	51
B2KTG1	sp|Q96NZ8|WFKN1_HUMAN	3.45e-05	31.6	30.435	46
B2KTG1	sp|O95925|EPPI_HUMAN	6.36e-13	51.6	41.176	51
B2KTG1	sp|O43291|SPIT2_HUMAN	2.53e-12	51.6	37.037	54
B2KTG1	sp|O43291|SPIT2_HUMAN	1.13e-10	47.0	36.538	52
B2KTG1	sp|P02760|AMBP_HUMAN	3.03e-12	51.6	45.098	51
B2KTG1	sp|P02760|AMBP_HUMAN	8.86e-10	44.7	37.736	53
B2KTG1	sp|O43278|SPIT1_HUMAN	3.19e-12	51.6	37.879	66
B2KTG1	sp|O43278|SPIT1_HUMAN	1.1e-10	47.0	36.508	63
B2KTG1	sp|Q06481|APLP2_HUMAN	3.62e-12	51.2	39.623	53
B2KTG1	sp|Q06481|APLP2_HUMAN	3.5	17.3	37.5	16
B2KTG1	sp|P05067|A4_HUMAN	5e-12	50.8	43.478	46
B2KTG1	sp|P48307|TFPI2_HUMAN	5.71e-12	50.4	42.0	50
B2KTG1	sp|P48307|TFPI2_HUMAN	6.38e-12	50.4	43.396	53
B2KTG1	sp|P48307|TFPI2_HUMAN	0.002	26.6	27.586	58
B2KTG1	sp|O95428|PPN_HUMAN	1.35e-11	49.7	38.889	54
B2KTG1	sp|Q2UY09|COSA1_HUMAN	4.76e-11	48.1	34.375	64
B2KTG1	sp|Q2UY09|COSA1_HUMAN	5.9	16.9	46.154	13
B2KTG1	sp|Q2UY09|COSA1_HUMAN	6.4	16.5	38.889	18
B2KTG1	sp|Q2UY09|COSA1_HUMAN	6.4	16.5	46.154	13
B2KTG1	sp|Q2UY09|COSA1_HUMAN	9.2	16.2	38.889	18
B2KTG1	sp|Q02388|CO7A1_HUMAN	7.6e-11	47.8	40.741	54
B2KTG1	sp|Q02388|CO7A1_HUMAN	1.2	18.9	45.0	20
B2KTG1	sp|Q02388|CO7A1_HUMAN	8.7	16.2	55.556	9
B2KTG1	sp|Q9BQY6|WFDC6_HUMAN	9.63e-07	35.4	48.387	31
B2KTG1	sp|Q8IUA0|WFDC8_HUMAN	2.72e-06	34.7	32.692	52
B2ZBB8	sp|P12111|CO6A3_HUMAN	8.08e-18	67.8	44.0	75
B2ZBB8	sp|Q02388|CO7A1_HUMAN	1.12e-15	61.6	45.588	68
B2ZBB8	sp|O95925|EPPI_HUMAN	4.18e-14	55.1	39.655	58
B2ZBB8	sp|Q06481|APLP2_HUMAN	1.2e-12	53.1	41.379	58
B2ZBB8	sp|P05067|A4_HUMAN	1.85e-12	52.4	46.0	50
B2ZBB8	sp|P05067|A4_HUMAN	8.3	16.5	50.0	8
B2ZBB8	sp|O95428|PPN_HUMAN	1.38e-11	50.1	43.137	51
B2ZBB8	sp|O95428|PPN_HUMAN	1.4	18.9	52.941	17
B2ZBB8	sp|O95428|PPN_HUMAN	3.8	17.3	34.783	23
B2ZBB8	sp|P02760|AMBP_HUMAN	1.67e-11	49.7	41.818	55
B2ZBB8	sp|P02760|AMBP_HUMAN	1.07e-10	47.4	39.623	53
B2ZBB8	sp|O43291|SPIT2_HUMAN	2.33e-11	48.9	41.509	53
B2ZBB8	sp|O43291|SPIT2_HUMAN	5.17e-09	42.4	37.037	54
B2ZBB8	sp|P49223|SPIT3_HUMAN	1.12e-10	45.1	37.736	53
B2ZBB8	sp|Q8TEU8|WFKN2_HUMAN	2.31e-10	46.6	39.286	56
B2ZBB8	sp|Q8TEU8|WFKN2_HUMAN	8.88e-07	36.2	39.216	51
B2ZBB8	sp|Q8TEU8|WFKN2_HUMAN	2.3	18.1	27.273	22
B2ZBB8	sp|P10646|TFPI1_HUMAN	1.8e-09	43.9	35.849	53
B2ZBB8	sp|P10646|TFPI1_HUMAN	2.14e-08	40.8	33.333	54
B2ZBB8	sp|P10646|TFPI1_HUMAN	1.4e-07	38.5	35.849	53
B2ZBB8	sp|Q2UY09|COSA1_HUMAN	7.91e-09	42.0	34.043	47
B2ZBB8	sp|P48307|TFPI2_HUMAN	2.66e-08	40.4	42.593	54
B2ZBB8	sp|P48307|TFPI2_HUMAN	2.14e-06	35.0	39.583	48
B2ZBB8	sp|P48307|TFPI2_HUMAN	0.000119	30.0	45.0	40
B2ZBB8	sp|O43278|SPIT1_HUMAN	5.38e-08	39.7	39.623	53
B2ZBB8	sp|O43278|SPIT1_HUMAN	6.48e-08	39.7	36.957	46
B2ZBB8	sp|Q96NZ8|WFKN1_HUMAN	5.83e-08	39.7	35.714	56
B2ZBB8	sp|Q96NZ8|WFKN1_HUMAN	0.017	24.3	31.579	38
B2ZBB8	sp|Q8IUA0|WFDC8_HUMAN	1.53e-07	38.5	38.596	57
B2ZBB8	sp|Q9BQY6|WFDC6_HUMAN	6.88e-07	35.8	50.0	28
B2ZBB8	sp|Q6UDR6|SPIT4_HUMAN	0.000855	27.3	30.357	56
B4ESA2	sp|O43278|SPIT1_HUMAN	1.83e-12	52.0	41.071	56
B4ESA2	sp|O43278|SPIT1_HUMAN	1.15e-08	41.2	32.812	64
B4ESA2	sp|P12111|CO6A3_HUMAN	8.99e-11	47.4	29.688	64
B4ESA2	sp|Q2UY09|COSA1_HUMAN	3.54e-10	45.8	31.148	61
B4ESA2	sp|P10646|TFPI1_HUMAN	1.83e-09	43.5	40.278	72
B4ESA2	sp|P10646|TFPI1_HUMAN	4.56e-09	42.4	37.736	53
B4ESA2	sp|P10646|TFPI1_HUMAN	3.35e-06	34.3	30.189	53
B4ESA2	sp|Q06481|APLP2_HUMAN	2.62e-09	43.1	33.333	51
B4ESA2	sp|O43291|SPIT2_HUMAN	4.61e-09	42.4	41.86	43
B4ESA2	sp|O43291|SPIT2_HUMAN	2.56e-08	40.4	32.075	53
B4ESA2	sp|P02760|AMBP_HUMAN	7.66e-09	42.0	35.088	57
B4ESA2	sp|P02760|AMBP_HUMAN	2.02e-06	35.0	33.333	42
B4ESA2	sp|Q8TEU8|WFKN2_HUMAN	7.89e-09	42.0	42.857	42
B4ESA2	sp|Q8TEU8|WFKN2_HUMAN	8.96e-09	41.6	32.692	52
B4ESA2	sp|O95925|EPPI_HUMAN	1.77e-08	40.0	39.216	51
B4ESA2	sp|P48307|TFPI2_HUMAN	6.78e-08	38.9	40.426	47
B4ESA2	sp|P48307|TFPI2_HUMAN	6.74e-07	36.2	36.364	44
B4ESA2	sp|P48307|TFPI2_HUMAN	0.003	25.8	28.261	46
B4ESA2	sp|Q96NZ8|WFKN1_HUMAN	8.76e-08	38.9	45.714	35
B4ESA2	sp|Q96NZ8|WFKN1_HUMAN	3.91e-05	31.6	28.302	53
B4ESA2	sp|P05067|A4_HUMAN	2.03e-07	37.7	30.435	46
B4ESA2	sp|Q9BQY6|WFDC6_HUMAN	1.11e-06	35.0	37.5	32
B4ESA2	sp|Q6UDR6|SPIT4_HUMAN	1.99e-06	33.9	31.818	66
B4ESA2	sp|O95428|PPN_HUMAN	3.66e-06	34.3	38.889	36
B4ESA2	sp|Q02388|CO7A1_HUMAN	4.3e-06	34.3	32.759	58
B4ESA2	sp|P49223|SPIT3_HUMAN	1.2e-05	32.0	32.558	43
B4ESA2	sp|Q8IUA0|WFDC8_HUMAN	0.005	25.4	26.19	42
B4ESA3	sp|P10646|TFPI1_HUMAN	2.45e-16	62.8	43.103	58
B4ESA3	sp|P10646|TFPI1_HUMAN	2.13e-15	60.5	39.437	71
B4ESA3	sp|P10646|TFPI1_HUMAN	1.05e-12	52.8	44.286	70
B4ESA3	sp|P12111|CO6A3_HUMAN	3.69e-14	57.0	40.385	52
B4ESA3	sp|P12111|CO6A3_HUMAN	1.5	18.5	55.556	9
B4ESA3	sp|P05067|A4_HUMAN	4.7e-13	53.9	46.809	47
B4ESA3	sp|P48307|TFPI2_HUMAN	4.13e-12	50.8	47.17	53
B4ESA3	sp|P48307|TFPI2_HUMAN	4.37e-11	48.1	42.857	56
B4ESA3	sp|P48307|TFPI2_HUMAN	0.12	21.6	27.586	58
B4ESA3	sp|Q06481|APLP2_HUMAN	4.67e-12	51.2	39.216	51
B4ESA3	sp|O43291|SPIT2_HUMAN	1.22e-11	49.7	44.444	54
B4ESA3	sp|O43291|SPIT2_HUMAN	2.73e-07	37.4	32.143	56
B4ESA3	sp|O43278|SPIT1_HUMAN	1.41e-11	49.7	36.364	66
B4ESA3	sp|O43278|SPIT1_HUMAN	2.57e-10	46.2	35.821	67
B4ESA3	sp|P49223|SPIT3_HUMAN	3.85e-11	46.2	38.889	54
B4ESA3	sp|Q2UY09|COSA1_HUMAN	5.05e-11	48.1	37.097	62
B4ESA3	sp|P02760|AMBP_HUMAN	1.03e-10	47.4	39.683	63
B4ESA3	sp|P02760|AMBP_HUMAN	1.46e-10	46.6	40.385	52
B4ESA3	sp|Q8TEU8|WFKN2_HUMAN	1.44e-10	47.0	43.137	51
B4ESA3	sp|Q8TEU8|WFKN2_HUMAN	2.92e-06	34.7	29.787	47
B4ESA3	sp|Q02388|CO7A1_HUMAN	4.83e-10	45.4	42.593	54
B4ESA3	sp|O95428|PPN_HUMAN	1.59e-09	43.9	39.286	56
B4ESA3	sp|O95428|PPN_HUMAN	5.0	16.9	71.429	7
B4ESA3	sp|O95925|EPPI_HUMAN	3.21e-09	42.0	35.714	56
B4ESA3	sp|Q6UDR6|SPIT4_HUMAN	4.85e-08	38.1	33.962	53
B4ESA3	sp|Q96NZ8|WFKN1_HUMAN	8.47e-08	38.9	30.12	83
B4ESA3	sp|Q96NZ8|WFKN1_HUMAN	4.02e-07	37.0	37.255	51
B4ESA3	sp|Q8IUA0|WFDC8_HUMAN	2.67e-07	37.4	35.294	51
B4ESA3	sp|Q9BQY6|WFDC6_HUMAN	4.74e-05	30.8	48.387	31
B4ESA4	sp|P12111|CO6A3_HUMAN	1.33e-16	63.9	44.231	52
B4ESA4	sp|P12111|CO6A3_HUMAN	1.3	18.5	41.176	17
B4ESA4	sp|P48307|TFPI2_HUMAN	3.18e-16	62.0	50.909	55
B4ESA4	sp|P48307|TFPI2_HUMAN	1.64e-09	43.5	39.623	53
B4ESA4	sp|P48307|TFPI2_HUMAN	0.05	22.7	27.66	47
B4ESA4	sp|P10646|TFPI1_HUMAN	1.73e-14	57.8	44.444	72
B4ESA4	sp|P10646|TFPI1_HUMAN	3.02e-14	57.0	42.424	66
B4ESA4	sp|P10646|TFPI1_HUMAN	2.24e-13	54.7	36.667	60
B4ESA4	sp|O43291|SPIT2_HUMAN	6.58e-13	53.1	43.103	58
B4ESA4	sp|O43291|SPIT2_HUMAN	1.92e-07	37.7	31.481	54
B4ESA4	sp|Q06481|APLP2_HUMAN	8.07e-12	50.4	41.176	51
B4ESA4	sp|O43278|SPIT1_HUMAN	1.3e-11	49.7	41.379	58
B4ESA4	sp|O43278|SPIT1_HUMAN	4.6e-11	48.1	34.921	63
B4ESA4	sp|O95925|EPPI_HUMAN	1.51e-11	48.1	40.0	55
B4ESA4	sp|P49223|SPIT3_HUMAN	1.81e-11	47.0	39.216	51
B4ESA4	sp|P05067|A4_HUMAN	3.17e-11	48.5	42.553	47
B4ESA4	sp|Q8TEU8|WFKN2_HUMAN	4.95e-11	48.1	43.137	51
B4ESA4	sp|Q8TEU8|WFKN2_HUMAN	8.43e-06	33.5	25.49	51
B4ESA4	sp|Q2UY09|COSA1_HUMAN	5.73e-11	48.1	37.5	48
B4ESA4	sp|Q2UY09|COSA1_HUMAN	3.9	17.3	38.889	18
B4ESA4	sp|Q02388|CO7A1_HUMAN	1.63e-10	46.6	40.741	54
B4ESA4	sp|Q02388|CO7A1_HUMAN	9.8	16.2	41.667	12
B4ESA4	sp|P02760|AMBP_HUMAN	2.08e-10	46.2	41.176	51
B4ESA4	sp|P02760|AMBP_HUMAN	7.43e-10	44.7	37.5	56
B4ESA4	sp|P02760|AMBP_HUMAN	2.0	18.1	36.0	25
B4ESA4	sp|Q96NZ8|WFKN1_HUMAN	2.27e-10	46.2	39.655	58
B4ESA4	sp|Q96NZ8|WFKN1_HUMAN	4.44e-06	34.3	28.814	59
B4ESA4	sp|O95428|PPN_HUMAN	4.79e-09	42.7	41.176	51
B4ESA4	sp|Q8IUA0|WFDC8_HUMAN	2.23e-08	40.4	35.294	51
B4ESA4	sp|Q6UDR6|SPIT4_HUMAN	1.47e-06	34.3	32.692	52
B4ESA4	sp|Q9BQY6|WFDC6_HUMAN	1.55e-05	32.0	43.75	32
B6ZIW0	sp|O43291|SPIT2_HUMAN	8.48e-31	102.0	35.57	149
B6ZIW0	sp|P10646|TFPI1_HUMAN	1.17e-30	103.0	36.913	149
B6ZIW0	sp|P10646|TFPI1_HUMAN	4.9e-30	102.0	41.085	129
B6ZIW0	sp|P48307|TFPI2_HUMAN	3.27e-23	82.8	38.136	118
B6ZIW0	sp|P48307|TFPI2_HUMAN	1.08e-17	68.2	32.54	126
B6ZIW0	sp|P48307|TFPI2_HUMAN	1.79e-10	48.5	42.857	49
B6ZIW0	sp|Q8TEU8|WFKN2_HUMAN	1.11e-21	80.9	37.736	106
B6ZIW0	sp|Q8TEU8|WFKN2_HUMAN	9.09e-16	63.9	48.148	54
B6ZIW0	sp|P02760|AMBP_HUMAN	1.85e-19	74.3	34.127	126
B6ZIW0	sp|P02760|AMBP_HUMAN	4.7e-14	58.9	51.852	54
B6ZIW0	sp|P02760|AMBP_HUMAN	7.86e-10	47.0	38.333	60
B6ZIW0	sp|Q06481|APLP2_HUMAN	5.64e-18	70.5	56.863	51
B6ZIW0	sp|Q06481|APLP2_HUMAN	5.21e-17	67.8	38.71	93
B6ZIW0	sp|Q06481|APLP2_HUMAN	5.3	18.1	25.926	27
B6ZIW0	sp|P49223|SPIT3_HUMAN	2.79e-17	63.9	49.254	67
B6ZIW0	sp|P49223|SPIT3_HUMAN	4.02e-14	55.8	47.059	51
B6ZIW0	sp|P05067|A4_HUMAN	5.63e-17	67.4	56.25	48
B6ZIW0	sp|P05067|A4_HUMAN	1.5e-15	63.5	50.0	46
B6ZIW0	sp|Q96NZ8|WFKN1_HUMAN	6.45e-17	67.4	34.615	104
B6ZIW0	sp|Q96NZ8|WFKN1_HUMAN	2.72e-14	59.7	48.148	54
B6ZIW0	sp|Q96NZ8|WFKN1_HUMAN	0.001	28.9	31.111	45
B6ZIW0	sp|P12111|CO6A3_HUMAN	1.54e-16	66.2	46.154	52
B6ZIW0	sp|P12111|CO6A3_HUMAN	3.81e-13	56.6	37.255	51
B6ZIW0	sp|O43278|SPIT1_HUMAN	2.3e-14	60.1	48.077	52
B6ZIW0	sp|O43278|SPIT1_HUMAN	3.41e-14	59.7	32.381	105
B6ZIW0	sp|O43278|SPIT1_HUMAN	3.13e-13	56.6	33.01	103
B6ZIW0	sp|O43278|SPIT1_HUMAN	1.9e-11	51.6	37.931	58
B6ZIW0	sp|O95428|PPN_HUMAN	2.49e-13	57.0	47.059	51
B6ZIW0	sp|O95428|PPN_HUMAN	5.52e-11	50.4	40.385	52
B6ZIW0	sp|O95925|EPPI_HUMAN	1.76e-12	52.4	36.364	55
B6ZIW0	sp|O95925|EPPI_HUMAN	4.02e-12	51.6	42.308	52
B6ZIW0	sp|Q02388|CO7A1_HUMAN	2.09e-11	51.6	38.983	59
B6ZIW0	sp|Q02388|CO7A1_HUMAN	1.09e-10	49.7	40.741	54
B6ZIW0	sp|Q02388|CO7A1_HUMAN	6.3	17.7	75.0	8
B6ZIW0	sp|Q2UY09|COSA1_HUMAN	9.46e-11	49.7	37.255	51
B6ZIW0	sp|Q2UY09|COSA1_HUMAN	9.8e-08	40.8	29.412	51
B6ZIW0	sp|Q2UY09|COSA1_HUMAN	1.4	19.6	39.13	23
B6ZIW0	sp|Q2UY09|COSA1_HUMAN	7.1	17.7	35.714	28
B6ZIW0	sp|Q6UDR6|SPIT4_HUMAN	1.03e-10	47.0	41.071	56
B6ZIW0	sp|Q6UDR6|SPIT4_HUMAN	3.41e-08	40.4	37.255	51
B6ZIW0	sp|Q8IUA0|WFDC8_HUMAN	3.66e-08	42.0	32.877	73
B6ZIW0	sp|Q8IUA0|WFDC8_HUMAN	4.32e-08	41.6	41.176	51
B6ZIW0	sp|Q9BQY6|WFDC6_HUMAN	7.98e-06	34.3	51.852	27
B6ZIW0	sp|Q9BQY6|WFDC6_HUMAN	3.19e-05	32.7	53.846	26
C0HK72	sp|Q06481|APLP2_HUMAN	1.93e-20	73.6	48.214	56
C0HK72	sp|P05067|A4_HUMAN	1.67e-19	70.9	59.091	44
C0HK72	sp|Q8TEU8|WFKN2_HUMAN	6.48e-17	63.5	54.902	51
C0HK72	sp|Q8TEU8|WFKN2_HUMAN	2.79e-08	38.9	35.294	51
C0HK72	sp|P48307|TFPI2_HUMAN	1.79e-16	61.2	53.846	52
C0HK72	sp|P48307|TFPI2_HUMAN	1.35e-10	45.4	40.816	49
C0HK72	sp|P48307|TFPI2_HUMAN	0.000429	27.3	26.923	52
C0HK72	sp|P49223|SPIT3_HUMAN	3.07e-15	55.5	42.593	54
C0HK72	sp|P12111|CO6A3_HUMAN	8.37e-15	57.4	46.154	52
C0HK72	sp|P12111|CO6A3_HUMAN	1.8	17.3	50.0	12
C0HK72	sp|O95925|EPPI_HUMAN	8.63e-15	55.5	40.0	55
C0HK72	sp|P10646|TFPI1_HUMAN	1.33e-14	56.6	51.923	52
C0HK72	sp|P10646|TFPI1_HUMAN	4.43e-14	55.5	52.273	44
C0HK72	sp|P10646|TFPI1_HUMAN	1.08e-13	54.3	45.283	53
C0HK72	sp|O43291|SPIT2_HUMAN	1.58e-13	53.5	47.059	51
C0HK72	sp|O43291|SPIT2_HUMAN	3.65e-13	52.8	45.098	51
C0HK72	sp|Q96NZ8|WFKN1_HUMAN	4.61e-13	52.4	45.098	51
C0HK72	sp|Q96NZ8|WFKN1_HUMAN	1.19e-06	34.7	36.364	44
C0HK72	sp|P02760|AMBP_HUMAN	1.51e-12	51.2	49.02	51
C0HK72	sp|P02760|AMBP_HUMAN	4.38e-11	47.0	44.681	47
C0HK72	sp|O43278|SPIT1_HUMAN	4.74e-12	49.7	44.068	59
C0HK72	sp|O43278|SPIT1_HUMAN	4.14e-11	47.0	44.444	54
C0HK72	sp|Q02388|CO7A1_HUMAN	2.48e-11	47.8	46.296	54
C0HK72	sp|Q8IUA0|WFDC8_HUMAN	3.08e-11	47.4	43.137	51
C0HK72	sp|O95428|PPN_HUMAN	6.32e-11	46.6	39.623	53
C0HK72	sp|Q2UY09|COSA1_HUMAN	2.01e-10	45.1	37.255	51
C0HK72	sp|Q6UDR6|SPIT4_HUMAN	8.6e-07	33.9	37.143	35
C0HK72	sp|Q9BQY6|WFDC6_HUMAN	2.22e-06	33.5	46.875	32
C0HK73	sp|Q06481|APLP2_HUMAN	9.21e-20	71.6	49.091	55
C0HK73	sp|P05067|A4_HUMAN	7.52e-18	66.2	59.091	44
C0HK73	sp|P48307|TFPI2_HUMAN	1.27e-16	61.6	51.852	54
C0HK73	sp|P48307|TFPI2_HUMAN	1.02e-10	45.8	42.857	49
C0HK73	sp|P48307|TFPI2_HUMAN	0.001	26.2	26.923	52
C0HK73	sp|Q8TEU8|WFKN2_HUMAN	1.28e-16	62.8	52.941	51
C0HK73	sp|Q8TEU8|WFKN2_HUMAN	5.62e-09	41.2	37.255	51
C0HK73	sp|P49223|SPIT3_HUMAN	2.03e-15	55.8	44.444	54
C0HK73	sp|P02760|AMBP_HUMAN	8.87e-15	57.4	52.941	51
C0HK73	sp|P02760|AMBP_HUMAN	5.27e-11	46.6	43.478	46
C0HK73	sp|O95925|EPPI_HUMAN	1.68e-14	54.7	38.889	54
C0HK73	sp|P10646|TFPI1_HUMAN	2.23e-14	56.2	47.17	53
C0HK73	sp|P10646|TFPI1_HUMAN	3.45e-13	52.8	42.593	54
C0HK73	sp|P10646|TFPI1_HUMAN	1.61e-12	50.8	46.296	54
C0HK73	sp|O43291|SPIT2_HUMAN	3.63e-14	55.5	45.098	51
C0HK73	sp|O43291|SPIT2_HUMAN	4.23e-14	55.1	47.059	51
C0HK73	sp|P12111|CO6A3_HUMAN	2.05e-13	53.5	42.308	52
C0HK73	sp|P12111|CO6A3_HUMAN	2.1	17.3	50.0	12
C0HK73	sp|O95428|PPN_HUMAN	2.34e-12	50.4	41.509	53
C0HK73	sp|Q96NZ8|WFKN1_HUMAN	3.64e-12	50.1	40.741	54
C0HK73	sp|Q96NZ8|WFKN1_HUMAN	2.68e-06	33.5	34.091	44
C0HK73	sp|O43278|SPIT1_HUMAN	2.88e-11	47.4	42.308	52
C0HK73	sp|O43278|SPIT1_HUMAN	3.88e-10	44.3	40.385	52
C0HK73	sp|Q8IUA0|WFDC8_HUMAN	7.67e-11	46.2	43.137	51
C0HK73	sp|Q2UY09|COSA1_HUMAN	1.62e-10	45.4	35.294	51
C0HK73	sp|Q02388|CO7A1_HUMAN	3.5e-09	41.6	42.593	54
C0HK73	sp|Q9BQY6|WFDC6_HUMAN	1.23e-06	33.9	43.75	32
C0HK73	sp|Q6UDR6|SPIT4_HUMAN	1.15e-05	31.2	34.286	35
C0HK74	sp|Q06481|APLP2_HUMAN	4.31e-21	75.5	52.727	55
C0HK74	sp|Q8TEU8|WFKN2_HUMAN	6.34e-19	69.3	54.717	53
C0HK74	sp|Q8TEU8|WFKN2_HUMAN	4.95e-09	41.2	35.849	53
C0HK74	sp|P05067|A4_HUMAN	2.47e-18	67.4	59.091	44
C0HK74	sp|O95925|EPPI_HUMAN	2.02e-16	59.7	42.593	54
C0HK74	sp|P48307|TFPI2_HUMAN	3.51e-16	60.5	51.852	54
C0HK74	sp|P48307|TFPI2_HUMAN	8.65e-10	43.1	42.857	49
C0HK74	sp|P48307|TFPI2_HUMAN	0.006	24.3	26.923	52
C0HK74	sp|O43291|SPIT2_HUMAN	5e-16	60.5	50.98	51
C0HK74	sp|O43291|SPIT2_HUMAN	2.7e-14	55.8	47.059	51
C0HK74	sp|Q96NZ8|WFKN1_HUMAN	3.36e-15	58.5	46.296	54
C0HK74	sp|Q96NZ8|WFKN1_HUMAN	6.6e-07	35.0	34.091	44
C0HK74	sp|P49223|SPIT3_HUMAN	4.4e-15	55.1	44.444	54
C0HK74	sp|P10646|TFPI1_HUMAN	1.9e-14	56.2	49.057	53
C0HK74	sp|P10646|TFPI1_HUMAN	3.1e-13	53.1	43.396	53
C0HK74	sp|P10646|TFPI1_HUMAN	6.5e-13	52.0	47.273	55
C0HK74	sp|P02760|AMBP_HUMAN	3.37e-13	52.8	47.17	53
C0HK74	sp|P02760|AMBP_HUMAN	1.03e-10	45.8	43.478	46
C0HK74	sp|P12111|CO6A3_HUMAN	6.99e-13	52.0	40.385	52
C0HK74	sp|P12111|CO6A3_HUMAN	1.8	17.3	45.455	11
C0HK74	sp|P12111|CO6A3_HUMAN	2.1	17.3	50.0	12
C0HK74	sp|P12111|CO6A3_HUMAN	5.8	15.8	50.0	8
C0HK74	sp|O95428|PPN_HUMAN	1.75e-12	50.8	41.509	53
C0HK74	sp|Q02388|CO7A1_HUMAN	3.73e-12	50.1	48.148	54
C0HK74	sp|Q02388|CO7A1_HUMAN	7.9	15.8	50.0	8
C0HK74	sp|Q8IUA0|WFDC8_HUMAN	4.55e-12	49.7	47.059	51
C0HK74	sp|O43278|SPIT1_HUMAN	5.02e-12	49.7	44.231	52
C0HK74	sp|O43278|SPIT1_HUMAN	1.19e-10	45.8	40.385	52
C0HK74	sp|Q2UY09|COSA1_HUMAN	3.9e-11	47.0	37.255	51
C0HK74	sp|Q9BQY6|WFDC6_HUMAN	3.31e-07	35.4	46.875	32
C0HK74	sp|Q6UDR6|SPIT4_HUMAN	1.33e-06	33.5	34.286	35
C0HLA5	sp|P10646|TFPI1_HUMAN	8.83e-17	62.8	45.455	55
C0HLA5	sp|P10646|TFPI1_HUMAN	5.11e-15	58.2	42.593	54
C0HLA5	sp|P10646|TFPI1_HUMAN	1.71e-11	48.1	42.593	54
C0HLA5	sp|P12111|CO6A3_HUMAN	5.63e-15	58.2	43.137	51
C0HLA5	sp|Q02388|CO7A1_HUMAN	1.5e-14	57.0	46.296	54
C0HLA5	sp|O95925|EPPI_HUMAN	2.87e-14	53.9	40.0	55
C0HLA5	sp|P48307|TFPI2_HUMAN	6.72e-14	54.7	45.283	53
C0HLA5	sp|P48307|TFPI2_HUMAN	7.6e-10	43.5	40.0	50
C0HLA5	sp|P48307|TFPI2_HUMAN	0.005	24.3	29.31	58
C0HLA5	sp|Q8TEU8|WFKN2_HUMAN	1.08e-13	54.3	41.509	53
C0HLA5	sp|Q8TEU8|WFKN2_HUMAN	1.14e-06	34.7	30.769	52
C0HLA5	sp|P02760|AMBP_HUMAN	1.38e-13	53.9	45.098	51
C0HLA5	sp|P02760|AMBP_HUMAN	1.15e-12	51.6	45.098	51
C0HLA5	sp|Q2UY09|COSA1_HUMAN	2.01e-13	53.5	38.462	52
C0HLA5	sp|P49223|SPIT3_HUMAN	2.3e-13	50.8	37.037	54
C0HLA5	sp|Q96NZ8|WFKN1_HUMAN	1.14e-12	51.6	45.098	51
C0HLA5	sp|Q96NZ8|WFKN1_HUMAN	2.7e-05	30.8	31.818	44
C0HLA5	sp|P05067|A4_HUMAN	4.51e-12	49.7	45.455	44
C0HLA5	sp|O95428|PPN_HUMAN	6.65e-12	49.3	39.286	56
C0HLA5	sp|O95428|PPN_HUMAN	7.5	15.8	46.154	13
C0HLA5	sp|O43291|SPIT2_HUMAN	4.56e-11	47.0	37.736	53
C0HLA5	sp|O43291|SPIT2_HUMAN	1.45e-09	42.7	35.849	53
C0HLA5	sp|Q06481|APLP2_HUMAN	6.13e-11	46.6	33.962	53
C0HLA5	sp|O43278|SPIT1_HUMAN	2.68e-10	44.7	41.818	55
C0HLA5	sp|O43278|SPIT1_HUMAN	3.12e-08	38.9	38.462	52
C0HLA5	sp|Q8IUA0|WFDC8_HUMAN	1.19e-09	42.7	40.385	52
C0HLA5	sp|Q6UDR6|SPIT4_HUMAN	2.65e-07	35.4	30.189	53
C0HLA5	sp|Q9BQY6|WFDC6_HUMAN	1.31e-05	31.2	48.387	31
C0HLA6	sp|P10646|TFPI1_HUMAN	6.14e-16	60.5	43.636	55
C0HLA6	sp|P10646|TFPI1_HUMAN	2.65e-14	55.8	40.741	54
C0HLA6	sp|P10646|TFPI1_HUMAN	2.49e-11	47.8	42.593	54
C0HLA6	sp|P02760|AMBP_HUMAN	2.52e-14	56.2	47.059	51
C0HLA6	sp|P02760|AMBP_HUMAN	1.44e-12	51.2	45.098	51
C0HLA6	sp|P12111|CO6A3_HUMAN	2.57e-14	56.2	41.176	51
C0HLA6	sp|P12111|CO6A3_HUMAN	8.1	15.8	43.75	16
C0HLA6	sp|O95925|EPPI_HUMAN	3.52e-14	53.9	40.0	55
C0HLA6	sp|Q02388|CO7A1_HUMAN	5.14e-14	55.5	44.444	54
C0HLA6	sp|P48307|TFPI2_HUMAN	2.09e-13	53.1	43.396	53
C0HLA6	sp|P48307|TFPI2_HUMAN	4.7e-10	43.9	40.0	50
C0HLA6	sp|P48307|TFPI2_HUMAN	0.01	23.5	29.31	58
C0HLA6	sp|Q8TEU8|WFKN2_HUMAN	4.07e-13	52.8	39.623	53
C0HLA6	sp|Q8TEU8|WFKN2_HUMAN	1.36e-06	34.3	30.769	52
C0HLA6	sp|Q2UY09|COSA1_HUMAN	5.85e-13	52.4	38.462	52
C0HLA6	sp|Q96NZ8|WFKN1_HUMAN	1.06e-12	51.6	45.098	51
C0HLA6	sp|Q96NZ8|WFKN1_HUMAN	7.02e-06	32.3	31.818	44
C0HLA6	sp|P49223|SPIT3_HUMAN	1.37e-12	48.9	35.185	54
C0HLA6	sp|P05067|A4_HUMAN	1.98e-12	50.8	45.455	44
C0HLA6	sp|Q06481|APLP2_HUMAN	8.05e-12	49.3	35.849	53
C0HLA6	sp|O95428|PPN_HUMAN	1.62e-11	48.1	39.286	56
C0HLA6	sp|O43291|SPIT2_HUMAN	3.52e-11	47.0	36.538	52
C0HLA6	sp|O43291|SPIT2_HUMAN	9.3e-10	43.1	35.849	53
C0HLA6	sp|O43278|SPIT1_HUMAN	1.77e-10	45.4	41.818	55
C0HLA6	sp|O43278|SPIT1_HUMAN	5.36e-08	38.1	38.462	52
C0HLA6	sp|Q8IUA0|WFDC8_HUMAN	9.68e-10	43.1	40.385	52
C0HLA6	sp|Q6UDR6|SPIT4_HUMAN	4.47e-07	34.7	30.189	53
C0HLA6	sp|Q9BQY6|WFDC6_HUMAN	8.13e-05	29.3	45.161	31
C0HLA7	sp|P10646|TFPI1_HUMAN	1.66e-16	62.0	45.455	55
C0HLA7	sp|P10646|TFPI1_HUMAN	6.83e-15	57.8	42.593	54
C0HLA7	sp|P10646|TFPI1_HUMAN	5.97e-11	46.6	42.593	54
C0HLA7	sp|O95925|EPPI_HUMAN	6.44e-15	55.8	40.0	55
C0HLA7	sp|Q8TEU8|WFKN2_HUMAN	1.58e-14	56.6	43.396	53
C0HLA7	sp|Q8TEU8|WFKN2_HUMAN	1.38e-06	34.3	30.189	53
C0HLA7	sp|P12111|CO6A3_HUMAN	1.93e-14	56.6	43.137	51
C0HLA7	sp|P12111|CO6A3_HUMAN	2.5	16.9	44.444	18
C0HLA7	sp|P02760|AMBP_HUMAN	3.26e-14	55.8	47.059	51
C0HLA7	sp|P02760|AMBP_HUMAN	2.35e-13	53.5	47.059	51
C0HLA7	sp|Q2UY09|COSA1_HUMAN	9.66e-14	54.7	40.385	52
C0HLA7	sp|Q02388|CO7A1_HUMAN	2.13e-13	53.5	44.444	54
C0HLA7	sp|Q96NZ8|WFKN1_HUMAN	2.24e-13	53.5	47.059	51
C0HLA7	sp|Q96NZ8|WFKN1_HUMAN	3.22e-05	30.4	31.818	44
C0HLA7	sp|P48307|TFPI2_HUMAN	2.46e-13	53.1	43.396	53
C0HLA7	sp|P48307|TFPI2_HUMAN	2.85e-10	44.7	42.0	50
C0HLA7	sp|P48307|TFPI2_HUMAN	0.006	24.3	29.825	57
C0HLA7	sp|P49223|SPIT3_HUMAN	3.59e-13	50.1	37.037	54
C0HLA7	sp|O43291|SPIT2_HUMAN	7.39e-12	48.9	39.623	53
C0HLA7	sp|O43291|SPIT2_HUMAN	2.14e-09	42.4	35.185	54
C0HLA7	sp|P05067|A4_HUMAN	1.09e-11	48.9	45.455	44
C0HLA7	sp|O95428|PPN_HUMAN	2.07e-11	48.1	37.5	56
C0HLA7	sp|Q06481|APLP2_HUMAN	9.25e-11	46.2	33.962	53
C0HLA7	sp|O43278|SPIT1_HUMAN	4.29e-10	44.3	41.818	55
C0HLA7	sp|O43278|SPIT1_HUMAN	4.15e-08	38.5	38.462	52
C0HLA7	sp|Q8IUA0|WFDC8_HUMAN	1.41e-08	40.0	36.538	52
C0HLA7	sp|Q6UDR6|SPIT4_HUMAN	1.67e-07	35.8	30.189	53
C0HLA7	sp|Q9BQY6|WFDC6_HUMAN	5.34e-06	32.3	48.387	31
C0HLA8	sp|P10646|TFPI1_HUMAN	9.25e-16	60.1	43.636	55
C0HLA8	sp|P10646|TFPI1_HUMAN	4.22e-14	55.5	40.741	54
C0HLA8	sp|P10646|TFPI1_HUMAN	1.52e-11	48.1	44.444	54
C0HLA8	sp|Q2UY09|COSA1_HUMAN	1.5e-14	57.0	42.308	52
C0HLA8	sp|O95925|EPPI_HUMAN	5.02e-14	53.5	38.182	55
C0HLA8	sp|Q8TEU8|WFKN2_HUMAN	9.86e-14	54.7	41.509	53
C0HLA8	sp|Q8TEU8|WFKN2_HUMAN	1.19e-05	31.6	28.846	52
C0HLA8	sp|P12111|CO6A3_HUMAN	1.42e-13	53.9	41.176	51
C0HLA8	sp|P12111|CO6A3_HUMAN	1.5	17.7	44.444	18
C0HLA8	sp|P02760|AMBP_HUMAN	1.63e-13	53.9	45.098	51
C0HLA8	sp|P02760|AMBP_HUMAN	1.11e-12	51.6	45.098	51
C0HLA8	sp|Q02388|CO7A1_HUMAN	5.39e-13	52.4	42.593	54
C0HLA8	sp|Q96NZ8|WFKN1_HUMAN	1.36e-12	51.2	45.098	51
C0HLA8	sp|Q96NZ8|WFKN1_HUMAN	2.13e-05	31.2	31.818	44
C0HLA8	sp|P48307|TFPI2_HUMAN	1.66e-12	50.8	41.509	53
C0HLA8	sp|P48307|TFPI2_HUMAN	1.22e-10	45.4	42.0	50
C0HLA8	sp|P48307|TFPI2_HUMAN	0.046	21.6	28.07	57
C0HLA8	sp|P49223|SPIT3_HUMAN	2.41e-12	48.1	35.185	54
C0HLA8	sp|O43291|SPIT2_HUMAN	5.86e-11	46.6	37.736	53
C0HLA8	sp|O43291|SPIT2_HUMAN	1.58e-08	39.7	33.333	54
C0HLA8	sp|P05067|A4_HUMAN	8.06e-11	46.2	43.182	44
C0HLA8	sp|O95428|PPN_HUMAN	1.27e-10	45.8	35.714	56
C0HLA8	sp|Q06481|APLP2_HUMAN	6.85e-10	43.5	32.075	53
C0HLA8	sp|O43278|SPIT1_HUMAN	2.54e-09	42.0	40.0	55
C0HLA8	sp|O43278|SPIT1_HUMAN	2.7e-07	36.2	36.538	52
C0HLA8	sp|Q8IUA0|WFDC8_HUMAN	9.61e-09	40.4	36.538	52
C0HLA8	sp|Q6UDR6|SPIT4_HUMAN	4.82e-08	37.4	32.075	53
C0HLA8	sp|Q9BQY6|WFDC6_HUMAN	3.3e-05	30.0	45.161	31
C0HLA9	sp|P10646|TFPI1_HUMAN	1.12e-15	59.7	43.636	55
C0HLA9	sp|P10646|TFPI1_HUMAN	4.95e-14	55.1	40.741	54
C0HLA9	sp|P10646|TFPI1_HUMAN	4.45e-10	44.3	40.741	54
C0HLA9	sp|O95925|EPPI_HUMAN	5.08e-14	53.5	38.182	55
C0HLA9	sp|Q8TEU8|WFKN2_HUMAN	2.24e-13	53.5	41.509	53
C0HLA9	sp|Q8TEU8|WFKN2_HUMAN	1.46e-05	31.6	28.302	53
C0HLA9	sp|Q2UY09|COSA1_HUMAN	3.13e-13	53.1	40.385	52
C0HLA9	sp|P12111|CO6A3_HUMAN	3.18e-13	53.1	41.176	51
C0HLA9	sp|P12111|CO6A3_HUMAN	0.19	20.0	50.0	18
C0HLA9	sp|P02760|AMBP_HUMAN	4.23e-13	52.8	45.098	51
C0HLA9	sp|P02760|AMBP_HUMAN	1.98e-12	50.8	41.818	55
C0HLA9	sp|P48307|TFPI2_HUMAN	2.44e-12	50.4	41.509	53
C0HLA9	sp|P48307|TFPI2_HUMAN	2.44e-09	42.0	40.0	50
C0HLA9	sp|P48307|TFPI2_HUMAN	0.031	22.3	28.07	57
C0HLA9	sp|P49223|SPIT3_HUMAN	3.94e-12	47.4	35.185	54
C0HLA9	sp|Q96NZ8|WFKN1_HUMAN	4.03e-12	50.1	45.098	51
C0HLA9	sp|Q96NZ8|WFKN1_HUMAN	3.85e-05	30.4	31.818	44
C0HLA9	sp|Q02388|CO7A1_HUMAN	7.82e-12	49.3	42.593	54
C0HLA9	sp|O43291|SPIT2_HUMAN	5.91e-11	46.6	37.736	53
C0HLA9	sp|O43291|SPIT2_HUMAN	1.69e-08	39.7	33.333	54
C0HLA9	sp|P05067|A4_HUMAN	1.5e-10	45.4	43.182	44
C0HLA9	sp|O95428|PPN_HUMAN	2.17e-10	45.1	35.714	56
C0HLA9	sp|Q06481|APLP2_HUMAN	1.27e-09	42.7	32.075	53
C0HLA9	sp|O43278|SPIT1_HUMAN	3.95e-09	41.6	40.0	55
C0HLA9	sp|O43278|SPIT1_HUMAN	4.33e-07	35.8	36.538	52
C0HLA9	sp|Q8IUA0|WFDC8_HUMAN	1.07e-07	37.4	34.615	52
C0HLA9	sp|Q6UDR6|SPIT4_HUMAN	1.09e-06	33.9	28.302	53
C0HLA9	sp|Q9BQY6|WFDC6_HUMAN	6.36e-05	29.3	45.161	31
C0HLB0	sp|Q02388|CO7A1_HUMAN	1.5e-13	53.9	40.741	54
C0HLB0	sp|Q02388|CO7A1_HUMAN	1.0	18.1	26.471	34
C0HLB0	sp|Q2UY09|COSA1_HUMAN	3.79e-11	47.0	36.538	52
C0HLB0	sp|P12111|CO6A3_HUMAN	5.76e-11	46.6	37.255	51
C0HLB0	sp|P05067|A4_HUMAN	8.03e-11	46.2	43.182	44
C0HLB0	sp|P02760|AMBP_HUMAN	9.14e-11	46.2	40.385	52
C0HLB0	sp|P02760|AMBP_HUMAN	3.63e-09	41.6	41.071	56
C0HLB0	sp|P10646|TFPI1_HUMAN	1.45e-10	45.4	54.286	35
C0HLB0	sp|P10646|TFPI1_HUMAN	2.53e-08	39.3	34.615	52
C0HLB0	sp|P10646|TFPI1_HUMAN	9.28e-08	37.7	34.545	55
C0HLB0	sp|Q96NZ8|WFKN1_HUMAN	2.42e-10	45.1	40.741	54
C0HLB0	sp|Q96NZ8|WFKN1_HUMAN	0.002	25.8	31.429	35
C0HLB0	sp|O95925|EPPI_HUMAN	2.92e-10	43.5	42.308	52
C0HLB0	sp|O95428|PPN_HUMAN	2.35e-09	42.0	40.741	54
C0HLB0	sp|P49223|SPIT3_HUMAN	3.3e-09	40.0	33.333	54
C0HLB0	sp|Q06481|APLP2_HUMAN	1.02e-08	40.4	33.333	51
C0HLB0	sp|Q8TEU8|WFKN2_HUMAN	1.09e-08	40.0	36.538	52
C0HLB0	sp|Q8TEU8|WFKN2_HUMAN	0.000181	28.5	30.556	36
C0HLB0	sp|Q8TEU8|WFKN2_HUMAN	5.9	15.8	33.333	30
C0HLB0	sp|P48307|TFPI2_HUMAN	4.63e-07	35.4	39.216	51
C0HLB0	sp|P48307|TFPI2_HUMAN	4.84e-05	30.0	38.71	31
C0HLB0	sp|O43278|SPIT1_HUMAN	2.18e-06	33.9	40.0	35
C0HLB0	sp|O43278|SPIT1_HUMAN	0.000115	28.9	34.211	38
C0HLB0	sp|Q8IUA0|WFDC8_HUMAN	3.81e-06	33.1	37.736	53
C0HLB0	sp|O43291|SPIT2_HUMAN	5.04e-06	32.7	33.333	51
C0HLB0	sp|O43291|SPIT2_HUMAN	1.41e-05	31.6	34.286	35
C0HLB0	sp|Q6UDR6|SPIT4_HUMAN	8.02e-06	31.6	30.769	52
C0HLB0	sp|Q9BQY6|WFDC6_HUMAN	0.003	25.0	41.935	31
C0HMC7	sp|P10646|TFPI1_HUMAN	2.51e-31	105.0	39.31	145
C0HMC7	sp|P10646|TFPI1_HUMAN	4.01e-30	102.0	42.636	129
C0HMC7	sp|O43291|SPIT2_HUMAN	4.44e-27	93.2	35.374	147
C0HMC7	sp|O43291|SPIT2_HUMAN	7.92e-15	60.5	46.154	65
C0HMC7	sp|P48307|TFPI2_HUMAN	5.26e-23	82.4	31.765	170
C0HMC7	sp|P48307|TFPI2_HUMAN	1.07e-10	48.9	42.857	49
C0HMC7	sp|Q8TEU8|WFKN2_HUMAN	1.04e-20	78.2	37.736	106
C0HMC7	sp|Q8TEU8|WFKN2_HUMAN	8.33e-16	64.3	47.273	55
C0HMC7	sp|P02760|AMBP_HUMAN	6.73e-19	72.8	36.134	119
C0HMC7	sp|P02760|AMBP_HUMAN	1.04e-13	58.2	51.852	54
C0HMC7	sp|P02760|AMBP_HUMAN	1.23e-10	49.3	40.0	55
C0HMC7	sp|P49223|SPIT3_HUMAN	4.44e-17	63.2	49.254	67
C0HMC7	sp|P49223|SPIT3_HUMAN	1.89e-13	53.9	45.098	51
C0HMC7	sp|Q06481|APLP2_HUMAN	4.96e-17	67.8	54.902	51
C0HMC7	sp|Q06481|APLP2_HUMAN	5.45e-16	64.7	36.559	93
C0HMC7	sp|Q06481|APLP2_HUMAN	2.3	19.2	29.63	27
C0HMC7	sp|P12111|CO6A3_HUMAN	1.28e-16	66.6	49.02	51
C0HMC7	sp|P12111|CO6A3_HUMAN	4.53e-12	53.5	39.216	51
C0HMC7	sp|P05067|A4_HUMAN	2.26e-16	65.9	57.447	47
C0HMC7	sp|P05067|A4_HUMAN	1.8e-14	60.5	50.0	46
C0HMC7	sp|Q96NZ8|WFKN1_HUMAN	3.53e-16	65.1	34.615	104
C0HMC7	sp|Q96NZ8|WFKN1_HUMAN	4.49e-14	59.3	48.148	54
C0HMC7	sp|O95428|PPN_HUMAN	6.86e-13	55.8	47.059	51
C0HMC7	sp|O95428|PPN_HUMAN	9.1e-11	49.7	44.444	45
C0HMC7	sp|O95925|EPPI_HUMAN	1.72e-12	52.4	35.714	84
C0HMC7	sp|O95925|EPPI_HUMAN	3.03e-12	52.0	36.364	55
C0HMC7	sp|Q6UDR6|SPIT4_HUMAN	1.78e-12	51.6	42.857	56
C0HMC7	sp|Q6UDR6|SPIT4_HUMAN	5e-08	40.0	35.714	56
C0HMC7	sp|O43278|SPIT1_HUMAN	1.88e-12	54.7	46.154	52
C0HMC7	sp|O43278|SPIT1_HUMAN	5.22e-12	53.1	35.556	90
C0HMC7	sp|O43278|SPIT1_HUMAN	8.05e-12	52.8	42.308	52
C0HMC7	sp|O43278|SPIT1_HUMAN	1.04e-11	52.4	37.313	67
C0HMC7	sp|Q02388|CO7A1_HUMAN	8.57e-11	50.1	38.983	59
C0HMC7	sp|Q02388|CO7A1_HUMAN	1.48e-10	49.3	40.741	54
C0HMC7	sp|Q2UY09|COSA1_HUMAN	1.73e-10	48.9	33.962	53
C0HMC7	sp|Q2UY09|COSA1_HUMAN	5.64e-08	41.6	31.373	51
C0HMC7	sp|Q8IUA0|WFDC8_HUMAN	2.3e-08	42.4	41.176	51
C0HMC7	sp|Q8IUA0|WFDC8_HUMAN	2.99e-07	39.3	34.545	55
C0HMC7	sp|Q9BQY6|WFDC6_HUMAN	1.2e-05	33.9	53.571	28
C0HMC7	sp|Q9BQY6|WFDC6_HUMAN	0.000109	31.2	44.444	27
C0LNR2	sp|O95428|PPN_HUMAN	9.51e-11	47.0	38.71	62
C0LNR2	sp|O95428|PPN_HUMAN	0.82	19.2	63.636	11
C0LNR2	sp|O95428|PPN_HUMAN	5.0	16.9	45.455	11
C0LNR2	sp|O95428|PPN_HUMAN	8.1	16.2	62.5	8
C0LNR2	sp|P05067|A4_HUMAN	1.16e-10	47.0	46.667	45
C0LNR2	sp|O43291|SPIT2_HUMAN	6.14e-10	44.7	34.545	55
C0LNR2	sp|O43291|SPIT2_HUMAN	7.32e-07	35.8	31.373	51
C0LNR2	sp|P10646|TFPI1_HUMAN	9.38e-10	44.3	39.216	51
C0LNR2	sp|P10646|TFPI1_HUMAN	2.64e-08	40.0	33.333	54
C0LNR2	sp|P10646|TFPI1_HUMAN	2.18e-07	37.4	32.692	52
C0LNR2	sp|Q06481|APLP2_HUMAN	1.62e-09	43.5	38.462	52
C0LNR2	sp|O43278|SPIT1_HUMAN	2.01e-09	43.1	37.255	51
C0LNR2	sp|O43278|SPIT1_HUMAN	1.93e-07	37.7	33.333	51
C0LNR2	sp|Q8TEU8|WFKN2_HUMAN	5.18e-09	42.0	35.294	51
C0LNR2	sp|Q8TEU8|WFKN2_HUMAN	0.034	23.1	25.49	51
C0LNR2	sp|P48307|TFPI2_HUMAN	1.81e-08	40.4	36.538	52
C0LNR2	sp|P48307|TFPI2_HUMAN	1.4e-05	32.3	35.0	40
C0LNR2	sp|P48307|TFPI2_HUMAN	0.38	20.0	31.034	29
C0LNR2	sp|Q96NZ8|WFKN1_HUMAN	2.14e-08	40.4	35.294	51
C0LNR2	sp|Q96NZ8|WFKN1_HUMAN	0.004	25.8	30.556	36
C0LNR2	sp|P49223|SPIT3_HUMAN	5.87e-08	37.7	40.909	44
C0LNR2	sp|P02760|AMBP_HUMAN	1.02e-07	38.5	40.0	45
C0LNR2	sp|P02760|AMBP_HUMAN	3.97e-06	33.9	32.258	62
C0LNR2	sp|P12111|CO6A3_HUMAN	1.22e-07	38.5	32.075	53
C0LNR2	sp|P12111|CO6A3_HUMAN	9.1	16.2	40.0	15
C0LNR2	sp|Q2UY09|COSA1_HUMAN	2.02e-06	35.0	30.159	63
C0LNR2	sp|Q9BQY6|WFDC6_HUMAN	2.91e-06	33.9	53.846	26
C0LNR2	sp|Q02388|CO7A1_HUMAN	3.45e-06	34.3	42.308	26
C0LNR2	sp|O95925|EPPI_HUMAN	7.23e-06	32.7	50.0	26
C0LNR2	sp|Q6UDR6|SPIT4_HUMAN	1.16e-05	32.0	29.412	51
C0LNR2	sp|Q8IUA0|WFDC8_HUMAN	0.000163	29.3	32.143	56
C1IBY4	sp|Q06481|APLP2_HUMAN	6.18e-18	67.4	51.923	52
C1IBY4	sp|O43291|SPIT2_HUMAN	1.19e-17	65.9	54.167	48
C1IBY4	sp|O43291|SPIT2_HUMAN	1.31e-12	52.0	41.176	51
C1IBY4	sp|Q8TEU8|WFKN2_HUMAN	2.97e-15	59.7	47.059	51
C1IBY4	sp|Q8TEU8|WFKN2_HUMAN	3.25e-06	34.3	29.412	51
C1IBY4	sp|P05067|A4_HUMAN	4.07e-15	59.3	51.111	45
C1IBY4	sp|P12111|CO6A3_HUMAN	1.52e-14	57.8	40.0	60
C1IBY4	sp|P12111|CO6A3_HUMAN	0.98	18.9	71.429	7
C1IBY4	sp|P12111|CO6A3_HUMAN	2.6	17.7	41.667	12
C1IBY4	sp|P12111|CO6A3_HUMAN	2.8	17.7	71.429	7
C1IBY4	sp|O43278|SPIT1_HUMAN	1.53e-14	57.8	39.062	64
C1IBY4	sp|O43278|SPIT1_HUMAN	9.79e-12	49.7	40.678	59
C1IBY4	sp|O95428|PPN_HUMAN	1.73e-13	54.7	47.059	51
C1IBY4	sp|P49223|SPIT3_HUMAN	2.82e-13	51.2	46.154	52
C1IBY4	sp|P10646|TFPI1_HUMAN	5.24e-13	53.1	53.333	45
C1IBY4	sp|P10646|TFPI1_HUMAN	8.42e-13	52.8	42.254	71
C1IBY4	sp|P10646|TFPI1_HUMAN	6.31e-12	50.4	38.095	63
C1IBY4	sp|P02760|AMBP_HUMAN	8.43e-13	52.8	38.71	62
C1IBY4	sp|P02760|AMBP_HUMAN	7.87e-10	44.3	38.462	52
C1IBY4	sp|O95925|EPPI_HUMAN	8.63e-13	50.8	37.097	62
C1IBY4	sp|Q02388|CO7A1_HUMAN	1.58e-12	52.0	42.373	59
C1IBY4	sp|P48307|TFPI2_HUMAN	2.81e-12	50.8	48.936	47
C1IBY4	sp|P48307|TFPI2_HUMAN	4.2e-11	47.8	40.385	52
C1IBY4	sp|P48307|TFPI2_HUMAN	5.22e-05	30.8	41.304	46
C1IBY4	sp|Q96NZ8|WFKN1_HUMAN	9.14e-11	47.0	38.333	60
C1IBY4	sp|Q96NZ8|WFKN1_HUMAN	0.00023	28.9	33.333	36
C1IBY4	sp|Q2UY09|COSA1_HUMAN	1.99e-10	46.2	32.143	56
C1IBY4	sp|Q2UY09|COSA1_HUMAN	0.8	19.2	29.63	27
C1IBY4	sp|Q6UDR6|SPIT4_HUMAN	3.93e-10	43.5	35.714	56
C1IBY4	sp|Q8IUA0|WFDC8_HUMAN	3.39e-06	33.9	33.333	51
C1IBY4	sp|Q9BQY6|WFDC6_HUMAN	1.4e-05	32.0	36.957	46
C1IC50	sp|P10646|TFPI1_HUMAN	3.46e-17	65.1	40.625	64
C1IC50	sp|P10646|TFPI1_HUMAN	3.86e-14	56.6	41.818	55
C1IC50	sp|P10646|TFPI1_HUMAN	9.01e-13	52.8	48.148	54
C1IC50	sp|P48307|TFPI2_HUMAN	7.88e-16	60.8	41.27	63
C1IC50	sp|P48307|TFPI2_HUMAN	5.43e-12	50.4	42.0	50
C1IC50	sp|P48307|TFPI2_HUMAN	0.003	26.2	29.825	57
C1IC50	sp|P12111|CO6A3_HUMAN	1.05e-15	61.2	42.308	52
C1IC50	sp|P12111|CO6A3_HUMAN	3.7	17.3	45.0	20
C1IC50	sp|P12111|CO6A3_HUMAN	4.5	16.9	55.556	9
C1IC50	sp|Q06481|APLP2_HUMAN	1.01e-14	58.5	43.396	53
C1IC50	sp|P05067|A4_HUMAN	1.62e-14	57.8	51.064	47
C1IC50	sp|P05067|A4_HUMAN	5.7	16.9	50.0	10
C1IC50	sp|Q8TEU8|WFKN2_HUMAN	1.63e-14	57.8	44.828	58
C1IC50	sp|Q8TEU8|WFKN2_HUMAN	4.53e-07	37.0	28.302	53
C1IC50	sp|O95925|EPPI_HUMAN	2.24e-14	55.5	43.636	55
C1IC50	sp|P49223|SPIT3_HUMAN	6.14e-14	53.1	38.889	54
C1IC50	sp|O43278|SPIT1_HUMAN	6.17e-14	56.2	51.923	52
C1IC50	sp|O43278|SPIT1_HUMAN	2.08e-09	43.5	37.736	53
C1IC50	sp|P02760|AMBP_HUMAN	2.1e-13	54.7	42.623	61
C1IC50	sp|P02760|AMBP_HUMAN	7.22e-12	50.4	43.137	51
C1IC50	sp|Q96NZ8|WFKN1_HUMAN	5.02e-12	50.8	43.137	51
C1IC50	sp|Q96NZ8|WFKN1_HUMAN	1.03e-07	38.5	32.075	53
C1IC50	sp|O43291|SPIT2_HUMAN	1.17e-11	49.7	37.255	51
C1IC50	sp|O43291|SPIT2_HUMAN	4.38e-11	48.1	38.462	52
C1IC50	sp|O95428|PPN_HUMAN	2.46e-11	48.9	39.344	61
C1IC50	sp|O95428|PPN_HUMAN	9.4	16.2	71.429	7
C1IC50	sp|Q02388|CO7A1_HUMAN	3.05e-10	45.8	40.741	54
C1IC50	sp|Q02388|CO7A1_HUMAN	0.17	21.2	42.105	19
C1IC50	sp|Q02388|CO7A1_HUMAN	2.6	17.7	46.154	13
C1IC50	sp|Q02388|CO7A1_HUMAN	2.6	17.7	57.143	14
C1IC50	sp|Q02388|CO7A1_HUMAN	4.6	16.9	57.143	14
C1IC50	sp|Q02388|CO7A1_HUMAN	5.2	16.9	50.0	14
C1IC50	sp|Q02388|CO7A1_HUMAN	5.3	16.9	43.75	16
C1IC50	sp|Q02388|CO7A1_HUMAN	5.6	16.9	50.0	14
C1IC50	sp|Q02388|CO7A1_HUMAN	6.2	16.5	53.846	13
C1IC50	sp|Q02388|CO7A1_HUMAN	7.4	16.5	47.059	17
C1IC50	sp|Q02388|CO7A1_HUMAN	7.8	16.5	46.667	15
C1IC50	sp|Q02388|CO7A1_HUMAN	9.3	16.2	50.0	14
C1IC50	sp|Q8IUA0|WFDC8_HUMAN	2.56e-09	43.1	36.538	52
C1IC50	sp|Q2UY09|COSA1_HUMAN	4.75e-09	42.4	32.258	62
C1IC50	sp|Q2UY09|COSA1_HUMAN	6.1	16.5	46.154	13
C1IC50	sp|Q6UDR6|SPIT4_HUMAN	7.57e-09	40.4	37.736	53
C1IC50	sp|Q9BQY6|WFDC6_HUMAN	1.46e-05	32.0	57.692	26
C1IC52	sp|P12111|CO6A3_HUMAN	6.99e-18	67.4	44.231	52
C1IC52	sp|P12111|CO6A3_HUMAN	0.4	20.0	54.545	11
C1IC52	sp|P12111|CO6A3_HUMAN	5.8	16.9	45.455	11
C1IC52	sp|P10646|TFPI1_HUMAN	2.51e-16	62.8	43.636	55
C1IC52	sp|P10646|TFPI1_HUMAN	6.69e-15	58.9	35.938	64
C1IC52	sp|P10646|TFPI1_HUMAN	1.58e-14	57.8	51.852	54
C1IC52	sp|Q8TEU8|WFKN2_HUMAN	1.17e-15	61.2	46.552	58
C1IC52	sp|Q8TEU8|WFKN2_HUMAN	1.78e-05	32.3	26.415	53
C1IC52	sp|P49223|SPIT3_HUMAN	1.72e-15	57.0	40.741	54
C1IC52	sp|Q06481|APLP2_HUMAN	2.58e-15	60.1	44.231	52
C1IC52	sp|O43278|SPIT1_HUMAN	9.01e-15	58.5	50.0	52
C1IC52	sp|O43278|SPIT1_HUMAN	7.45e-11	47.4	43.478	46
C1IC52	sp|P48307|TFPI2_HUMAN	1.93e-14	57.0	39.683	63
C1IC52	sp|P48307|TFPI2_HUMAN	1e-13	55.1	44.0	50
C1IC52	sp|P48307|TFPI2_HUMAN	9.35e-05	30.0	29.508	61
C1IC52	sp|P05067|A4_HUMAN	7.28e-14	56.2	48.936	47
C1IC52	sp|P05067|A4_HUMAN	6.0	16.5	55.556	9
C1IC52	sp|Q02388|CO7A1_HUMAN	1.11e-13	55.5	44.444	54
C1IC52	sp|O95925|EPPI_HUMAN	1.28e-13	53.5	41.818	55
C1IC52	sp|P02760|AMBP_HUMAN	9.69e-13	52.8	40.984	61
C1IC52	sp|P02760|AMBP_HUMAN	1.47e-09	43.9	41.176	51
C1IC52	sp|Q96NZ8|WFKN1_HUMAN	1.36e-12	52.4	43.137	51
C1IC52	sp|Q96NZ8|WFKN1_HUMAN	8.66e-06	33.1	28.302	53
C1IC52	sp|O43291|SPIT2_HUMAN	1.85e-12	52.0	41.509	53
C1IC52	sp|O43291|SPIT2_HUMAN	3.23e-10	45.4	35.294	51
C1IC52	sp|Q2UY09|COSA1_HUMAN	3.47e-12	51.2	36.508	63
C1IC52	sp|O95428|PPN_HUMAN	9.81e-12	50.1	39.344	61
C1IC52	sp|Q6UDR6|SPIT4_HUMAN	1.23e-09	42.4	37.736	53
C1IC52	sp|Q8IUA0|WFDC8_HUMAN	1.62e-09	43.5	38.462	52
C1IC52	sp|Q9BQY6|WFDC6_HUMAN	3.96e-05	30.8	53.846	26
C1IC53	sp|P12111|CO6A3_HUMAN	1.86e-17	66.6	45.098	51
C1IC53	sp|P12111|CO6A3_HUMAN	2.5	17.7	42.857	14
C1IC53	sp|P10646|TFPI1_HUMAN	3.3e-17	65.1	50.0	54
C1IC53	sp|P10646|TFPI1_HUMAN	7.04e-17	64.3	44.444	54
C1IC53	sp|P10646|TFPI1_HUMAN	2.31e-14	57.4	45.614	57
C1IC53	sp|Q8TEU8|WFKN2_HUMAN	1.83e-15	60.8	46.552	58
C1IC53	sp|Q8TEU8|WFKN2_HUMAN	1.63e-05	32.3	26.923	52
C1IC53	sp|P49223|SPIT3_HUMAN	2.85e-15	56.6	40.741	54
C1IC53	sp|Q96NZ8|WFKN1_HUMAN	1.44e-14	58.2	47.059	51
C1IC53	sp|Q96NZ8|WFKN1_HUMAN	7.33e-06	33.5	32.609	46
C1IC53	sp|Q06481|APLP2_HUMAN	2.79e-14	57.4	43.137	51
C1IC53	sp|Q06481|APLP2_HUMAN	2.9	17.7	37.5	16
C1IC53	sp|P48307|TFPI2_HUMAN	9.25e-14	55.5	48.0	50
C1IC53	sp|P48307|TFPI2_HUMAN	4.58e-13	53.5	47.17	53
C1IC53	sp|P48307|TFPI2_HUMAN	4.11e-05	31.2	32.759	58
C1IC53	sp|P02760|AMBP_HUMAN	1.68e-13	55.1	49.02	51
C1IC53	sp|P02760|AMBP_HUMAN	4.42e-10	45.4	39.216	51
C1IC53	sp|P05067|A4_HUMAN	4.1e-13	53.9	44.681	47
C1IC53	sp|O43278|SPIT1_HUMAN	4.3e-13	53.9	39.13	69
C1IC53	sp|O43278|SPIT1_HUMAN	6.51e-12	50.4	38.095	63
C1IC53	sp|Q6UDR6|SPIT4_HUMAN	1.32e-12	50.1	42.105	76
C1IC53	sp|O95925|EPPI_HUMAN	2.29e-12	50.1	39.216	51
C1IC53	sp|O43291|SPIT2_HUMAN	2.61e-12	51.6	38.182	55
C1IC53	sp|O43291|SPIT2_HUMAN	4.56e-11	48.1	37.037	54
C1IC53	sp|Q02388|CO7A1_HUMAN	3.33e-12	51.6	42.593	54
C1IC53	sp|Q02388|CO7A1_HUMAN	0.045	22.7	50.0	20
C1IC53	sp|Q02388|CO7A1_HUMAN	1.4	18.5	54.545	11
C1IC53	sp|Q02388|CO7A1_HUMAN	3.6	17.3	46.154	13
C1IC53	sp|Q2UY09|COSA1_HUMAN	6.05e-12	50.8	32.812	64
C1IC53	sp|Q2UY09|COSA1_HUMAN	5.0	16.9	43.75	16
C1IC53	sp|O95428|PPN_HUMAN	9.52e-12	50.1	38.889	54
C1IC53	sp|O95428|PPN_HUMAN	9.6	16.2	32.258	31
C1IC53	sp|Q8IUA0|WFDC8_HUMAN	4.42e-07	37.0	32.692	52
C1IC53	sp|Q9BQY6|WFDC6_HUMAN	1.49e-06	35.0	45.161	31
C8YJ94	sp|O43291|SPIT2_HUMAN	1.35e-18	68.2	58.333	48
C8YJ94	sp|O43291|SPIT2_HUMAN	4.08e-12	50.4	39.216	51
C8YJ94	sp|Q06481|APLP2_HUMAN	1.64e-17	66.2	50.0	52
C8YJ94	sp|Q8TEU8|WFKN2_HUMAN	3.03e-16	62.8	50.98	51
C8YJ94	sp|Q8TEU8|WFKN2_HUMAN	6.8e-06	33.1	27.451	51
C8YJ94	sp|O43278|SPIT1_HUMAN	4.13e-15	59.3	40.625	64
C8YJ94	sp|O43278|SPIT1_HUMAN	3e-12	51.2	42.373	59
C8YJ94	sp|P12111|CO6A3_HUMAN	4.31e-15	59.3	41.667	60
C8YJ94	sp|P12111|CO6A3_HUMAN	2.8	17.7	57.143	7
C8YJ94	sp|P12111|CO6A3_HUMAN	4.3	16.9	41.667	12
C8YJ94	sp|P12111|CO6A3_HUMAN	4.6	16.9	71.429	7
C8YJ94	sp|P05067|A4_HUMAN	1.15e-14	58.2	48.889	45
C8YJ94	sp|O95925|EPPI_HUMAN	1.41e-13	53.1	38.71	62
C8YJ94	sp|P10646|TFPI1_HUMAN	1.75e-13	54.7	45.312	64
C8YJ94	sp|P10646|TFPI1_HUMAN	3.13e-12	51.2	48.889	45
C8YJ94	sp|P10646|TFPI1_HUMAN	5.23e-12	50.4	37.5	64
C8YJ94	sp|Q02388|CO7A1_HUMAN	5.28e-13	53.5	40.678	59
C8YJ94	sp|O95428|PPN_HUMAN	5.58e-13	53.5	45.098	51
C8YJ94	sp|P02760|AMBP_HUMAN	7.21e-13	53.1	38.71	62
C8YJ94	sp|P02760|AMBP_HUMAN	2.14e-09	43.1	36.538	52
C8YJ94	sp|P49223|SPIT3_HUMAN	1.71e-12	49.3	42.308	52
C8YJ94	sp|P48307|TFPI2_HUMAN	1.13e-11	49.3	42.308	52
C8YJ94	sp|P48307|TFPI2_HUMAN	1.82e-11	48.9	46.809	47
C8YJ94	sp|P48307|TFPI2_HUMAN	0.00031	28.5	36.957	46
C8YJ94	sp|Q96NZ8|WFKN1_HUMAN	2.58e-11	48.5	40.0	60
C8YJ94	sp|Q96NZ8|WFKN1_HUMAN	4.49e-05	30.8	36.111	36
C8YJ94	sp|Q2UY09|COSA1_HUMAN	5.64e-11	47.8	33.929	56
C8YJ94	sp|Q2UY09|COSA1_HUMAN	2.3	17.7	25.926	27
C8YJ94	sp|Q6UDR6|SPIT4_HUMAN	2.7e-10	43.9	35.714	56
C8YJ94	sp|Q8IUA0|WFDC8_HUMAN	7.38e-06	33.1	31.373	51
C8YJ94	sp|Q9BQY6|WFDC6_HUMAN	1.43e-05	32.0	36.957	46
C8YJ95	sp|Q06481|APLP2_HUMAN	5.94e-18	67.4	51.923	52
C8YJ95	sp|O43291|SPIT2_HUMAN	7.46e-18	66.2	54.167	48
C8YJ95	sp|O43291|SPIT2_HUMAN	1.31e-12	52.0	41.176	51
C8YJ95	sp|Q8TEU8|WFKN2_HUMAN	2.86e-15	59.7	47.059	51
C8YJ95	sp|Q8TEU8|WFKN2_HUMAN	3.13e-06	34.3	29.412	51
C8YJ95	sp|P05067|A4_HUMAN	6.84e-15	58.9	51.111	45
C8YJ95	sp|O43278|SPIT1_HUMAN	1.12e-14	58.2	39.062	64
C8YJ95	sp|O43278|SPIT1_HUMAN	9.23e-12	50.1	40.678	59
C8YJ95	sp|P12111|CO6A3_HUMAN	1.45e-14	57.8	40.0	60
C8YJ95	sp|P12111|CO6A3_HUMAN	0.98	18.9	71.429	7
C8YJ95	sp|P12111|CO6A3_HUMAN	2.6	17.7	41.667	12
C8YJ95	sp|P12111|CO6A3_HUMAN	2.8	17.7	71.429	7
C8YJ95	sp|O95428|PPN_HUMAN	8.8e-14	55.5	47.059	51
C8YJ95	sp|P49223|SPIT3_HUMAN	1.81e-13	51.6	46.154	52
C8YJ95	sp|O95925|EPPI_HUMAN	2.99e-13	52.4	37.097	62
C8YJ95	sp|P10646|TFPI1_HUMAN	4.01e-13	53.5	43.75	64
C8YJ95	sp|P10646|TFPI1_HUMAN	4.09e-13	53.5	53.333	45
C8YJ95	sp|P10646|TFPI1_HUMAN	4.13e-12	50.8	38.095	63
C8YJ95	sp|P02760|AMBP_HUMAN	5.48e-13	53.1	38.71	62
C8YJ95	sp|P02760|AMBP_HUMAN	7e-10	44.7	38.462	52
C8YJ95	sp|P48307|TFPI2_HUMAN	1.5e-12	51.6	48.936	47
C8YJ95	sp|P48307|TFPI2_HUMAN	2.83e-11	48.1	40.385	52
C8YJ95	sp|P48307|TFPI2_HUMAN	3.32e-05	31.2	41.304	46
C8YJ95	sp|Q02388|CO7A1_HUMAN	1.5e-12	52.0	42.373	59
C8YJ95	sp|Q96NZ8|WFKN1_HUMAN	1.69e-10	46.2	38.333	60
C8YJ95	sp|Q96NZ8|WFKN1_HUMAN	0.000237	28.9	33.333	36
C8YJ95	sp|Q6UDR6|SPIT4_HUMAN	3.27e-10	43.5	35.714	56
C8YJ95	sp|Q2UY09|COSA1_HUMAN	1.28e-09	43.9	30.357	56
C8YJ95	sp|Q2UY09|COSA1_HUMAN	0.79	19.2	29.63	27
C8YJ95	sp|Q8IUA0|WFDC8_HUMAN	2.52e-06	34.3	33.333	51
C8YJ95	sp|Q9BQY6|WFDC6_HUMAN	1.37e-05	32.0	36.957	46
D2Y2Q6	sp|P12111|CO6A3_HUMAN	4.66e-15	59.7	39.726	73
D2Y2Q6	sp|P12111|CO6A3_HUMAN	6.8	16.5	42.857	14
D2Y2Q6	sp|Q02388|CO7A1_HUMAN	2.64e-14	57.8	50.0	56
D2Y2Q6	sp|O43291|SPIT2_HUMAN	2.79e-12	51.6	41.27	63
D2Y2Q6	sp|O43291|SPIT2_HUMAN	5.01e-11	48.1	50.0	44
D2Y2Q6	sp|P05067|A4_HUMAN	9.09e-12	50.4	46.0	50
D2Y2Q6	sp|Q8TEU8|WFKN2_HUMAN	2.2e-11	49.3	42.857	56
D2Y2Q6	sp|Q8TEU8|WFKN2_HUMAN	5.96e-05	31.2	33.333	51
D2Y2Q6	sp|Q8TEU8|WFKN2_HUMAN	2.0	18.1	26.923	26
D2Y2Q6	sp|Q8TEU8|WFKN2_HUMAN	8.2	16.5	44.444	9
D2Y2Q6	sp|P10646|TFPI1_HUMAN	2.29e-11	49.3	38.889	54
D2Y2Q6	sp|P10646|TFPI1_HUMAN	3.18e-10	45.8	41.509	53
D2Y2Q6	sp|P10646|TFPI1_HUMAN	1.15e-07	38.9	42.222	45
D2Y2Q6	sp|Q06481|APLP2_HUMAN	7.8e-11	47.8	41.176	51
D2Y2Q6	sp|P02760|AMBP_HUMAN	1.66e-10	47.0	41.509	53
D2Y2Q6	sp|P02760|AMBP_HUMAN	2.18e-09	43.5	38.182	55
D2Y2Q6	sp|P49223|SPIT3_HUMAN	1.68e-10	44.7	40.0	55
D2Y2Q6	sp|O95925|EPPI_HUMAN	2.27e-10	45.1	36.842	57
D2Y2Q6	sp|O95428|PPN_HUMAN	2.45e-10	46.6	43.137	51
D2Y2Q6	sp|O95428|PPN_HUMAN	6.8	16.5	47.059	17
D2Y2Q6	sp|O43278|SPIT1_HUMAN	2.99e-10	46.2	41.509	53
D2Y2Q6	sp|O43278|SPIT1_HUMAN	9.76e-10	44.7	43.478	46
D2Y2Q6	sp|P48307|TFPI2_HUMAN	8.95e-09	42.0	51.22	41
D2Y2Q6	sp|P48307|TFPI2_HUMAN	1.49e-07	38.5	43.75	48
D2Y2Q6	sp|P48307|TFPI2_HUMAN	4.33e-06	34.3	38.158	76
D2Y2Q6	sp|Q96NZ8|WFKN1_HUMAN	1.87e-07	38.1	35.849	53
D2Y2Q6	sp|Q8IUA0|WFDC8_HUMAN	7.17e-07	36.6	38.462	52
D2Y2Q6	sp|Q2UY09|COSA1_HUMAN	1.16e-06	36.2	31.915	47
D2Y2Q6	sp|Q6UDR6|SPIT4_HUMAN	3.91e-06	33.5	33.333	54
D2Y2Q6	sp|Q9BQY6|WFDC6_HUMAN	1.69e-05	32.3	46.429	28
D4A2Z2	sp|O95925|EPPI_HUMAN	1.25e-58	170.0	64.912	114
D4A2Z2	sp|Q9BQY6|WFDC6_HUMAN	4.1e-29	95.1	40.31	129
D4A2Z2	sp|Q8IUA0|WFDC8_HUMAN	7.76e-23	81.6	42.857	98
D4A2Z2	sp|Q8IUA0|WFDC8_HUMAN	0.001	28.5	38.095	42
D4A2Z2	sp|Q8IUA0|WFDC8_HUMAN	0.44	20.8	45.455	22
D4A2Z2	sp|Q8TEU8|WFKN2_HUMAN	2.56e-19	73.9	48.438	64
D4A2Z2	sp|Q8TEU8|WFKN2_HUMAN	4.67e-06	35.8	33.333	51
D4A2Z2	sp|Q8TEU8|WFKN2_HUMAN	0.21	21.9	26.087	92
D4A2Z2	sp|O43291|SPIT2_HUMAN	2.32e-17	67.4	50.0	54
D4A2Z2	sp|O43291|SPIT2_HUMAN	3.53e-12	53.1	38.889	54
D4A2Z2	sp|P12111|CO6A3_HUMAN	4.47e-17	67.8	45.455	55
D4A2Z2	sp|P49223|SPIT3_HUMAN	8.99e-16	59.7	42.593	54
D4A2Z2	sp|Q06481|APLP2_HUMAN	1.73e-15	63.2	45.283	53
D4A2Z2	sp|Q96NZ8|WFKN1_HUMAN	2.71e-15	62.4	42.188	64
D4A2Z2	sp|Q96NZ8|WFKN1_HUMAN	4.76e-05	32.7	35.135	37
D4A2Z2	sp|Q96NZ8|WFKN1_HUMAN	7.87e-05	32.3	63.158	19
D4A2Z2	sp|Q02388|CO7A1_HUMAN	9.29e-15	60.8	44.643	56
D4A2Z2	sp|Q02388|CO7A1_HUMAN	0.085	23.5	58.824	17
D4A2Z2	sp|P10646|TFPI1_HUMAN	7.68e-14	58.2	44.068	59
D4A2Z2	sp|P10646|TFPI1_HUMAN	8.53e-11	49.3	47.17	53
D4A2Z2	sp|P10646|TFPI1_HUMAN	3.58e-10	47.4	36.667	60
D4A2Z2	sp|P48307|TFPI2_HUMAN	1.88e-13	56.2	45.283	53
D4A2Z2	sp|P48307|TFPI2_HUMAN	9.97e-11	48.9	39.394	66
D4A2Z2	sp|P48307|TFPI2_HUMAN	0.003	27.3	29.787	47
D4A2Z2	sp|P05067|A4_HUMAN	3.37e-12	53.5	41.304	46
D4A2Z2	sp|O95428|PPN_HUMAN	4.74e-12	53.1	42.308	52
D4A2Z2	sp|O43278|SPIT1_HUMAN	1.61e-11	51.6	40.741	54
D4A2Z2	sp|O43278|SPIT1_HUMAN	2.17e-11	51.2	44.0	50
D4A2Z2	sp|P02760|AMBP_HUMAN	2.73e-11	50.8	40.299	67
D4A2Z2	sp|P02760|AMBP_HUMAN	3.68e-11	50.4	37.931	58
D4A2Z2	sp|Q2UY09|COSA1_HUMAN	5.93e-11	50.1	40.909	44
D4A2Z2	sp|Q2UY09|COSA1_HUMAN	0.34	21.6	40.741	27
D4A2Z2	sp|Q2UY09|COSA1_HUMAN	2.7	18.9	26.087	23
D4A2Z2	sp|Q2UY09|COSA1_HUMAN	4.2	18.1	31.429	35
D4A2Z2	sp|Q6UDR6|SPIT4_HUMAN	3.94e-09	42.7	35.088	57
D9IFL3	sp|O43278|SPIT1_HUMAN	8.35e-08	41.6	34.722	72
D9IFL3	sp|O43278|SPIT1_HUMAN	1.42e-05	35.0	42.857	42
D9IFL3	sp|O43291|SPIT2_HUMAN	2.94e-07	39.7	33.962	53
D9IFL3	sp|O43291|SPIT2_HUMAN	1.21e-05	35.0	26.263	99
D9IFL3	sp|P49223|SPIT3_HUMAN	3.31e-07	37.7	35.0	60
D9IFL3	sp|Q2UY09|COSA1_HUMAN	4.12e-07	39.7	31.579	57
D9IFL3	sp|P12111|CO6A3_HUMAN	1.04e-06	38.5	32.075	53
D9IFL3	sp|P12111|CO6A3_HUMAN	4.2	18.5	30.769	13
D9IFL3	sp|P12111|CO6A3_HUMAN	5.1	18.5	53.846	13
D9IFL3	sp|O95428|PPN_HUMAN	1.52e-06	38.1	30.435	69
D9IFL3	sp|O95428|PPN_HUMAN	2.2	19.2	50.0	18
D9IFL3	sp|Q96NZ8|WFKN1_HUMAN	2.93e-06	37.4	35.849	53
D9IFL3	sp|Q96NZ8|WFKN1_HUMAN	0.004	27.7	27.397	73
D9IFL3	sp|Q96NZ8|WFKN1_HUMAN	6.9	17.7	23.158	95
D9IFL3	sp|P10646|TFPI1_HUMAN	4.58e-06	36.6	33.333	60
D9IFL3	sp|P10646|TFPI1_HUMAN	5.17e-06	36.2	32.143	56
D9IFL3	sp|P10646|TFPI1_HUMAN	0.001	29.3	30.357	56
D9IFL3	sp|P48307|TFPI2_HUMAN	7.93e-06	35.4	30.0	50
D9IFL3	sp|P48307|TFPI2_HUMAN	0.000292	30.8	28.947	76
D9IFL3	sp|P48307|TFPI2_HUMAN	1.4	19.6	26.23	61
D9IFL3	sp|O95925|EPPI_HUMAN	1.21e-05	34.3	36.364	44
D9IFL3	sp|P02760|AMBP_HUMAN	0.000139	32.0	29.87	77
D9IFL3	sp|P02760|AMBP_HUMAN	0.99	20.4	25.641	39
D9IFL3	sp|Q8TEU8|WFKN2_HUMAN	0.000175	32.0	28.571	77
D9IFL3	sp|Q8TEU8|WFKN2_HUMAN	0.000426	30.8	27.778	54
D9IFL3	sp|P05067|A4_HUMAN	0.00052	30.4	28.0	50
D9IFL3	sp|Q06481|APLP2_HUMAN	0.000575	30.4	31.579	38
D9IFL3	sp|Q6UDR6|SPIT4_HUMAN	0.002	27.3	36.667	30
D9IFL3	sp|Q02388|CO7A1_HUMAN	0.013	26.2	26.786	56
D9IFL3	sp|Q02388|CO7A1_HUMAN	0.18	22.7	23.188	69
D9IFL3	sp|Q02388|CO7A1_HUMAN	0.39	21.9	26.562	64
D9IFL3	sp|Q02388|CO7A1_HUMAN	2.8	19.2	27.778	54
D9IFL3	sp|Q02388|CO7A1_HUMAN	7.2	17.7	26.389	72
D9IFL3	sp|Q8IUA0|WFDC8_HUMAN	0.032	24.6	27.778	54
D9IFL3	sp|Q9BQY6|WFDC6_HUMAN	7.5	17.3	26.667	30
E7FL11	sp|P10646|TFPI1_HUMAN	6.97e-18	67.0	42.188	64
E7FL11	sp|P10646|TFPI1_HUMAN	1.03e-16	63.9	47.17	53
E7FL11	sp|P10646|TFPI1_HUMAN	1.51e-13	55.1	44.286	70
E7FL11	sp|P12111|CO6A3_HUMAN	2.77e-16	63.2	44.231	52
E7FL11	sp|P12111|CO6A3_HUMAN	3.8	17.3	75.0	8
E7FL11	sp|P02760|AMBP_HUMAN	2.01e-13	54.7	40.0	65
E7FL11	sp|P02760|AMBP_HUMAN	3.22e-12	51.6	41.509	53
E7FL11	sp|P48307|TFPI2_HUMAN	6.81e-13	53.1	47.059	51
E7FL11	sp|P48307|TFPI2_HUMAN	2.7e-11	48.5	43.396	53
E7FL11	sp|P48307|TFPI2_HUMAN	0.006	25.4	31.034	58
E7FL11	sp|P05067|A4_HUMAN	1.79e-12	52.4	40.816	49
E7FL11	sp|Q96NZ8|WFKN1_HUMAN	3.04e-12	51.6	45.098	51
E7FL11	sp|Q96NZ8|WFKN1_HUMAN	1.57e-06	35.4	33.333	45
E7FL11	sp|Q06481|APLP2_HUMAN	3.1e-12	51.6	35.0	60
E7FL11	sp|O95925|EPPI_HUMAN	1.02e-11	48.5	41.176	51
E7FL11	sp|O43278|SPIT1_HUMAN	1.38e-11	49.7	37.5	64
E7FL11	sp|O43278|SPIT1_HUMAN	9.03e-11	47.4	38.596	57
E7FL11	sp|Q8TEU8|WFKN2_HUMAN	1.99e-11	49.3	43.137	51
E7FL11	sp|Q8TEU8|WFKN2_HUMAN	9.3e-06	33.1	30.189	53
E7FL11	sp|P49223|SPIT3_HUMAN	5.1e-11	45.8	37.037	54
E7FL11	sp|O43291|SPIT2_HUMAN	1.22e-10	47.0	36.538	52
E7FL11	sp|O43291|SPIT2_HUMAN	3.91e-10	45.4	38.095	63
E7FL11	sp|Q2UY09|COSA1_HUMAN	2.25e-10	46.2	35.484	62
E7FL11	sp|Q02388|CO7A1_HUMAN	3.23e-10	45.8	38.235	68
E7FL11	sp|Q02388|CO7A1_HUMAN	0.72	19.2	45.0	20
E7FL11	sp|O95428|PPN_HUMAN	2.74e-09	43.1	37.037	54
E7FL11	sp|Q6UDR6|SPIT4_HUMAN	2.48e-08	38.9	33.962	53
E7FL11	sp|Q8IUA0|WFDC8_HUMAN	5.16e-08	39.3	35.294	51
E7FL11	sp|Q9BQY6|WFDC6_HUMAN	0.000599	27.7	50.0	26
E7FL12	sp|P10646|TFPI1_HUMAN	8.61e-17	64.3	44.828	58
E7FL12	sp|P10646|TFPI1_HUMAN	1.72e-16	63.2	47.17	53
E7FL12	sp|P10646|TFPI1_HUMAN	6.15e-13	53.5	40.26	77
E7FL12	sp|P12111|CO6A3_HUMAN	2.72e-15	60.5	44.231	52
E7FL12	sp|O43278|SPIT1_HUMAN	8.02e-14	56.2	38.095	63
E7FL12	sp|O43278|SPIT1_HUMAN	1.11e-11	50.1	42.857	56
E7FL12	sp|P48307|TFPI2_HUMAN	1.27e-13	55.1	45.283	53
E7FL12	sp|P48307|TFPI2_HUMAN	3.02e-13	53.9	43.396	53
E7FL12	sp|P48307|TFPI2_HUMAN	0.006	25.4	29.31	58
E7FL12	sp|O95925|EPPI_HUMAN	2.48e-13	52.8	41.071	56
E7FL12	sp|P02760|AMBP_HUMAN	1.36e-12	52.4	41.27	63
E7FL12	sp|P02760|AMBP_HUMAN	1.16e-11	50.1	41.509	53
E7FL12	sp|Q06481|APLP2_HUMAN	2.18e-12	52.0	43.478	46
E7FL12	sp|O43291|SPIT2_HUMAN	4.4e-12	50.8	36.538	52
E7FL12	sp|O43291|SPIT2_HUMAN	1.03e-11	49.7	37.736	53
E7FL12	sp|Q96NZ8|WFKN1_HUMAN	5.63e-12	50.8	43.137	51
E7FL12	sp|Q96NZ8|WFKN1_HUMAN	1.95e-06	35.0	33.333	45
E7FL12	sp|Q8TEU8|WFKN2_HUMAN	2.22e-11	49.3	41.176	51
E7FL12	sp|Q8TEU8|WFKN2_HUMAN	6.36e-05	30.8	28.302	53
E7FL12	sp|P05067|A4_HUMAN	6.42e-11	47.8	37.5	48
E7FL12	sp|P49223|SPIT3_HUMAN	8.2e-11	45.1	35.185	54
E7FL12	sp|Q02388|CO7A1_HUMAN	3.82e-10	45.8	37.5	64
E7FL12	sp|Q02388|CO7A1_HUMAN	0.46	20.0	45.455	22
E7FL12	sp|O95428|PPN_HUMAN	7.97e-09	42.0	37.313	67
E7FL12	sp|Q2UY09|COSA1_HUMAN	9.2e-09	41.6	33.871	62
E7FL12	sp|Q6UDR6|SPIT4_HUMAN	2.79e-08	38.9	30.556	72
E7FL12	sp|Q9BQY6|WFDC6_HUMAN	4.48e-07	36.2	60.714	28
E7FL12	sp|Q8IUA0|WFDC8_HUMAN	6.23e-07	36.6	37.255	51
E7FL13	sp|P10646|TFPI1_HUMAN	2.42e-16	62.8	49.057	53
E7FL13	sp|P10646|TFPI1_HUMAN	4.69e-15	59.3	39.062	64
E7FL13	sp|P10646|TFPI1_HUMAN	2.68e-14	57.4	44.286	70
E7FL13	sp|P12111|CO6A3_HUMAN	2.85e-16	63.2	44.231	52
E7FL13	sp|P48307|TFPI2_HUMAN	1.39e-14	57.4	45.455	55
E7FL13	sp|P48307|TFPI2_HUMAN	1.25e-12	52.4	43.396	53
E7FL13	sp|P48307|TFPI2_HUMAN	0.000336	28.9	31.034	58
E7FL13	sp|O43278|SPIT1_HUMAN	1.97e-13	55.1	37.5	64
E7FL13	sp|O43278|SPIT1_HUMAN	2.96e-11	48.9	41.071	56
E7FL13	sp|O95925|EPPI_HUMAN	4.06e-13	52.0	41.509	53
E7FL13	sp|Q96NZ8|WFKN1_HUMAN	4.15e-13	53.9	45.098	51
E7FL13	sp|Q96NZ8|WFKN1_HUMAN	1.99e-05	32.3	28.814	59
E7FL13	sp|O43291|SPIT2_HUMAN	7.97e-13	52.8	38.889	54
E7FL13	sp|O43291|SPIT2_HUMAN	4.25e-11	48.1	33.962	53
E7FL13	sp|Q02388|CO7A1_HUMAN	3.02e-12	51.6	38.235	68
E7FL13	sp|Q8TEU8|WFKN2_HUMAN	5.7e-12	50.8	43.137	51
E7FL13	sp|Q8TEU8|WFKN2_HUMAN	7.95e-06	33.5	30.189	53
E7FL13	sp|P02760|AMBP_HUMAN	1.04e-11	50.1	38.806	67
E7FL13	sp|P02760|AMBP_HUMAN	3.3e-10	45.8	37.736	53
E7FL13	sp|Q06481|APLP2_HUMAN	1.3e-11	49.7	36.207	58
E7FL13	sp|P05067|A4_HUMAN	1.02e-10	47.4	36.735	49
E7FL13	sp|O95428|PPN_HUMAN	3.51e-10	45.8	40.741	54
E7FL13	sp|O95428|PPN_HUMAN	1.8	18.1	28.571	35
E7FL13	sp|P49223|SPIT3_HUMAN	2.2e-09	41.6	33.333	54
E7FL13	sp|Q2UY09|COSA1_HUMAN	6.34e-09	42.4	32.258	62
E7FL13	sp|Q8IUA0|WFDC8_HUMAN	1.21e-08	41.2	39.216	51
E7FL13	sp|Q6UDR6|SPIT4_HUMAN	6.89e-08	37.7	33.962	53
E7FL13	sp|Q9BQY6|WFDC6_HUMAN	4.38e-07	36.2	57.143	28
F8J2F6	sp|P10646|TFPI1_HUMAN	1.11e-16	63.9	42.105	57
F8J2F6	sp|P10646|TFPI1_HUMAN	3.15e-15	59.7	44.231	52
F8J2F6	sp|P10646|TFPI1_HUMAN	7.43e-15	58.9	44.286	70
F8J2F6	sp|P12111|CO6A3_HUMAN	1.26e-14	58.5	42.308	52
F8J2F6	sp|P02760|AMBP_HUMAN	5.62e-12	50.8	35.385	65
F8J2F6	sp|P02760|AMBP_HUMAN	1.72e-11	49.3	38.462	52
F8J2F6	sp|Q02388|CO7A1_HUMAN	1.11e-11	50.1	38.235	68
F8J2F6	sp|Q02388|CO7A1_HUMAN	4.5	16.9	42.105	19
F8J2F6	sp|Q02388|CO7A1_HUMAN	6.3	16.5	41.667	12
F8J2F6	sp|P48307|TFPI2_HUMAN	3.54e-11	48.1	41.509	53
F8J2F6	sp|P48307|TFPI2_HUMAN	4.28e-11	48.1	43.396	53
F8J2F6	sp|P48307|TFPI2_HUMAN	0.004	25.8	31.034	58
F8J2F6	sp|Q06481|APLP2_HUMAN	5.49e-11	48.1	35.0	60
F8J2F6	sp|O43278|SPIT1_HUMAN	1.16e-10	47.0	33.333	69
F8J2F6	sp|O43278|SPIT1_HUMAN	7.69e-10	44.7	32.812	64
F8J2F6	sp|Q8TEU8|WFKN2_HUMAN	2.04e-10	46.2	39.216	51
F8J2F6	sp|Q8TEU8|WFKN2_HUMAN	9.77e-06	33.1	28.302	53
F8J2F6	sp|Q2UY09|COSA1_HUMAN	3.21e-10	45.8	32.258	62
F8J2F6	sp|P05067|A4_HUMAN	4.2e-10	45.4	36.735	49
F8J2F6	sp|O43291|SPIT2_HUMAN	4.76e-10	45.1	39.623	53
F8J2F6	sp|O43291|SPIT2_HUMAN	3.45e-07	37.0	30.189	53
F8J2F6	sp|Q96NZ8|WFKN1_HUMAN	5.75e-10	45.1	37.255	51
F8J2F6	sp|Q96NZ8|WFKN1_HUMAN	1.21e-05	32.7	33.333	36
F8J2F6	sp|O95428|PPN_HUMAN	1.91e-09	43.5	37.037	54
F8J2F6	sp|O95428|PPN_HUMAN	8.5	16.2	35.0	20
F8J2F6	sp|O95428|PPN_HUMAN	8.8	16.2	83.333	6
F8J2F6	sp|P49223|SPIT3_HUMAN	2.94e-09	41.2	31.481	54
F8J2F6	sp|Q8IUA0|WFDC8_HUMAN	1.26e-08	41.2	35.294	51
F8J2F6	sp|O95925|EPPI_HUMAN	4.45e-08	38.9	32.727	55
F8J2F6	sp|Q6UDR6|SPIT4_HUMAN	1.7e-07	37.0	32.075	53
F8J2F6	sp|Q9BQY6|WFDC6_HUMAN	0.002	26.6	46.154	26
G3LH89	sp|Q8TEU8|WFKN2_HUMAN	6.96e-18	67.4	50.0	52
G3LH89	sp|Q8TEU8|WFKN2_HUMAN	0.000236	29.3	30.556	36
G3LH89	sp|Q06481|APLP2_HUMAN	1.25e-16	63.9	40.0	60
G3LH89	sp|P49223|SPIT3_HUMAN	8.21e-16	58.2	38.462	65
G3LH89	sp|O43291|SPIT2_HUMAN	1.64e-15	60.1	45.283	53
G3LH89	sp|O43291|SPIT2_HUMAN	1.31e-14	57.8	44.231	52
G3LH89	sp|Q96NZ8|WFKN1_HUMAN	4.51e-15	59.7	40.909	66
G3LH89	sp|Q96NZ8|WFKN1_HUMAN	1.26e-07	38.5	32.787	61
G3LH89	sp|P10646|TFPI1_HUMAN	5.8e-15	58.9	45.0	60
G3LH89	sp|P10646|TFPI1_HUMAN	1.75e-14	57.8	48.148	54
G3LH89	sp|P10646|TFPI1_HUMAN	1.39e-11	49.7	43.636	55
G3LH89	sp|O95428|PPN_HUMAN	1.96e-14	57.8	43.548	62
G3LH89	sp|P02760|AMBP_HUMAN	6.1e-13	53.5	39.623	53
G3LH89	sp|P02760|AMBP_HUMAN	5.06e-12	50.8	45.098	51
G3LH89	sp|P05067|A4_HUMAN	1.83e-12	52.0	44.444	45
G3LH89	sp|O43278|SPIT1_HUMAN	1.9e-12	52.0	46.154	52
G3LH89	sp|O43278|SPIT1_HUMAN	2.04e-12	52.0	39.655	58
G3LH89	sp|Q2UY09|COSA1_HUMAN	5.71e-12	50.8	36.842	57
G3LH89	sp|P48307|TFPI2_HUMAN	5.97e-12	50.4	36.508	63
G3LH89	sp|P48307|TFPI2_HUMAN	3.3e-08	40.0	34.545	55
G3LH89	sp|P48307|TFPI2_HUMAN	0.003	25.8	28.333	60
G3LH89	sp|P12111|CO6A3_HUMAN	1.1e-11	50.1	36.538	52
G3LH89	sp|P12111|CO6A3_HUMAN	2.0	18.1	29.032	31
G3LH89	sp|P12111|CO6A3_HUMAN	6.2	16.5	40.0	15
G3LH89	sp|Q02388|CO7A1_HUMAN	1.72e-11	49.3	40.741	54
G3LH89	sp|O95925|EPPI_HUMAN	1.73e-10	45.4	38.462	52
G3LH89	sp|Q8IUA0|WFDC8_HUMAN	2.17e-09	43.1	37.255	51
G3LH89	sp|Q6UDR6|SPIT4_HUMAN	9.08e-09	40.0	29.508	61
G3LH89	sp|Q9BQY6|WFDC6_HUMAN	3.13e-05	31.2	51.852	27
O35536	sp|P48307|TFPI2_HUMAN	2.1e-73	215.0	56.585	205
O35536	sp|P10646|TFPI1_HUMAN	2.39e-34	116.0	33.333	219
O35536	sp|P10646|TFPI1_HUMAN	9.76e-13	57.4	42.623	61
O35536	sp|P10646|TFPI1_HUMAN	5.97e-11	52.0	45.763	59
O35536	sp|O43278|SPIT1_HUMAN	2.75e-22	85.9	30.986	213
O35536	sp|O43291|SPIT2_HUMAN	1.96e-17	70.1	24.444	180
O35536	sp|O43291|SPIT2_HUMAN	8.9e-12	54.3	36.923	65
O35536	sp|O43291|SPIT2_HUMAN	3.44e-09	46.6	32.787	61
O35536	sp|Q06481|APLP2_HUMAN	5.12e-16	67.8	39.13	69
O35536	sp|Q06481|APLP2_HUMAN	3.67e-10	50.4	40.0	55
O35536	sp|Q06481|APLP2_HUMAN	5.51e-05	34.3	32.143	56
O35536	sp|P12111|CO6A3_HUMAN	1.55e-15	66.6	45.161	62
O35536	sp|P12111|CO6A3_HUMAN	1.2e-13	60.8	41.379	58
O35536	sp|P12111|CO6A3_HUMAN	0.003	28.9	22.222	54
O35536	sp|P05067|A4_HUMAN	6.86e-14	61.2	47.917	48
O35536	sp|P05067|A4_HUMAN	4.19e-09	47.0	41.304	46
O35536	sp|P05067|A4_HUMAN	0.000811	30.8	29.167	48
O35536	sp|P02760|AMBP_HUMAN	1.2e-13	60.1	30.631	111
O35536	sp|P02760|AMBP_HUMAN	6.74e-12	55.1	29.268	123
O35536	sp|P02760|AMBP_HUMAN	2.4e-11	53.5	42.857	56
O35536	sp|Q8TEU8|WFKN2_HUMAN	1.35e-13	60.5	46.296	54
O35536	sp|Q8TEU8|WFKN2_HUMAN	6.06e-13	58.5	32.353	102
O35536	sp|Q8TEU8|WFKN2_HUMAN	5.9e-08	43.5	26.471	136
O35536	sp|Q8TEU8|WFKN2_HUMAN	1.23e-07	42.4	37.037	54
O35536	sp|Q96NZ8|WFKN1_HUMAN	1.41e-13	60.5	44.615	65
O35536	sp|Q96NZ8|WFKN1_HUMAN	1.35e-06	39.3	35.294	51
O35536	sp|Q96NZ8|WFKN1_HUMAN	3.7e-06	38.1	25.962	104
O35536	sp|Q96NZ8|WFKN1_HUMAN	5.48e-05	34.3	29.787	47
O35536	sp|P49223|SPIT3_HUMAN	5.48e-13	54.7	41.818	55
O35536	sp|P49223|SPIT3_HUMAN	8.33e-13	53.9	36.538	52
O35536	sp|P49223|SPIT3_HUMAN	1.02e-05	34.3	32.143	56
O35536	sp|O95925|EPPI_HUMAN	5.33e-12	53.1	43.396	53
O35536	sp|O95925|EPPI_HUMAN	3.51e-08	42.4	35.849	53
O35536	sp|O95925|EPPI_HUMAN	0.037	25.0	22.222	90
O35536	sp|Q2UY09|COSA1_HUMAN	5.7e-11	52.8	37.5	64
O35536	sp|Q2UY09|COSA1_HUMAN	2.77e-07	41.6	29.63	54
O35536	sp|Q02388|CO7A1_HUMAN	5.86e-11	52.8	44.444	54
O35536	sp|Q02388|CO7A1_HUMAN	1.19e-10	52.0	42.593	54
O35536	sp|Q02388|CO7A1_HUMAN	0.019	26.6	26.316	57
O35536	sp|Q8IUA0|WFDC8_HUMAN	1.11e-09	48.1	32.955	88
O35536	sp|Q8IUA0|WFDC8_HUMAN	1.52e-09	47.8	31.868	91
O35536	sp|O95428|PPN_HUMAN	1.58e-09	48.5	45.098	51
O35536	sp|O95428|PPN_HUMAN	2.68e-08	44.7	32.877	73
O35536	sp|O95428|PPN_HUMAN	0.21	23.5	27.273	44
O35536	sp|O95428|PPN_HUMAN	1.2	20.8	28.571	42
O35536	sp|Q6UDR6|SPIT4_HUMAN	4.74e-09	43.9	34.211	76
O35536	sp|Q6UDR6|SPIT4_HUMAN	1.66e-07	39.7	28.235	85
O35536	sp|Q6UDR6|SPIT4_HUMAN	0.063	23.9	25.0	56
O35536	sp|Q9BQY6|WFDC6_HUMAN	0.000215	31.2	41.935	31
O35536	sp|Q9BQY6|WFDC6_HUMAN	0.005	27.3	39.394	33
P00976	sp|O95925|EPPI_HUMAN	1.46e-18	65.5	46.296	54
P00976	sp|P10646|TFPI1_HUMAN	4.75e-18	67.0	51.724	58
P00976	sp|P10646|TFPI1_HUMAN	4.85e-15	58.5	45.455	55
P00976	sp|P10646|TFPI1_HUMAN	5e-15	58.5	44.231	52
P00976	sp|P02760|AMBP_HUMAN	5.35e-18	67.0	56.604	53
P00976	sp|P02760|AMBP_HUMAN	4.93e-13	53.1	37.288	59
P00976	sp|P49223|SPIT3_HUMAN	4.67e-17	60.5	41.818	55
P00976	sp|P48307|TFPI2_HUMAN	1.67e-16	62.0	44.262	61
P00976	sp|P48307|TFPI2_HUMAN	4.68e-12	50.1	42.0	50
P00976	sp|P48307|TFPI2_HUMAN	5.53e-07	35.8	29.231	65
P00976	sp|P12111|CO6A3_HUMAN	2.12e-16	62.8	36.207	58
P00976	sp|P12111|CO6A3_HUMAN	2.9	17.3	46.154	13
P00976	sp|Q8TEU8|WFKN2_HUMAN	3.74e-16	62.0	47.458	59
P00976	sp|Q8TEU8|WFKN2_HUMAN	6.45e-08	38.5	32.727	55
P00976	sp|O43291|SPIT2_HUMAN	4.27e-16	61.2	40.351	57
P00976	sp|O43291|SPIT2_HUMAN	2.19e-12	50.8	32.759	58
P00976	sp|P05067|A4_HUMAN	7.92e-16	60.8	47.727	44
P00976	sp|Q96NZ8|WFKN1_HUMAN	4.65e-15	58.9	40.984	61
P00976	sp|Q96NZ8|WFKN1_HUMAN	1.3e-05	32.0	34.091	44
P00976	sp|Q06481|APLP2_HUMAN	2.75e-14	56.6	36.207	58
P00976	sp|Q02388|CO7A1_HUMAN	4.15e-14	56.2	44.828	58
P00976	sp|O43278|SPIT1_HUMAN	5.22e-13	53.1	45.098	51
P00976	sp|O43278|SPIT1_HUMAN	1.47e-11	48.9	35.088	57
P00976	sp|Q6UDR6|SPIT4_HUMAN	1.59e-12	49.3	40.323	62
P00976	sp|O95428|PPN_HUMAN	3.57e-12	50.4	36.364	55
P00976	sp|Q8IUA0|WFDC8_HUMAN	2.53e-09	42.4	36.207	58
P00976	sp|Q9BQY6|WFDC6_HUMAN	2.25e-08	38.9	50.0	30
P00976	sp|Q2UY09|COSA1_HUMAN	1.05e-07	38.1	29.545	44
P00984	sp|P10646|TFPI1_HUMAN	1.17e-16	62.8	44.444	54
P00984	sp|P10646|TFPI1_HUMAN	1.36e-15	59.7	46.154	52
P00984	sp|P10646|TFPI1_HUMAN	1.58e-12	51.2	43.396	53
P00984	sp|P49223|SPIT3_HUMAN	1.01e-14	54.3	43.137	51
P00984	sp|P12111|CO6A3_HUMAN	1.39e-14	57.0	40.351	57
P00984	sp|P12111|CO6A3_HUMAN	0.85	18.5	83.333	6
P00984	sp|P12111|CO6A3_HUMAN	4.9	16.2	66.667	6
P00984	sp|Q8TEU8|WFKN2_HUMAN	1.47e-14	57.0	50.98	51
P00984	sp|Q8TEU8|WFKN2_HUMAN	7.63e-06	32.3	30.189	53
P00984	sp|P48307|TFPI2_HUMAN	2.2e-14	55.8	48.077	52
P00984	sp|P48307|TFPI2_HUMAN	3.82e-10	44.3	38.776	49
P00984	sp|P48307|TFPI2_HUMAN	0.000294	27.7	31.111	45
P00984	sp|O43291|SPIT2_HUMAN	7.25e-14	54.7	46.154	52
P00984	sp|O43291|SPIT2_HUMAN	1.69e-12	50.8	36.842	57
P00984	sp|P05067|A4_HUMAN	9.59e-14	54.7	48.936	47
P00984	sp|P02760|AMBP_HUMAN	9.65e-14	54.7	45.098	51
P00984	sp|P02760|AMBP_HUMAN	1.93e-12	50.8	39.216	51
P00984	sp|Q06481|APLP2_HUMAN	1.6e-13	53.9	38.889	54
P00984	sp|Q06481|APLP2_HUMAN	0.78	18.5	71.429	7
P00984	sp|Q96NZ8|WFKN1_HUMAN	5.82e-12	49.7	45.098	51
P00984	sp|Q96NZ8|WFKN1_HUMAN	2.68e-05	30.8	34.091	44
P00984	sp|Q02388|CO7A1_HUMAN	6.95e-12	49.3	42.593	54
P00984	sp|Q02388|CO7A1_HUMAN	1.1	18.1	71.429	7
P00984	sp|Q02388|CO7A1_HUMAN	9.0	15.4	62.5	8
P00984	sp|O95925|EPPI_HUMAN	8.54e-12	47.8	37.037	54
P00984	sp|O43278|SPIT1_HUMAN	1.46e-11	48.5	45.833	48
P00984	sp|O43278|SPIT1_HUMAN	1.24e-10	45.8	37.931	58
P00984	sp|Q2UY09|COSA1_HUMAN	4e-10	44.3	30.769	52
P00984	sp|O95428|PPN_HUMAN	2.26e-09	42.4	37.736	53
P00984	sp|O95428|PPN_HUMAN	3.1	16.9	40.0	25
P00984	sp|Q8IUA0|WFDC8_HUMAN	7.43e-09	40.8	36.538	52
P00984	sp|Q6UDR6|SPIT4_HUMAN	1.01e-08	39.3	35.849	53
P00984	sp|Q9BQY6|WFDC6_HUMAN	0.00063	26.9	44.828	29
P00985	sp|P10646|TFPI1_HUMAN	7.99e-17	63.2	47.17	53
P00985	sp|P10646|TFPI1_HUMAN	7.99e-17	63.2	47.273	55
P00985	sp|P10646|TFPI1_HUMAN	7.74e-14	54.7	46.296	54
P00985	sp|P12111|CO6A3_HUMAN	9.37e-17	63.2	41.509	53
P00985	sp|P12111|CO6A3_HUMAN	0.32	19.6	43.75	16
P00985	sp|P12111|CO6A3_HUMAN	8.8	15.4	71.429	7
P00985	sp|Q02388|CO7A1_HUMAN	1.6e-15	59.7	48.214	56
P00985	sp|Q02388|CO7A1_HUMAN	2.0	17.3	34.375	32
P00985	sp|Q06481|APLP2_HUMAN	7.55e-15	57.8	43.137	51
P00985	sp|O95925|EPPI_HUMAN	2.61e-14	54.3	43.636	55
P00985	sp|P49223|SPIT3_HUMAN	4.38e-14	52.4	38.889	54
P00985	sp|Q8TEU8|WFKN2_HUMAN	7.14e-14	55.1	47.059	51
P00985	sp|Q8TEU8|WFKN2_HUMAN	3.97e-07	35.8	30.769	52
P00985	sp|P05067|A4_HUMAN	1.54e-13	53.9	44.681	47
P00985	sp|P48307|TFPI2_HUMAN	4.76e-13	52.4	43.396	53
P00985	sp|P48307|TFPI2_HUMAN	2.9e-11	47.4	40.0	50
P00985	sp|P48307|TFPI2_HUMAN	0.000377	27.3	29.825	57
P00985	sp|Q96NZ8|WFKN1_HUMAN	3.06e-12	50.4	41.509	53
P00985	sp|Q96NZ8|WFKN1_HUMAN	9.92e-06	32.0	30.435	46
P00985	sp|O43291|SPIT2_HUMAN	6.76e-12	49.3	39.623	53
P00985	sp|O43291|SPIT2_HUMAN	5.23e-10	43.9	33.962	53
P00985	sp|P02760|AMBP_HUMAN	8.87e-12	48.9	41.176	51
P00985	sp|P02760|AMBP_HUMAN	2.64e-10	44.7	40.0	55
P00985	sp|O43278|SPIT1_HUMAN	8.9e-12	48.9	44.231	52
P00985	sp|O43278|SPIT1_HUMAN	3.25e-09	41.6	34.545	55
P00985	sp|O95428|PPN_HUMAN	4.2e-11	47.0	39.286	56
P00985	sp|O95428|PPN_HUMAN	8.8	15.4	71.429	7
P00985	sp|Q2UY09|COSA1_HUMAN	1.05e-10	45.8	32.692	52
P00985	sp|Q8IUA0|WFDC8_HUMAN	8.59e-10	43.1	38.462	52
P00985	sp|Q6UDR6|SPIT4_HUMAN	5.03e-08	37.4	34.545	55
P00985	sp|Q9BQY6|WFDC6_HUMAN	5.24e-05	29.6	53.846	26
P00986	sp|P10646|TFPI1_HUMAN	6.2e-16	60.5	49.057	53
P00986	sp|P10646|TFPI1_HUMAN	1.33e-14	57.0	43.636	55
P00986	sp|P10646|TFPI1_HUMAN	4.76e-14	55.5	46.296	54
P00986	sp|P12111|CO6A3_HUMAN	5.06e-15	58.2	41.176	51
P00986	sp|P12111|CO6A3_HUMAN	0.32	19.6	43.75	16
P00986	sp|P48307|TFPI2_HUMAN	9.13e-14	54.3	45.098	51
P00986	sp|P48307|TFPI2_HUMAN	1.65e-11	48.1	40.0	50
P00986	sp|P48307|TFPI2_HUMAN	0.002	25.4	28.07	57
P00986	sp|Q02388|CO7A1_HUMAN	1.34e-13	54.3	46.296	54
P00986	sp|Q02388|CO7A1_HUMAN	2.1	17.3	31.25	32
P00986	sp|Q06481|APLP2_HUMAN	2.1e-13	53.5	41.176	51
P00986	sp|Q8TEU8|WFKN2_HUMAN	8.01e-13	52.0	45.098	51
P00986	sp|Q8TEU8|WFKN2_HUMAN	2.76e-07	36.2	30.189	53
P00986	sp|P05067|A4_HUMAN	8.37e-13	52.0	44.681	47
P00986	sp|O95925|EPPI_HUMAN	9.91e-13	50.1	43.137	51
P00986	sp|P49223|SPIT3_HUMAN	5.22e-12	47.4	37.037	54
P00986	sp|O43278|SPIT1_HUMAN	1.07e-11	48.9	44.231	52
P00986	sp|O43278|SPIT1_HUMAN	1.66e-08	39.7	33.333	54
P00986	sp|Q96NZ8|WFKN1_HUMAN	7.12e-11	46.6	41.176	51
P00986	sp|Q96NZ8|WFKN1_HUMAN	2.23e-05	30.8	30.435	46
P00986	sp|O43291|SPIT2_HUMAN	1.99e-10	45.1	38.462	52
P00986	sp|O43291|SPIT2_HUMAN	2.91e-09	42.0	34.615	52
P00986	sp|O95428|PPN_HUMAN	3.05e-10	44.7	39.286	56
P00986	sp|O95428|PPN_HUMAN	8.9	15.4	71.429	7
P00986	sp|P02760|AMBP_HUMAN	3.55e-10	44.3	39.216	51
P00986	sp|P02760|AMBP_HUMAN	8.59e-10	43.5	41.176	51
P00986	sp|Q2UY09|COSA1_HUMAN	3.6e-10	44.3	32.727	55
P00986	sp|Q6UDR6|SPIT4_HUMAN	1.23e-08	38.9	35.849	53
P00986	sp|Q8IUA0|WFDC8_HUMAN	1.64e-08	39.7	36.538	52
P00986	sp|Q9BQY6|WFDC6_HUMAN	1.21e-05	31.6	48.387	31
P00990	sp|P05067|A4_HUMAN	5.82e-17	63.9	51.064	47
P00990	sp|Q06481|APLP2_HUMAN	6.61e-17	63.5	45.614	57
P00990	sp|P10646|TFPI1_HUMAN	9.42e-17	62.8	47.368	57
P00990	sp|P10646|TFPI1_HUMAN	2.05e-13	53.5	37.736	53
P00990	sp|P10646|TFPI1_HUMAN	6.35e-13	52.4	44.444	54
P00990	sp|P49223|SPIT3_HUMAN	2.69e-15	55.8	40.741	54
P00990	sp|O43291|SPIT2_HUMAN	2.82e-15	58.5	43.103	58
P00990	sp|O43291|SPIT2_HUMAN	3.06e-10	44.7	36.538	52
P00990	sp|P12111|CO6A3_HUMAN	5.88e-15	58.2	40.385	52
P00990	sp|P12111|CO6A3_HUMAN	8.2	15.8	57.143	7
P00990	sp|Q8TEU8|WFKN2_HUMAN	5.53e-14	55.5	45.098	51
P00990	sp|Q8TEU8|WFKN2_HUMAN	4.37e-07	35.8	33.333	51
P00990	sp|P02760|AMBP_HUMAN	6.56e-13	52.4	49.02	51
P00990	sp|P02760|AMBP_HUMAN	1.06e-11	48.9	44.231	52
P00990	sp|O95925|EPPI_HUMAN	6.61e-13	50.4	36.207	58
P00990	sp|O43278|SPIT1_HUMAN	8.99e-13	52.0	47.17	53
P00990	sp|O43278|SPIT1_HUMAN	4.75e-12	50.1	44.444	54
P00990	sp|P48307|TFPI2_HUMAN	1.55e-12	50.8	46.154	52
P00990	sp|P48307|TFPI2_HUMAN	2.02e-11	47.8	42.0	50
P00990	sp|P48307|TFPI2_HUMAN	1.94e-05	31.2	33.333	60
P00990	sp|O95428|PPN_HUMAN	4.21e-12	50.1	40.678	59
P00990	sp|O95428|PPN_HUMAN	7.9	15.8	50.0	12
P00990	sp|Q2UY09|COSA1_HUMAN	9.11e-12	49.3	39.216	51
P00990	sp|Q02388|CO7A1_HUMAN	1.99e-11	48.1	40.741	54
P00990	sp|Q96NZ8|WFKN1_HUMAN	5.51e-11	47.0	43.137	51
P00990	sp|Q96NZ8|WFKN1_HUMAN	1.56e-05	31.6	30.508	59
P00990	sp|Q8IUA0|WFDC8_HUMAN	4.22e-09	41.6	39.216	51
P00990	sp|Q6UDR6|SPIT4_HUMAN	1.52e-08	38.9	37.037	54
P00990	sp|Q9BQY6|WFDC6_HUMAN	1.42e-05	31.2	46.667	30
P00993	sp|P12111|CO6A3_HUMAN	1.55e-18	70.9	43.548	62
P00993	sp|P12111|CO6A3_HUMAN	4.7	17.7	50.0	12
P00993	sp|O95925|EPPI_HUMAN	1.37e-17	64.7	40.984	61
P00993	sp|O95925|EPPI_HUMAN	0.02	24.3	40.0	25
P00993	sp|Q96NZ8|WFKN1_HUMAN	9.39e-17	65.5	49.153	59
P00993	sp|Q96NZ8|WFKN1_HUMAN	2.14e-05	33.1	35.714	56
P00993	sp|O43278|SPIT1_HUMAN	1.18e-16	65.5	48.148	54
P00993	sp|O43278|SPIT1_HUMAN	6.23e-16	63.2	54.167	48
P00993	sp|P10646|TFPI1_HUMAN	1.58e-16	64.7	36.905	84
P00993	sp|P10646|TFPI1_HUMAN	3.46e-16	63.5	50.847	59
P00993	sp|P10646|TFPI1_HUMAN	3.32e-12	52.4	44.231	52
P00993	sp|P48307|TFPI2_HUMAN	2.03e-16	63.5	44.776	67
P00993	sp|P48307|TFPI2_HUMAN	3.3e-12	52.0	41.667	48
P00993	sp|P48307|TFPI2_HUMAN	3.38e-10	46.6	35.616	73
P00993	sp|Q6UDR6|SPIT4_HUMAN	9.55e-16	59.3	46.032	63
P00993	sp|P02760|AMBP_HUMAN	1.18e-15	62.4	37.168	113
P00993	sp|P02760|AMBP_HUMAN	3.73e-09	43.9	38.889	54
P00993	sp|P02760|AMBP_HUMAN	2.9	18.1	43.478	23
P00993	sp|Q8TEU8|WFKN2_HUMAN	1.3e-15	62.4	50.98	51
P00993	sp|Q8TEU8|WFKN2_HUMAN	6.74e-07	37.4	31.373	51
P00993	sp|Q8TEU8|WFKN2_HUMAN	0.002	27.3	31.707	41
P00993	sp|Q8TEU8|WFKN2_HUMAN	8.8	16.9	35.714	28
P00993	sp|P49223|SPIT3_HUMAN	2.97e-15	57.8	44.444	54
P00993	sp|Q06481|APLP2_HUMAN	5.47e-15	60.5	37.097	62
P00993	sp|Q06481|APLP2_HUMAN	0.98	19.6	41.176	17
P00993	sp|O43291|SPIT2_HUMAN	2.25e-14	58.2	43.396	53
P00993	sp|O43291|SPIT2_HUMAN	2.26e-12	52.8	36.667	60
P00993	sp|Q8IUA0|WFDC8_HUMAN	2.95e-14	57.8	35.417	96
P00993	sp|Q8IUA0|WFDC8_HUMAN	1.1e-05	33.9	42.553	47
P00993	sp|P05067|A4_HUMAN	2.83e-13	55.8	43.478	46
P00993	sp|P05067|A4_HUMAN	9.0	16.9	62.5	8
P00993	sp|O95428|PPN_HUMAN	3.87e-11	49.7	38.462	52
P00993	sp|O95428|PPN_HUMAN	3.0	18.1	33.333	21
P00993	sp|Q02388|CO7A1_HUMAN	4.63e-10	46.6	37.705	61
P00993	sp|Q9BQY6|WFDC6_HUMAN	2.88e-08	40.4	50.0	30
P00993	sp|Q9BQY6|WFDC6_HUMAN	3.2	17.7	43.478	23
P00993	sp|Q2UY09|COSA1_HUMAN	8.34e-06	34.3	31.818	44
P00994	sp|P10646|TFPI1_HUMAN	1.43e-17	65.1	46.296	54
P00994	sp|P10646|TFPI1_HUMAN	1.79e-15	59.3	40.351	57
P00994	sp|P10646|TFPI1_HUMAN	5.42e-14	55.1	46.296	54
P00994	sp|P05067|A4_HUMAN	3.44e-17	64.3	51.064	47
P00994	sp|Q06481|APLP2_HUMAN	4.24e-16	61.2	43.396	53
P00994	sp|O95925|EPPI_HUMAN	7.12e-16	58.2	41.818	55
P00994	sp|Q8TEU8|WFKN2_HUMAN	7.16e-16	60.5	48.214	56
P00994	sp|Q8TEU8|WFKN2_HUMAN	7.48e-07	35.0	25.0	52
P00994	sp|P12111|CO6A3_HUMAN	2.15e-15	59.3	39.216	51
P00994	sp|P48307|TFPI2_HUMAN	7.19e-15	57.4	45.283	53
P00994	sp|P48307|TFPI2_HUMAN	5.19e-11	46.6	42.0	50
P00994	sp|P48307|TFPI2_HUMAN	1.56e-07	37.0	34.483	58
P00994	sp|O43291|SPIT2_HUMAN	8.32e-15	57.0	44.231	52
P00994	sp|O43291|SPIT2_HUMAN	2.01e-13	53.5	41.509	53
P00994	sp|P49223|SPIT3_HUMAN	1.23e-14	53.9	38.889	54
P00994	sp|O43278|SPIT1_HUMAN	2.62e-12	50.4	50.0	50
P00994	sp|O43278|SPIT1_HUMAN	4.22e-10	44.3	33.962	53
P00994	sp|P02760|AMBP_HUMAN	3.57e-12	50.1	41.176	51
P00994	sp|P02760|AMBP_HUMAN	4.53e-11	47.0	43.137	51
P00994	sp|Q02388|CO7A1_HUMAN	8.17e-12	49.3	40.741	54
P00994	sp|Q02388|CO7A1_HUMAN	0.83	18.5	42.857	14
P00994	sp|Q02388|CO7A1_HUMAN	3.8	16.5	46.667	15
P00994	sp|Q96NZ8|WFKN1_HUMAN	5.22e-11	47.0	39.216	51
P00994	sp|Q96NZ8|WFKN1_HUMAN	1.75e-07	37.0	34.783	46
P00994	sp|O95428|PPN_HUMAN	6.9e-11	46.6	38.889	54
P00994	sp|Q6UDR6|SPIT4_HUMAN	2.78e-09	40.4	34.615	52
P00994	sp|Q8IUA0|WFDC8_HUMAN	9.28e-08	37.7	32.692	52
P00994	sp|Q2UY09|COSA1_HUMAN	1.27e-07	37.4	35.135	37
P00994	sp|Q9BQY6|WFDC6_HUMAN	1.32e-05	31.2	45.161	31
P0CY85	sp|P49223|SPIT3_HUMAN	1.58e-12	49.7	39.286	56
P0CY85	sp|P12111|CO6A3_HUMAN	2.68e-12	52.0	35.938	64
P0CY85	sp|P10646|TFPI1_HUMAN	2.48e-11	49.3	46.296	54
P0CY85	sp|P10646|TFPI1_HUMAN	2.91e-09	43.1	39.623	53
P0CY85	sp|P10646|TFPI1_HUMAN	7.07e-08	39.3	34.545	55
P0CY85	sp|P48307|TFPI2_HUMAN	3.54e-10	45.8	42.0	50
P0CY85	sp|P48307|TFPI2_HUMAN	1.12e-07	38.9	37.736	53
P0CY85	sp|P48307|TFPI2_HUMAN	0.009	24.6	28.07	57
P0CY85	sp|Q8TEU8|WFKN2_HUMAN	4.77e-10	45.4	37.931	58
P0CY85	sp|Q8TEU8|WFKN2_HUMAN	0.005	25.8	23.636	55
P0CY85	sp|Q06481|APLP2_HUMAN	3.42e-09	43.1	34.848	66
P0CY85	sp|O95428|PPN_HUMAN	1.95e-08	41.2	32.836	67
P0CY85	sp|O95428|PPN_HUMAN	1.3	18.9	32.5	40
P0CY85	sp|P02760|AMBP_HUMAN	3.5e-08	40.0	31.25	64
P0CY85	sp|P02760|AMBP_HUMAN	4.51e-05	31.6	30.189	53
P0CY85	sp|P02760|AMBP_HUMAN	1.2	18.9	28.571	35
P0CY85	sp|Q02388|CO7A1_HUMAN	5.94e-08	39.7	31.667	60
P0CY85	sp|O95925|EPPI_HUMAN	9.22e-08	38.1	30.909	55
P0CY85	sp|O95925|EPPI_HUMAN	8.2	16.2	33.333	30
P0CY85	sp|P05067|A4_HUMAN	1.11e-07	38.9	36.17	47
P0CY85	sp|O43291|SPIT2_HUMAN	2.17e-07	37.7	35.294	51
P0CY85	sp|O43291|SPIT2_HUMAN	4.85e-06	34.3	30.769	52
P0CY85	sp|O43278|SPIT1_HUMAN	3.59e-07	37.4	38.0	50
P0CY85	sp|O43278|SPIT1_HUMAN	1.09e-06	36.2	38.462	39
P0CY85	sp|Q96NZ8|WFKN1_HUMAN	3.89e-07	37.4	35.849	53
P0CY85	sp|Q96NZ8|WFKN1_HUMAN	0.000204	29.6	25.316	79
P0CY85	sp|Q6UDR6|SPIT4_HUMAN	4.42e-07	35.8	31.579	57
P0CY85	sp|Q8IUA0|WFDC8_HUMAN	1.4e-06	35.8	30.769	52
P0CY85	sp|Q8IUA0|WFDC8_HUMAN	9.6	16.2	62.5	8
P0CY85	sp|Q2UY09|COSA1_HUMAN	6.04e-05	31.2	26.923	52
P0CY85	sp|Q9BQY6|WFDC6_HUMAN	0.001	27.3	46.154	26
P0DJ47	sp|P12111|CO6A3_HUMAN	5.35e-16	61.6	46.154	52
P0DJ47	sp|P49223|SPIT3_HUMAN	7.68e-16	57.4	45.098	51
P0DJ47	sp|P05067|A4_HUMAN	1.19e-14	57.8	46.809	47
P0DJ47	sp|Q8TEU8|WFKN2_HUMAN	1.41e-14	57.4	41.818	55
P0DJ47	sp|Q8TEU8|WFKN2_HUMAN	4.7e-08	39.3	31.373	51
P0DJ47	sp|Q8TEU8|WFKN2_HUMAN	8.8	15.8	31.034	29
P0DJ47	sp|O95925|EPPI_HUMAN	1.53e-14	55.5	41.818	55
P0DJ47	sp|P48307|TFPI2_HUMAN	2.78e-14	56.2	49.057	53
P0DJ47	sp|P48307|TFPI2_HUMAN	6.49e-12	49.7	46.809	47
P0DJ47	sp|P48307|TFPI2_HUMAN	2.23e-07	37.0	39.583	48
P0DJ47	sp|P10646|TFPI1_HUMAN	7.56e-14	55.5	43.103	58
P0DJ47	sp|P10646|TFPI1_HUMAN	3.06e-13	53.5	41.379	58
P0DJ47	sp|P10646|TFPI1_HUMAN	3.16e-12	50.8	37.037	54
P0DJ47	sp|P02760|AMBP_HUMAN	1.64e-13	54.7	44.231	52
P0DJ47	sp|P02760|AMBP_HUMAN	1.44e-11	48.9	40.351	57
P0DJ47	sp|Q06481|APLP2_HUMAN	2.16e-13	54.3	41.176	51
P0DJ47	sp|Q96NZ8|WFKN1_HUMAN	2.33e-13	54.3	45.455	55
P0DJ47	sp|Q96NZ8|WFKN1_HUMAN	7.76e-06	32.7	30.435	46
P0DJ47	sp|O43291|SPIT2_HUMAN	9.74e-13	52.0	41.667	48
P0DJ47	sp|O43291|SPIT2_HUMAN	7.64e-12	49.7	38.462	52
P0DJ47	sp|O95428|PPN_HUMAN	2.67e-11	48.1	37.288	59
P0DJ47	sp|O95428|PPN_HUMAN	2.3	17.7	38.889	18
P0DJ47	sp|O43278|SPIT1_HUMAN	4.42e-11	47.8	41.176	51
P0DJ47	sp|O43278|SPIT1_HUMAN	6.18e-10	44.3	38.462	52
P0DJ47	sp|Q02388|CO7A1_HUMAN	1.62e-10	46.2	33.846	65
P0DJ47	sp|Q6UDR6|SPIT4_HUMAN	3.74e-08	38.1	40.476	42
P0DJ47	sp|Q8IUA0|WFDC8_HUMAN	8.2e-08	38.5	37.255	51
P0DJ47	sp|Q2UY09|COSA1_HUMAN	1.25e-07	38.1	29.545	44
P0DJ47	sp|Q9BQY6|WFDC6_HUMAN	2.04e-06	33.9	36.364	33
P0DJ48	sp|P49223|SPIT3_HUMAN	2.45e-16	58.2	52.83	53
P0DJ48	sp|O43291|SPIT2_HUMAN	6.02e-16	60.5	50.0	52
P0DJ48	sp|O43291|SPIT2_HUMAN	3.42e-10	44.7	39.216	51
P0DJ48	sp|Q8TEU8|WFKN2_HUMAN	1.01e-13	54.7	47.059	51
P0DJ48	sp|Q8TEU8|WFKN2_HUMAN	1.86e-06	34.3	32.727	55
P0DJ48	sp|P10646|TFPI1_HUMAN	3.11e-13	53.1	46.296	54
P0DJ48	sp|P10646|TFPI1_HUMAN	1.2e-11	48.5	47.273	55
P0DJ48	sp|P10646|TFPI1_HUMAN	6.23e-10	43.9	40.0	55
P0DJ48	sp|P48307|TFPI2_HUMAN	6.94e-13	52.0	45.283	53
P0DJ48	sp|P48307|TFPI2_HUMAN	3.3e-11	47.4	44.681	47
P0DJ48	sp|P48307|TFPI2_HUMAN	0.009	23.9	34.545	55
P0DJ48	sp|Q02388|CO7A1_HUMAN	1.8e-12	51.2	42.857	56
P0DJ48	sp|P05067|A4_HUMAN	2.33e-12	50.8	40.0	50
P0DJ48	sp|P12111|CO6A3_HUMAN	5.71e-12	49.7	36.538	52
P0DJ48	sp|P02760|AMBP_HUMAN	1.18e-11	48.5	46.296	54
P0DJ48	sp|P02760|AMBP_HUMAN	2.14e-06	33.9	35.294	51
P0DJ48	sp|Q06481|APLP2_HUMAN	1.31e-11	48.5	38.889	54
P0DJ48	sp|O95925|EPPI_HUMAN	2.05e-11	46.6	35.185	54
P0DJ48	sp|O43278|SPIT1_HUMAN	6.55e-11	46.6	37.037	54
P0DJ48	sp|O43278|SPIT1_HUMAN	4.34e-09	41.6	40.741	54
P0DJ48	sp|Q6UDR6|SPIT4_HUMAN	2.01e-10	43.5	40.741	54
P0DJ48	sp|O95428|PPN_HUMAN	1.3e-09	43.1	39.286	56
P0DJ48	sp|Q96NZ8|WFKN1_HUMAN	2.2e-08	39.7	35.849	53
P0DJ48	sp|Q96NZ8|WFKN1_HUMAN	2.87e-05	30.8	39.474	38
P0DJ48	sp|Q8IUA0|WFDC8_HUMAN	1.35e-07	37.4	34.0	50
P0DJ48	sp|Q9BQY6|WFDC6_HUMAN	1.53e-05	31.2	50.0	28
P0DJ48	sp|Q2UY09|COSA1_HUMAN	0.000111	29.3	29.268	41
P0DJ49	sp|P12111|CO6A3_HUMAN	1.23e-15	60.1	45.098	51
P0DJ49	sp|O95925|EPPI_HUMAN	7.35e-14	53.1	43.86	57
P0DJ49	sp|P49223|SPIT3_HUMAN	1.03e-13	51.6	44.231	52
P0DJ49	sp|P48307|TFPI2_HUMAN	3.01e-13	52.8	45.098	51
P0DJ49	sp|P48307|TFPI2_HUMAN	8.75e-11	46.2	44.681	47
P0DJ49	sp|P48307|TFPI2_HUMAN	0.000151	28.5	34.783	46
P0DJ49	sp|P10646|TFPI1_HUMAN	1.13e-12	51.6	48.077	52
P0DJ49	sp|P10646|TFPI1_HUMAN	1.11e-11	48.9	40.0	55
P0DJ49	sp|P10646|TFPI1_HUMAN	3.77e-09	41.6	40.385	52
P0DJ49	sp|Q06481|APLP2_HUMAN	1.64e-12	51.2	41.509	53
P0DJ49	sp|O43278|SPIT1_HUMAN	2.1e-12	50.8	47.826	46
P0DJ49	sp|O43278|SPIT1_HUMAN	8.17e-10	43.5	48.0	50
P0DJ49	sp|Q02388|CO7A1_HUMAN	2.27e-12	50.8	38.596	57
P0DJ49	sp|Q8TEU8|WFKN2_HUMAN	1.28e-11	48.5	45.098	51
P0DJ49	sp|Q8TEU8|WFKN2_HUMAN	0.002	25.4	25.0	52
P0DJ49	sp|Q8TEU8|WFKN2_HUMAN	1.9	17.3	46.154	13
P0DJ49	sp|P05067|A4_HUMAN	1.11e-10	45.8	39.13	46
P0DJ49	sp|Q96NZ8|WFKN1_HUMAN	1.77e-10	45.4	41.176	51
P0DJ49	sp|Q96NZ8|WFKN1_HUMAN	0.16	20.4	24.444	45
P0DJ49	sp|P02760|AMBP_HUMAN	2.02e-10	45.1	39.286	56
P0DJ49	sp|P02760|AMBP_HUMAN	0.000132	28.9	29.412	51
P0DJ49	sp|O43291|SPIT2_HUMAN	3.35e-10	44.7	39.216	51
P0DJ49	sp|O43291|SPIT2_HUMAN	9.93e-09	40.4	37.255	51
P0DJ49	sp|Q6UDR6|SPIT4_HUMAN	1.84e-09	41.2	42.857	49
P0DJ49	sp|O95428|PPN_HUMAN	1.91e-09	42.4	35.849	53
P0DJ49	sp|Q8IUA0|WFDC8_HUMAN	1.14e-07	37.4	38.0	50
P0DJ49	sp|Q2UY09|COSA1_HUMAN	3.15e-06	33.5	27.451	51
P0DJ49	sp|Q9BQY6|WFDC6_HUMAN	6.79e-06	32.0	50.0	32
P0DJ75	sp|P12111|CO6A3_HUMAN	8.08e-18	67.8	44.0	75
P0DJ75	sp|Q02388|CO7A1_HUMAN	1.12e-15	61.6	45.588	68
P0DJ75	sp|O95925|EPPI_HUMAN	4.18e-14	55.1	39.655	58
P0DJ75	sp|Q06481|APLP2_HUMAN	1.2e-12	53.1	41.379	58
P0DJ75	sp|P05067|A4_HUMAN	1.85e-12	52.4	46.0	50
P0DJ75	sp|P05067|A4_HUMAN	8.3	16.5	50.0	8
P0DJ75	sp|O95428|PPN_HUMAN	1.38e-11	50.1	43.137	51
P0DJ75	sp|O95428|PPN_HUMAN	1.4	18.9	52.941	17
P0DJ75	sp|O95428|PPN_HUMAN	3.8	17.3	34.783	23
P0DJ75	sp|P02760|AMBP_HUMAN	1.67e-11	49.7	41.818	55
P0DJ75	sp|P02760|AMBP_HUMAN	1.07e-10	47.4	39.623	53
P0DJ75	sp|O43291|SPIT2_HUMAN	2.33e-11	48.9	41.509	53
P0DJ75	sp|O43291|SPIT2_HUMAN	5.17e-09	42.4	37.037	54
P0DJ75	sp|P49223|SPIT3_HUMAN	1.12e-10	45.1	37.736	53
P0DJ75	sp|Q8TEU8|WFKN2_HUMAN	2.31e-10	46.6	39.286	56
P0DJ75	sp|Q8TEU8|WFKN2_HUMAN	8.88e-07	36.2	39.216	51
P0DJ75	sp|Q8TEU8|WFKN2_HUMAN	2.3	18.1	27.273	22
P0DJ75	sp|P10646|TFPI1_HUMAN	1.8e-09	43.9	35.849	53
P0DJ75	sp|P10646|TFPI1_HUMAN	2.14e-08	40.8	33.333	54
P0DJ75	sp|P10646|TFPI1_HUMAN	1.4e-07	38.5	35.849	53
P0DJ75	sp|Q2UY09|COSA1_HUMAN	7.91e-09	42.0	34.043	47
P0DJ75	sp|P48307|TFPI2_HUMAN	2.66e-08	40.4	42.593	54
P0DJ75	sp|P48307|TFPI2_HUMAN	2.14e-06	35.0	39.583	48
P0DJ75	sp|P48307|TFPI2_HUMAN	0.000119	30.0	45.0	40
P0DJ75	sp|O43278|SPIT1_HUMAN	5.38e-08	39.7	39.623	53
P0DJ75	sp|O43278|SPIT1_HUMAN	6.48e-08	39.7	36.957	46
P0DJ75	sp|Q96NZ8|WFKN1_HUMAN	5.83e-08	39.7	35.714	56
P0DJ75	sp|Q96NZ8|WFKN1_HUMAN	0.017	24.3	31.579	38
P0DJ75	sp|Q8IUA0|WFDC8_HUMAN	1.53e-07	38.5	38.596	57
P0DJ75	sp|Q9BQY6|WFDC6_HUMAN	6.88e-07	35.8	50.0	28
P0DJ75	sp|Q6UDR6|SPIT4_HUMAN	0.000855	27.3	30.357	56
P0DJ76	sp|P12111|CO6A3_HUMAN	3.54e-19	71.6	51.852	54
P0DJ76	sp|Q02388|CO7A1_HUMAN	6.25e-17	65.1	50.0	56
P0DJ76	sp|Q8TEU8|WFKN2_HUMAN	1.53e-15	61.2	44.118	68
P0DJ76	sp|Q8TEU8|WFKN2_HUMAN	7.4e-08	39.3	37.255	51
P0DJ76	sp|Q8TEU8|WFKN2_HUMAN	2.7	17.7	33.333	18
P0DJ76	sp|Q8TEU8|WFKN2_HUMAN	7.7	16.5	28.07	57
P0DJ76	sp|P05067|A4_HUMAN	4.67e-15	59.7	50.98	51
P0DJ76	sp|O43291|SPIT2_HUMAN	3.57e-14	57.0	41.935	62
P0DJ76	sp|O43291|SPIT2_HUMAN	5.98e-14	56.2	56.818	44
P0DJ76	sp|Q06481|APLP2_HUMAN	3.59e-14	57.4	48.077	52
P0DJ76	sp|P02760|AMBP_HUMAN	7.37e-14	56.2	45.283	53
P0DJ76	sp|P02760|AMBP_HUMAN	1.46e-13	55.5	45.455	55
P0DJ76	sp|P10646|TFPI1_HUMAN	2.53e-13	54.7	42.593	54
P0DJ76	sp|P10646|TFPI1_HUMAN	3e-13	54.7	45.283	53
P0DJ76	sp|P10646|TFPI1_HUMAN	1.67e-10	46.6	41.509	53
P0DJ76	sp|O43278|SPIT1_HUMAN	2.89e-13	54.7	50.0	46
P0DJ76	sp|O43278|SPIT1_HUMAN	1.61e-12	52.8	41.509	53
P0DJ76	sp|O95428|PPN_HUMAN	4.63e-13	54.3	47.059	51
P0DJ76	sp|O95428|PPN_HUMAN	0.91	19.2	45.0	20
P0DJ76	sp|P49223|SPIT3_HUMAN	5.01e-13	51.2	43.396	53
P0DJ76	sp|O95925|EPPI_HUMAN	6.31e-13	52.0	38.596	57
P0DJ76	sp|Q2UY09|COSA1_HUMAN	7.45e-12	50.8	35.714	70
P0DJ76	sp|Q96NZ8|WFKN1_HUMAN	3.43e-11	48.9	39.623	53
P0DJ76	sp|Q96NZ8|WFKN1_HUMAN	0.002	26.9	31.579	38
P0DJ76	sp|P48307|TFPI2_HUMAN	7.83e-11	47.4	48.936	47
P0DJ76	sp|P48307|TFPI2_HUMAN	9.57e-11	47.4	43.396	53
P0DJ76	sp|P48307|TFPI2_HUMAN	7.19e-08	39.3	45.455	55
P0DJ76	sp|Q8IUA0|WFDC8_HUMAN	3.84e-09	42.7	38.596	57
P0DJ76	sp|Q9BQY6|WFDC6_HUMAN	6.08e-07	36.2	50.0	30
P0DJ76	sp|Q6UDR6|SPIT4_HUMAN	1.83e-06	34.3	34.884	43
P0DJ78	sp|P12111|CO6A3_HUMAN	8.08e-18	67.8	44.0	75
P0DJ78	sp|Q02388|CO7A1_HUMAN	1.12e-15	61.6	45.588	68
P0DJ78	sp|O95925|EPPI_HUMAN	4.18e-14	55.1	39.655	58
P0DJ78	sp|Q06481|APLP2_HUMAN	1.2e-12	53.1	41.379	58
P0DJ78	sp|P05067|A4_HUMAN	1.85e-12	52.4	46.0	50
P0DJ78	sp|P05067|A4_HUMAN	8.3	16.5	50.0	8
P0DJ78	sp|O95428|PPN_HUMAN	1.38e-11	50.1	43.137	51
P0DJ78	sp|O95428|PPN_HUMAN	1.4	18.9	52.941	17
P0DJ78	sp|O95428|PPN_HUMAN	3.8	17.3	34.783	23
P0DJ78	sp|P02760|AMBP_HUMAN	1.67e-11	49.7	41.818	55
P0DJ78	sp|P02760|AMBP_HUMAN	1.07e-10	47.4	39.623	53
P0DJ78	sp|O43291|SPIT2_HUMAN	2.33e-11	48.9	41.509	53
P0DJ78	sp|O43291|SPIT2_HUMAN	5.17e-09	42.4	37.037	54
P0DJ78	sp|P49223|SPIT3_HUMAN	1.12e-10	45.1	37.736	53
P0DJ78	sp|Q8TEU8|WFKN2_HUMAN	2.31e-10	46.6	39.286	56
P0DJ78	sp|Q8TEU8|WFKN2_HUMAN	8.88e-07	36.2	39.216	51
P0DJ78	sp|Q8TEU8|WFKN2_HUMAN	2.3	18.1	27.273	22
P0DJ78	sp|P10646|TFPI1_HUMAN	1.8e-09	43.9	35.849	53
P0DJ78	sp|P10646|TFPI1_HUMAN	2.14e-08	40.8	33.333	54
P0DJ78	sp|P10646|TFPI1_HUMAN	1.4e-07	38.5	35.849	53
P0DJ78	sp|Q2UY09|COSA1_HUMAN	7.91e-09	42.0	34.043	47
P0DJ78	sp|P48307|TFPI2_HUMAN	2.66e-08	40.4	42.593	54
P0DJ78	sp|P48307|TFPI2_HUMAN	2.14e-06	35.0	39.583	48
P0DJ78	sp|P48307|TFPI2_HUMAN	0.000119	30.0	45.0	40
P0DJ78	sp|O43278|SPIT1_HUMAN	5.38e-08	39.7	39.623	53
P0DJ78	sp|O43278|SPIT1_HUMAN	6.48e-08	39.7	36.957	46
P0DJ78	sp|Q96NZ8|WFKN1_HUMAN	5.83e-08	39.7	35.714	56
P0DJ78	sp|Q96NZ8|WFKN1_HUMAN	0.017	24.3	31.579	38
P0DJ78	sp|Q8IUA0|WFDC8_HUMAN	1.53e-07	38.5	38.596	57
P0DJ78	sp|Q9BQY6|WFDC6_HUMAN	6.88e-07	35.8	50.0	28
P0DJ78	sp|Q6UDR6|SPIT4_HUMAN	0.000855	27.3	30.357	56
P0DJ79	sp|P12111|CO6A3_HUMAN	1.06e-16	64.7	43.243	74
P0DJ79	sp|Q02388|CO7A1_HUMAN	6.75e-16	62.4	45.588	68
P0DJ79	sp|O95925|EPPI_HUMAN	5.76e-14	54.7	40.351	57
P0DJ79	sp|Q06481|APLP2_HUMAN	1.52e-12	52.8	41.379	58
P0DJ79	sp|P02760|AMBP_HUMAN	2.08e-12	52.4	44.444	54
P0DJ79	sp|P02760|AMBP_HUMAN	1.25e-11	50.1	41.509	53
P0DJ79	sp|O95428|PPN_HUMAN	7.13e-12	50.8	43.137	51
P0DJ79	sp|O95428|PPN_HUMAN	3.8	17.3	34.783	23
P0DJ79	sp|O95428|PPN_HUMAN	7.9	16.5	100.0	5
P0DJ79	sp|P05067|A4_HUMAN	7.27e-12	50.8	46.0	50
P0DJ79	sp|P05067|A4_HUMAN	8.3	16.5	50.0	8
P0DJ79	sp|O43291|SPIT2_HUMAN	2.04e-11	49.3	40.0	55
P0DJ79	sp|O43291|SPIT2_HUMAN	1.82e-08	40.8	35.185	54
P0DJ79	sp|Q8TEU8|WFKN2_HUMAN	2.28e-11	49.3	41.071	56
P0DJ79	sp|Q8TEU8|WFKN2_HUMAN	5.29e-07	37.0	38.462	52
P0DJ79	sp|Q8TEU8|WFKN2_HUMAN	2.1	18.1	27.273	22
P0DJ79	sp|P49223|SPIT3_HUMAN	1.44e-10	44.7	37.736	53
P0DJ79	sp|Q2UY09|COSA1_HUMAN	2.02e-10	46.6	36.17	47
P0DJ79	sp|P10646|TFPI1_HUMAN	2.69e-09	43.5	35.849	53
P0DJ79	sp|P10646|TFPI1_HUMAN	1.11e-07	38.9	33.333	54
P0DJ79	sp|P10646|TFPI1_HUMAN	1.13e-07	38.9	35.849	53
P0DJ79	sp|P48307|TFPI2_HUMAN	1.06e-08	41.6	41.071	56
P0DJ79	sp|P48307|TFPI2_HUMAN	1.61e-05	32.7	37.5	48
P0DJ79	sp|P48307|TFPI2_HUMAN	0.000884	27.7	42.5	40
P0DJ79	sp|Q96NZ8|WFKN1_HUMAN	2.15e-08	40.8	37.5	56
P0DJ79	sp|Q96NZ8|WFKN1_HUMAN	0.027	23.5	28.205	39
P0DJ79	sp|Q8IUA0|WFDC8_HUMAN	4.1e-08	40.0	37.931	58
P0DJ79	sp|O43278|SPIT1_HUMAN	6.93e-08	39.3	39.623	53
P0DJ79	sp|O43278|SPIT1_HUMAN	7.43e-08	39.3	36.957	46
P0DJ79	sp|Q9BQY6|WFDC6_HUMAN	2.32e-06	34.7	50.0	28
P0DJ79	sp|Q6UDR6|SPIT4_HUMAN	0.000812	27.3	30.357	56
P0DJ80	sp|P12111|CO6A3_HUMAN	5.06e-18	68.2	44.0	75
P0DJ80	sp|P12111|CO6A3_HUMAN	9.9	16.2	27.5	40
P0DJ80	sp|Q02388|CO7A1_HUMAN	2.89e-15	60.5	45.588	68
P0DJ80	sp|O95925|EPPI_HUMAN	3.96e-14	55.1	39.655	58
P0DJ80	sp|Q06481|APLP2_HUMAN	1.2e-12	53.1	41.379	58
P0DJ80	sp|Q06481|APLP2_HUMAN	4.4	17.3	32.353	34
P0DJ80	sp|P05067|A4_HUMAN	1.85e-12	52.4	46.0	50
P0DJ80	sp|P05067|A4_HUMAN	8.3	16.5	50.0	8
P0DJ80	sp|P02760|AMBP_HUMAN	2.26e-11	49.3	41.818	55
P0DJ80	sp|P02760|AMBP_HUMAN	1.44e-10	47.0	39.623	53
P0DJ80	sp|O43291|SPIT2_HUMAN	2.54e-11	48.9	35.897	78
P0DJ80	sp|O43291|SPIT2_HUMAN	4.46e-09	42.7	37.037	54
P0DJ80	sp|O95428|PPN_HUMAN	2.88e-11	48.9	43.137	51
P0DJ80	sp|O95428|PPN_HUMAN	1.9	18.5	52.941	17
P0DJ80	sp|O95428|PPN_HUMAN	4.6	17.3	34.783	23
P0DJ80	sp|P49223|SPIT3_HUMAN	1.35e-10	45.1	37.736	53
P0DJ80	sp|Q8TEU8|WFKN2_HUMAN	2.6e-10	46.2	39.286	56
P0DJ80	sp|Q8TEU8|WFKN2_HUMAN	1.33e-07	38.5	34.066	91
P0DJ80	sp|Q8TEU8|WFKN2_HUMAN	2.0	18.1	27.273	22
P0DJ80	sp|P10646|TFPI1_HUMAN	1.93e-09	43.9	35.849	53
P0DJ80	sp|P10646|TFPI1_HUMAN	2.32e-08	40.8	33.333	54
P0DJ80	sp|P10646|TFPI1_HUMAN	1.47e-07	38.5	35.849	53
P0DJ80	sp|Q2UY09|COSA1_HUMAN	9.81e-09	42.0	34.043	47
P0DJ80	sp|P48307|TFPI2_HUMAN	2.1e-08	40.8	42.593	54
P0DJ80	sp|P48307|TFPI2_HUMAN	2.16e-06	35.0	39.583	48
P0DJ80	sp|P48307|TFPI2_HUMAN	0.000115	30.0	45.0	40
P0DJ80	sp|O43278|SPIT1_HUMAN	4.74e-08	40.0	39.623	53
P0DJ80	sp|O43278|SPIT1_HUMAN	5.99e-08	39.7	36.957	46
P0DJ80	sp|Q96NZ8|WFKN1_HUMAN	7.82e-08	39.3	35.714	56
P0DJ80	sp|Q96NZ8|WFKN1_HUMAN	0.009	25.0	24.211	95
P0DJ80	sp|Q8IUA0|WFDC8_HUMAN	1.73e-07	38.1	38.596	57
P0DJ80	sp|Q9BQY6|WFDC6_HUMAN	5.95e-07	36.2	50.0	28
P0DJ80	sp|Q6UDR6|SPIT4_HUMAN	0.000821	27.3	30.357	56
P0DJ81	sp|P12111|CO6A3_HUMAN	4.76e-16	62.8	42.667	75
P0DJ81	sp|Q02388|CO7A1_HUMAN	7.44e-14	56.6	44.118	68
P0DJ81	sp|O95925|EPPI_HUMAN	9.77e-13	51.2	37.931	58
P0DJ81	sp|Q06481|APLP2_HUMAN	7.14e-11	47.8	39.655	58
P0DJ81	sp|P05067|A4_HUMAN	9.12e-11	47.8	55.263	38
P0DJ81	sp|P05067|A4_HUMAN	8.3	16.5	50.0	8
P0DJ81	sp|O95428|PPN_HUMAN	5.51e-10	45.4	41.176	51
P0DJ81	sp|O95428|PPN_HUMAN	0.28	20.8	37.037	27
P0DJ81	sp|O95428|PPN_HUMAN	1.3	18.9	52.941	17
P0DJ81	sp|P02760|AMBP_HUMAN	6.87e-10	45.1	40.0	55
P0DJ81	sp|P02760|AMBP_HUMAN	4.44e-09	42.7	37.736	53
P0DJ81	sp|O43291|SPIT2_HUMAN	8.15e-10	44.7	39.623	53
P0DJ81	sp|O43291|SPIT2_HUMAN	8.29e-08	39.3	44.444	36
P0DJ81	sp|P49223|SPIT3_HUMAN	4.04e-09	41.2	35.849	53
P0DJ81	sp|Q8TEU8|WFKN2_HUMAN	4.34e-09	42.7	37.5	56
P0DJ81	sp|Q8TEU8|WFKN2_HUMAN	9.38e-06	33.5	37.255	51
P0DJ81	sp|Q8TEU8|WFKN2_HUMAN	1.1	18.9	30.0	20
P0DJ81	sp|P10646|TFPI1_HUMAN	5.65e-08	39.7	33.962	53
P0DJ81	sp|P10646|TFPI1_HUMAN	6.98e-07	36.6	31.481	54
P0DJ81	sp|P10646|TFPI1_HUMAN	4.48e-06	34.3	33.962	53
P0DJ81	sp|O43278|SPIT1_HUMAN	2.01e-07	38.1	42.593	54
P0DJ81	sp|O43278|SPIT1_HUMAN	6.45e-07	36.6	40.0	35
P0DJ81	sp|Q2UY09|COSA1_HUMAN	2.36e-07	38.1	36.842	38
P0DJ81	sp|Q9BQY6|WFDC6_HUMAN	5.71e-07	36.2	50.0	28
P0DJ81	sp|P48307|TFPI2_HUMAN	7.05e-07	36.6	40.741	54
P0DJ81	sp|P48307|TFPI2_HUMAN	5.65e-05	31.2	37.5	48
P0DJ81	sp|P48307|TFPI2_HUMAN	9.87e-05	30.4	45.0	40
P0DJ81	sp|Q8IUA0|WFDC8_HUMAN	3.95e-06	34.3	36.842	57
P0DJ81	sp|Q96NZ8|WFKN1_HUMAN	7.25e-06	33.9	33.929	56
P0DJ81	sp|Q96NZ8|WFKN1_HUMAN	0.011	24.6	30.769	39
P0DJ81	sp|Q6UDR6|SPIT4_HUMAN	0.027	23.1	28.571	56
P0DJ82	sp|P12111|CO6A3_HUMAN	1.84e-18	69.7	45.205	73
P0DJ82	sp|Q02388|CO7A1_HUMAN	1.71e-16	63.9	50.0	56
P0DJ82	sp|Q02388|CO7A1_HUMAN	5.5	16.9	41.176	17
P0DJ82	sp|Q8TEU8|WFKN2_HUMAN	2.41e-14	57.8	46.429	56
P0DJ82	sp|Q8TEU8|WFKN2_HUMAN	4.7e-07	37.0	37.255	51
P0DJ82	sp|Q8TEU8|WFKN2_HUMAN	1.5	18.5	28.333	60
P0DJ82	sp|Q8TEU8|WFKN2_HUMAN	3.8	17.3	35.714	14
P0DJ82	sp|P05067|A4_HUMAN	6.57e-14	56.6	49.02	51
P0DJ82	sp|O43291|SPIT2_HUMAN	1.32e-13	55.1	41.27	63
P0DJ82	sp|O43291|SPIT2_HUMAN	8.52e-13	53.1	37.838	74
P0DJ82	sp|Q06481|APLP2_HUMAN	9.62e-13	53.1	44.231	52
P0DJ82	sp|P02760|AMBP_HUMAN	1.68e-12	52.4	41.818	55
P0DJ82	sp|P02760|AMBP_HUMAN	1.94e-11	49.3	39.623	53
P0DJ82	sp|P10646|TFPI1_HUMAN	1.96e-12	52.4	45.283	53
P0DJ82	sp|P10646|TFPI1_HUMAN	5.45e-12	50.8	40.741	54
P0DJ82	sp|P10646|TFPI1_HUMAN	9.63e-10	44.7	41.509	53
P0DJ82	sp|O95925|EPPI_HUMAN	3.16e-12	50.1	38.596	57
P0DJ82	sp|P49223|SPIT3_HUMAN	3.44e-12	48.9	43.396	53
P0DJ82	sp|O95428|PPN_HUMAN	3.9e-11	48.5	43.137	51
P0DJ82	sp|O95428|PPN_HUMAN	0.86	19.2	45.0	20
P0DJ82	sp|O43278|SPIT1_HUMAN	4.45e-11	48.5	45.652	46
P0DJ82	sp|O43278|SPIT1_HUMAN	3.67e-10	45.8	39.623	53
P0DJ82	sp|Q96NZ8|WFKN1_HUMAN	1.93e-10	46.6	39.286	56
P0DJ82	sp|Q96NZ8|WFKN1_HUMAN	0.000706	28.1	35.135	37
P0DJ82	sp|P48307|TFPI2_HUMAN	4.28e-10	45.4	48.936	47
P0DJ82	sp|P48307|TFPI2_HUMAN	4.83e-10	45.4	43.396	53
P0DJ82	sp|P48307|TFPI2_HUMAN	1.88e-06	35.4	43.636	55
P0DJ82	sp|Q2UY09|COSA1_HUMAN	5.25e-09	42.7	31.915	47
P0DJ82	sp|Q8IUA0|WFDC8_HUMAN	1.64e-07	38.1	35.088	57
P0DJ82	sp|Q9BQY6|WFDC6_HUMAN	1.95e-06	34.7	46.667	30
P0DJ82	sp|Q6UDR6|SPIT4_HUMAN	4.46e-05	30.8	30.435	46
P0DJ84	sp|P12111|CO6A3_HUMAN	7.91e-17	65.1	41.096	73
P0DJ84	sp|P12111|CO6A3_HUMAN	6.8	16.5	42.857	14
P0DJ84	sp|Q02388|CO7A1_HUMAN	2.67e-16	63.5	51.786	56
P0DJ84	sp|O43291|SPIT2_HUMAN	9.53e-14	55.5	42.857	63
P0DJ84	sp|O43291|SPIT2_HUMAN	1.44e-12	52.4	52.273	44
P0DJ84	sp|P05067|A4_HUMAN	1.54e-13	55.5	48.0	50
P0DJ84	sp|P10646|TFPI1_HUMAN	7.51e-13	53.5	40.741	54
P0DJ84	sp|P10646|TFPI1_HUMAN	9.94e-12	50.1	43.396	53
P0DJ84	sp|P10646|TFPI1_HUMAN	7.52e-09	42.0	39.623	53
P0DJ84	sp|Q8TEU8|WFKN2_HUMAN	8.17e-13	53.5	44.643	56
P0DJ84	sp|Q8TEU8|WFKN2_HUMAN	1.8e-06	35.4	35.294	51
P0DJ84	sp|Q8TEU8|WFKN2_HUMAN	2.5	18.1	26.923	26
P0DJ84	sp|Q8TEU8|WFKN2_HUMAN	9.4	16.2	44.444	9
P0DJ84	sp|Q06481|APLP2_HUMAN	1.31e-12	52.8	43.137	51
P0DJ84	sp|P02760|AMBP_HUMAN	4.01e-12	51.2	43.396	53
P0DJ84	sp|P02760|AMBP_HUMAN	5.1e-11	48.1	40.0	55
P0DJ84	sp|O95428|PPN_HUMAN	6.72e-12	50.8	45.098	51
P0DJ84	sp|O95428|PPN_HUMAN	7.7	16.5	47.059	17
P0DJ84	sp|O95925|EPPI_HUMAN	1.08e-11	48.5	38.596	57
P0DJ84	sp|P49223|SPIT3_HUMAN	1.19e-11	47.8	41.509	53
P0DJ84	sp|O43278|SPIT1_HUMAN	7.33e-11	47.8	45.652	46
P0DJ84	sp|O43278|SPIT1_HUMAN	7.47e-11	47.8	40.0	65
P0DJ84	sp|P48307|TFPI2_HUMAN	2.44e-09	43.5	46.809	47
P0DJ84	sp|P48307|TFPI2_HUMAN	8.52e-09	42.0	43.396	53
P0DJ84	sp|P48307|TFPI2_HUMAN	2.21e-07	37.7	39.474	76
P0DJ84	sp|Q96NZ8|WFKN1_HUMAN	6.09e-09	42.4	37.736	53
P0DJ84	sp|Q96NZ8|WFKN1_HUMAN	0.11	21.9	34.483	29
P0DJ84	sp|Q2UY09|COSA1_HUMAN	1.95e-08	41.2	34.043	47
P0DJ84	sp|Q8IUA0|WFDC8_HUMAN	6.14e-08	39.3	38.596	57
P0DJ84	sp|Q9BQY6|WFDC6_HUMAN	6.88e-07	35.8	50.0	28
P0DJ84	sp|Q6UDR6|SPIT4_HUMAN	1.9e-05	31.6	33.929	56
P0DJ85	sp|P12111|CO6A3_HUMAN	2.14e-17	66.6	42.857	77
P0DJ85	sp|Q02388|CO7A1_HUMAN	4.39e-15	60.1	45.588	68
P0DJ85	sp|Q02388|CO7A1_HUMAN	4.9	17.3	29.545	44
P0DJ85	sp|O95925|EPPI_HUMAN	1.56e-13	53.5	39.655	58
P0DJ85	sp|Q06481|APLP2_HUMAN	6.84e-13	53.5	41.379	58
P0DJ85	sp|P05067|A4_HUMAN	3.33e-12	51.6	45.833	48
P0DJ85	sp|P05067|A4_HUMAN	8.3	16.5	50.0	8
P0DJ85	sp|O43291|SPIT2_HUMAN	1.87e-11	49.3	41.509	53
P0DJ85	sp|O43291|SPIT2_HUMAN	2.04e-09	43.5	37.5	56
P0DJ85	sp|O95428|PPN_HUMAN	2.74e-11	49.3	43.137	51
P0DJ85	sp|O95428|PPN_HUMAN	1.3	18.9	52.941	17
P0DJ85	sp|O95428|PPN_HUMAN	3.7	17.3	34.783	23
P0DJ85	sp|P02760|AMBP_HUMAN	2.83e-11	48.9	39.286	56
P0DJ85	sp|P02760|AMBP_HUMAN	9.72e-11	47.4	40.0	55
P0DJ85	sp|P49223|SPIT3_HUMAN	3.1e-10	43.9	37.736	53
P0DJ85	sp|Q8TEU8|WFKN2_HUMAN	6.78e-10	45.1	39.286	56
P0DJ85	sp|Q8TEU8|WFKN2_HUMAN	7.3e-07	36.6	39.216	51
P0DJ85	sp|Q8TEU8|WFKN2_HUMAN	8.3	16.5	27.273	22
P0DJ85	sp|P10646|TFPI1_HUMAN	7.76e-10	45.1	35.849	53
P0DJ85	sp|P10646|TFPI1_HUMAN	1.91e-08	40.8	33.962	53
P0DJ85	sp|P10646|TFPI1_HUMAN	3.85e-07	37.4	35.849	53
P0DJ85	sp|P48307|TFPI2_HUMAN	2.47e-09	43.5	42.105	57
P0DJ85	sp|P48307|TFPI2_HUMAN	1.67e-06	35.4	39.583	48
P0DJ85	sp|P48307|TFPI2_HUMAN	9.4e-05	30.4	45.0	40
P0DJ85	sp|O43278|SPIT1_HUMAN	3.17e-08	40.4	39.286	56
P0DJ85	sp|O43278|SPIT1_HUMAN	3.71e-08	40.0	32.787	61
P0DJ85	sp|Q2UY09|COSA1_HUMAN	3.23e-08	40.4	36.364	44
P0DJ85	sp|Q8IUA0|WFDC8_HUMAN	1.05e-07	38.9	38.596	57
P0DJ85	sp|Q96NZ8|WFKN1_HUMAN	1.34e-07	38.5	35.714	56
P0DJ85	sp|Q96NZ8|WFKN1_HUMAN	0.013	24.6	31.579	38
P0DJ85	sp|Q9BQY6|WFDC6_HUMAN	2.63e-07	37.0	41.667	48
P0DJ85	sp|Q6UDR6|SPIT4_HUMAN	0.000346	28.1	30.357	56
P0DKL8	sp|P10646|TFPI1_HUMAN	3.6e-19	69.7	49.123	57
P0DKL8	sp|P10646|TFPI1_HUMAN	3.65e-18	67.0	46.032	63
P0DKL8	sp|P10646|TFPI1_HUMAN	4.01e-15	58.5	44.068	59
P0DKL8	sp|P12111|CO6A3_HUMAN	1.11e-17	66.2	42.373	59
P0DKL8	sp|P12111|CO6A3_HUMAN	1.1	18.5	50.0	12
P0DKL8	sp|P12111|CO6A3_HUMAN	1.6	17.7	41.667	12
P0DKL8	sp|P12111|CO6A3_HUMAN	6.8	16.2	57.143	7
P0DKL8	sp|Q8TEU8|WFKN2_HUMAN	1.34e-16	63.2	50.98	51
P0DKL8	sp|Q8TEU8|WFKN2_HUMAN	1.09e-07	37.7	28.07	57
P0DKL8	sp|P48307|TFPI2_HUMAN	3.94e-16	60.8	52.0	50
P0DKL8	sp|P48307|TFPI2_HUMAN	1.34e-14	57.0	48.077	52
P0DKL8	sp|P48307|TFPI2_HUMAN	0.000497	27.7	31.111	45
P0DKL8	sp|Q06481|APLP2_HUMAN	4.57e-16	61.6	43.939	66
P0DKL8	sp|P05067|A4_HUMAN	3.81e-15	58.9	48.148	54
P0DKL8	sp|Q96NZ8|WFKN1_HUMAN	7.63e-15	58.2	47.059	51
P0DKL8	sp|Q96NZ8|WFKN1_HUMAN	2.96e-05	31.2	33.333	39
P0DKL8	sp|O43291|SPIT2_HUMAN	1.69e-14	56.6	44.231	52
P0DKL8	sp|O43291|SPIT2_HUMAN	2.63e-12	50.8	38.462	52
P0DKL8	sp|O43278|SPIT1_HUMAN	1.8e-14	57.0	52.174	46
P0DKL8	sp|O43278|SPIT1_HUMAN	1e-12	52.0	42.308	52
P0DKL8	sp|P49223|SPIT3_HUMAN	4e-14	53.1	38.889	54
P0DKL8	sp|O95428|PPN_HUMAN	6.69e-14	55.5	42.623	61
P0DKL8	sp|O95428|PPN_HUMAN	1.2	18.1	50.0	14
P0DKL8	sp|Q02388|CO7A1_HUMAN	6.87e-14	55.5	46.296	54
P0DKL8	sp|Q02388|CO7A1_HUMAN	4.6	16.5	42.857	14
P0DKL8	sp|Q02388|CO7A1_HUMAN	5.8	16.2	83.333	6
P0DKL8	sp|P02760|AMBP_HUMAN	1.1e-12	52.0	45.455	55
P0DKL8	sp|P02760|AMBP_HUMAN	4.61e-09	41.6	39.216	51
P0DKL8	sp|O95925|EPPI_HUMAN	4.2e-12	48.9	41.176	51
P0DKL8	sp|Q2UY09|COSA1_HUMAN	4.4e-12	50.4	36.538	52
P0DKL8	sp|Q6UDR6|SPIT4_HUMAN	1.71e-11	46.6	41.509	53
P0DKL8	sp|Q8IUA0|WFDC8_HUMAN	7.32e-09	41.2	38.462	52
P0DKL8	sp|Q9BQY6|WFDC6_HUMAN	2.21e-06	33.9	51.724	29
P0DL86	sp|Q06481|APLP2_HUMAN	9.97e-21	74.3	51.786	56
P0DL86	sp|Q8TEU8|WFKN2_HUMAN	1.75e-18	67.8	56.863	51
P0DL86	sp|Q8TEU8|WFKN2_HUMAN	2.1e-08	39.3	33.962	53
P0DL86	sp|P05067|A4_HUMAN	2.45e-18	67.4	59.091	44
P0DL86	sp|O95925|EPPI_HUMAN	4e-17	61.2	41.818	55
P0DL86	sp|P49223|SPIT3_HUMAN	3.95e-15	55.1	44.444	54
P0DL86	sp|P48307|TFPI2_HUMAN	4.21e-15	57.8	51.923	52
P0DL86	sp|P48307|TFPI2_HUMAN	8.2e-09	40.4	40.816	49
P0DL86	sp|P48307|TFPI2_HUMAN	0.023	22.3	27.083	48
P0DL86	sp|P10646|TFPI1_HUMAN	1.59e-14	56.6	54.545	44
P0DL86	sp|P10646|TFPI1_HUMAN	8.33e-13	51.6	48.889	45
P0DL86	sp|P10646|TFPI1_HUMAN	1.87e-11	48.1	46.154	52
P0DL86	sp|P10646|TFPI1_HUMAN	7.8	15.4	36.0	25
P0DL86	sp|P02760|AMBP_HUMAN	2.8e-14	55.8	49.02	51
P0DL86	sp|P02760|AMBP_HUMAN	4.97e-11	47.0	43.478	46
P0DL86	sp|O43291|SPIT2_HUMAN	4.59e-14	55.1	49.02	51
P0DL86	sp|O43291|SPIT2_HUMAN	5.41e-12	49.3	43.137	51
P0DL86	sp|P12111|CO6A3_HUMAN	9.67e-14	54.7	40.385	52
P0DL86	sp|Q96NZ8|WFKN1_HUMAN	2.64e-13	53.1	45.098	51
P0DL86	sp|Q96NZ8|WFKN1_HUMAN	5.53e-07	35.4	34.091	44
P0DL86	sp|Q02388|CO7A1_HUMAN	3.59e-13	52.8	50.0	54
P0DL86	sp|Q02388|CO7A1_HUMAN	8.7	15.4	50.0	12
P0DL86	sp|Q8IUA0|WFDC8_HUMAN	1.03e-11	48.5	47.059	51
P0DL86	sp|O95428|PPN_HUMAN	1.09e-11	48.5	39.623	53
P0DL86	sp|Q2UY09|COSA1_HUMAN	1.01e-10	45.8	35.294	51
P0DL86	sp|O43278|SPIT1_HUMAN	9.38e-10	43.1	38.182	55
P0DL86	sp|O43278|SPIT1_HUMAN	1.63e-09	42.4	40.385	52
P0DL86	sp|Q9BQY6|WFDC6_HUMAN	3.21e-07	35.4	46.875	32
P0DL86	sp|Q6UDR6|SPIT4_HUMAN	2.02e-06	33.1	30.952	42
P0DMJ2	sp|P48307|TFPI2_HUMAN	7.37e-18	65.1	54.717	53
P0DMJ2	sp|P48307|TFPI2_HUMAN	5.69e-10	43.9	42.553	47
P0DMJ2	sp|P48307|TFPI2_HUMAN	6.08e-05	29.6	35.185	54
P0DMJ2	sp|O43291|SPIT2_HUMAN	1.67e-16	61.6	48.148	54
P0DMJ2	sp|O43291|SPIT2_HUMAN	1.69e-12	50.8	39.623	53
P0DMJ2	sp|Q8TEU8|WFKN2_HUMAN	2.69e-15	58.9	46.154	52
P0DMJ2	sp|Q8TEU8|WFKN2_HUMAN	3.59e-08	38.9	35.088	57
P0DMJ2	sp|Q96NZ8|WFKN1_HUMAN	1.33e-14	57.0	42.593	54
P0DMJ2	sp|Q96NZ8|WFKN1_HUMAN	1.71e-06	34.3	32.203	59
P0DMJ2	sp|P10646|TFPI1_HUMAN	1.44e-14	56.6	49.02	51
P0DMJ2	sp|P10646|TFPI1_HUMAN	1.92e-14	56.2	45.098	51
P0DMJ2	sp|P10646|TFPI1_HUMAN	2.89e-13	53.1	49.02	51
P0DMJ2	sp|P49223|SPIT3_HUMAN	1.54e-14	53.5	43.137	51
P0DMJ2	sp|O43278|SPIT1_HUMAN	2.1e-14	56.2	49.02	51
P0DMJ2	sp|O43278|SPIT1_HUMAN	9.94e-14	54.7	43.103	58
P0DMJ2	sp|P12111|CO6A3_HUMAN	3.99e-14	55.5	41.176	51
P0DMJ2	sp|P02760|AMBP_HUMAN	5.27e-14	55.1	47.17	53
P0DMJ2	sp|P02760|AMBP_HUMAN	8.2e-12	48.9	43.137	51
P0DMJ2	sp|P05067|A4_HUMAN	1.82e-13	53.9	47.826	46
P0DMJ2	sp|Q06481|APLP2_HUMAN	3.86e-13	52.8	47.727	44
P0DMJ2	sp|O95925|EPPI_HUMAN	1.62e-12	49.7	41.176	51
P0DMJ2	sp|Q02388|CO7A1_HUMAN	2.51e-12	50.4	36.667	60
P0DMJ2	sp|Q6UDR6|SPIT4_HUMAN	2.98e-12	48.1	41.176	51
P0DMJ2	sp|Q8IUA0|WFDC8_HUMAN	3.04e-12	50.1	39.286	56
P0DMJ2	sp|Q8IUA0|WFDC8_HUMAN	7.9	15.4	23.077	52
P0DMJ2	sp|O95428|PPN_HUMAN	1.79e-11	48.1	43.137	51
P0DMJ2	sp|O95428|PPN_HUMAN	4.9	16.2	33.333	15
P0DMJ2	sp|Q2UY09|COSA1_HUMAN	2.04e-10	45.1	33.333	51
P0DMJ2	sp|Q9BQY6|WFDC6_HUMAN	1.66e-09	41.6	47.619	42
P0DMJ3	sp|P49223|SPIT3_HUMAN	2.83e-18	63.2	46.429	56
P0DMJ3	sp|P10646|TFPI1_HUMAN	5.61e-18	66.2	54.545	55
P0DMJ3	sp|P10646|TFPI1_HUMAN	1.18e-14	57.0	41.818	55
P0DMJ3	sp|P10646|TFPI1_HUMAN	6.64e-11	46.6	39.216	51
P0DMJ3	sp|O43291|SPIT2_HUMAN	5.43e-17	63.2	50.98	51
P0DMJ3	sp|O43291|SPIT2_HUMAN	1.84e-09	42.4	37.778	45
P0DMJ3	sp|Q8TEU8|WFKN2_HUMAN	9.49e-17	63.2	49.057	53
P0DMJ3	sp|Q8TEU8|WFKN2_HUMAN	6.14e-08	38.1	33.962	53
P0DMJ3	sp|Q06481|APLP2_HUMAN	1.55e-16	62.4	46.429	56
P0DMJ3	sp|P12111|CO6A3_HUMAN	2.24e-15	59.3	43.137	51
P0DMJ3	sp|P12111|CO6A3_HUMAN	0.51	18.9	43.75	16
P0DMJ3	sp|P12111|CO6A3_HUMAN	2.0	17.3	35.294	17
P0DMJ3	sp|P12111|CO6A3_HUMAN	2.6	16.9	54.545	11
P0DMJ3	sp|P12111|CO6A3_HUMAN	3.2	16.5	50.0	14
P0DMJ3	sp|P05067|A4_HUMAN	4.52e-15	58.2	47.826	46
P0DMJ3	sp|P48307|TFPI2_HUMAN	4.62e-15	57.8	50.98	51
P0DMJ3	sp|P48307|TFPI2_HUMAN	3.1e-13	52.8	43.137	51
P0DMJ3	sp|P48307|TFPI2_HUMAN	9.08e-06	32.0	36.207	58
P0DMJ3	sp|O43278|SPIT1_HUMAN	2.47e-14	56.2	45.283	53
P0DMJ3	sp|O43278|SPIT1_HUMAN	1.8e-13	53.5	46.154	52
P0DMJ3	sp|Q02388|CO7A1_HUMAN	3.74e-14	55.8	44.444	54
P0DMJ3	sp|O95428|PPN_HUMAN	2.54e-13	53.1	43.636	55
P0DMJ3	sp|O95428|PPN_HUMAN	4.9	16.2	36.0	25
P0DMJ3	sp|Q96NZ8|WFKN1_HUMAN	3.82e-13	52.8	45.098	51
P0DMJ3	sp|Q96NZ8|WFKN1_HUMAN	1.38e-06	34.3	32.143	56
P0DMJ3	sp|Q96NZ8|WFKN1_HUMAN	2.8	16.9	22.222	27
P0DMJ3	sp|O95925|EPPI_HUMAN	1.79e-12	49.3	40.385	52
P0DMJ3	sp|P02760|AMBP_HUMAN	2.24e-12	50.4	43.396	53
P0DMJ3	sp|P02760|AMBP_HUMAN	1.33e-10	45.4	39.623	53
P0DMJ3	sp|Q6UDR6|SPIT4_HUMAN	6.82e-12	47.0	43.137	51
P0DMJ3	sp|Q2UY09|COSA1_HUMAN	1.12e-10	45.8	33.333	51
P0DMJ3	sp|Q2UY09|COSA1_HUMAN	5.5	16.2	34.783	23
P0DMJ3	sp|Q8IUA0|WFDC8_HUMAN	9.02e-10	43.1	37.255	51
P0DMJ3	sp|Q9BQY6|WFDC6_HUMAN	1.07e-05	31.6	51.852	27
P0DMJ4	sp|P49223|SPIT3_HUMAN	1.73e-18	63.5	47.273	55
P0DMJ4	sp|Q06481|APLP2_HUMAN	6.7e-17	63.5	47.273	55
P0DMJ4	sp|O43291|SPIT2_HUMAN	8.54e-17	62.4	50.0	52
P0DMJ4	sp|O43291|SPIT2_HUMAN	5.68e-11	46.6	40.0	45
P0DMJ4	sp|Q8TEU8|WFKN2_HUMAN	9.13e-17	63.2	49.057	53
P0DMJ4	sp|Q8TEU8|WFKN2_HUMAN	2.46e-08	39.3	33.962	53
P0DMJ4	sp|P12111|CO6A3_HUMAN	1.42e-16	62.4	46.154	52
P0DMJ4	sp|P12111|CO6A3_HUMAN	0.51	18.9	43.75	16
P0DMJ4	sp|P12111|CO6A3_HUMAN	1.7	17.3	35.484	31
P0DMJ4	sp|P12111|CO6A3_HUMAN	3.2	16.5	50.0	14
P0DMJ4	sp|P10646|TFPI1_HUMAN	2.39e-16	61.6	53.704	54
P0DMJ4	sp|P10646|TFPI1_HUMAN	2.59e-13	53.1	40.741	54
P0DMJ4	sp|P10646|TFPI1_HUMAN	4.42e-13	52.4	40.385	52
P0DMJ4	sp|P48307|TFPI2_HUMAN	5.64e-16	60.1	50.98	51
P0DMJ4	sp|P48307|TFPI2_HUMAN	6.91e-12	48.9	41.176	51
P0DMJ4	sp|P48307|TFPI2_HUMAN	4.91e-07	35.4	37.288	59
P0DMJ4	sp|P05067|A4_HUMAN	9.28e-16	60.1	46.809	47
P0DMJ4	sp|Q96NZ8|WFKN1_HUMAN	1.33e-13	53.9	45.098	51
P0DMJ4	sp|Q96NZ8|WFKN1_HUMAN	5.47e-07	35.4	33.333	57
P0DMJ4	sp|Q96NZ8|WFKN1_HUMAN	2.8	16.9	22.222	27
P0DMJ4	sp|Q02388|CO7A1_HUMAN	3.84e-13	52.8	44.444	54
P0DMJ4	sp|Q02388|CO7A1_HUMAN	6.5	15.8	53.846	13
P0DMJ4	sp|O95925|EPPI_HUMAN	1.33e-12	49.7	41.176	51
P0DMJ4	sp|O43278|SPIT1_HUMAN	1.71e-12	50.8	42.308	52
P0DMJ4	sp|O43278|SPIT1_HUMAN	5.49e-12	49.7	43.137	51
P0DMJ4	sp|P02760|AMBP_HUMAN	1.91e-12	50.8	42.308	52
P0DMJ4	sp|P02760|AMBP_HUMAN	2.01e-12	50.8	43.396	53
P0DMJ4	sp|O95428|PPN_HUMAN	4.14e-12	50.1	42.593	54
P0DMJ4	sp|Q6UDR6|SPIT4_HUMAN	4.66e-12	47.4	40.385	52
P0DMJ4	sp|Q2UY09|COSA1_HUMAN	3.84e-10	44.3	33.333	51
P0DMJ4	sp|Q8IUA0|WFDC8_HUMAN	2.39e-09	42.0	35.294	51
P0DMJ4	sp|Q9BQY6|WFDC6_HUMAN	0.000105	28.9	50.0	26
P0DMJ6	sp|P10646|TFPI1_HUMAN	5.74e-17	63.5	44.828	58
P0DMJ6	sp|P10646|TFPI1_HUMAN	2.35e-15	58.9	46.154	52
P0DMJ6	sp|P10646|TFPI1_HUMAN	3.61e-13	52.8	45.283	53
P0DMJ6	sp|P49223|SPIT3_HUMAN	4.97e-15	55.1	43.137	51
P0DMJ6	sp|P12111|CO6A3_HUMAN	5.26e-15	58.2	40.351	57
P0DMJ6	sp|P12111|CO6A3_HUMAN	0.85	18.5	83.333	6
P0DMJ6	sp|P12111|CO6A3_HUMAN	4.9	16.2	66.667	6
P0DMJ6	sp|Q8TEU8|WFKN2_HUMAN	1.64e-14	57.0	50.98	51
P0DMJ6	sp|Q8TEU8|WFKN2_HUMAN	4.18e-06	33.1	30.189	53
P0DMJ6	sp|Q8TEU8|WFKN2_HUMAN	9.9	15.4	32.0	25
P0DMJ6	sp|P48307|TFPI2_HUMAN	3.64e-14	55.5	48.077	52
P0DMJ6	sp|P48307|TFPI2_HUMAN	4.01e-10	44.3	38.776	49
P0DMJ6	sp|P48307|TFPI2_HUMAN	0.000373	27.7	31.111	45
P0DMJ6	sp|O43291|SPIT2_HUMAN	4.59e-14	55.1	46.154	52
P0DMJ6	sp|O43291|SPIT2_HUMAN	2.11e-12	50.4	36.842	57
P0DMJ6	sp|P05067|A4_HUMAN	7.51e-14	55.1	48.936	47
P0DMJ6	sp|P02760|AMBP_HUMAN	1.27e-13	54.3	45.098	51
P0DMJ6	sp|P02760|AMBP_HUMAN	2e-12	50.8	39.216	51
P0DMJ6	sp|Q06481|APLP2_HUMAN	1.49e-13	54.3	38.889	54
P0DMJ6	sp|Q06481|APLP2_HUMAN	0.77	18.5	71.429	7
P0DMJ6	sp|Q02388|CO7A1_HUMAN	1.66e-12	51.2	44.444	54
P0DMJ6	sp|Q02388|CO7A1_HUMAN	1.2	18.1	71.429	7
P0DMJ6	sp|Q02388|CO7A1_HUMAN	9.7	15.4	62.5	8
P0DMJ6	sp|Q96NZ8|WFKN1_HUMAN	6.36e-12	49.7	45.098	51
P0DMJ6	sp|Q96NZ8|WFKN1_HUMAN	2.11e-05	31.2	34.091	44
P0DMJ6	sp|O95925|EPPI_HUMAN	1.08e-11	47.4	37.037	54
P0DMJ6	sp|O43278|SPIT1_HUMAN	1.57e-11	48.5	46.154	52
P0DMJ6	sp|O43278|SPIT1_HUMAN	1.38e-10	45.8	37.931	58
P0DMJ6	sp|Q2UY09|COSA1_HUMAN	4.83e-10	44.3	30.769	52
P0DMJ6	sp|O95428|PPN_HUMAN	1.67e-09	42.7	37.736	53
P0DMJ6	sp|Q8IUA0|WFDC8_HUMAN	5.52e-09	41.2	36.538	52
P0DMJ6	sp|Q6UDR6|SPIT4_HUMAN	1.04e-08	39.3	35.849	53
P0DMJ6	sp|Q9BQY6|WFDC6_HUMAN	0.000514	26.9	44.828	29
P0DMX0	sp|Q06481|APLP2_HUMAN	2.5e-20	73.6	52.632	57
P0DMX0	sp|P10646|TFPI1_HUMAN	1.03e-18	68.6	56.604	53
P0DMX0	sp|P10646|TFPI1_HUMAN	1.99e-14	56.6	51.923	52
P0DMX0	sp|P10646|TFPI1_HUMAN	2.8e-14	56.2	50.0	52
P0DMX0	sp|Q8TEU8|WFKN2_HUMAN	2.76e-18	67.8	52.727	55
P0DMX0	sp|Q8TEU8|WFKN2_HUMAN	3.44e-05	30.8	28.846	52
P0DMX0	sp|Q8TEU8|WFKN2_HUMAN	5.9	16.2	28.125	32
P0DMX0	sp|P12111|CO6A3_HUMAN	5.15e-18	67.0	43.103	58
P0DMX0	sp|P12111|CO6A3_HUMAN	0.84	18.5	44.444	9
P0DMX0	sp|P12111|CO6A3_HUMAN	8.3	15.8	55.556	9
P0DMX0	sp|O43291|SPIT2_HUMAN	8.99e-17	62.8	43.86	57
P0DMX0	sp|O43291|SPIT2_HUMAN	1.53e-14	56.6	40.909	66
P0DMX0	sp|Q96NZ8|WFKN1_HUMAN	2.35e-16	62.0	50.877	57
P0DMX0	sp|Q96NZ8|WFKN1_HUMAN	0.007	24.3	26.923	52
P0DMX0	sp|P49223|SPIT3_HUMAN	3.16e-16	58.2	49.057	53
P0DMX0	sp|P05067|A4_HUMAN	6.79e-16	60.8	48.936	47
P0DMX0	sp|O95428|PPN_HUMAN	7.76e-16	60.8	50.98	51
P0DMX0	sp|O95428|PPN_HUMAN	4.6	16.5	83.333	6
P0DMX0	sp|O95925|EPPI_HUMAN	4.97e-14	53.5	41.509	53
P0DMX0	sp|O43278|SPIT1_HUMAN	7.95e-14	55.1	40.351	57
P0DMX0	sp|O43278|SPIT1_HUMAN	1.53e-11	48.5	45.455	44
P0DMX0	sp|Q02388|CO7A1_HUMAN	2.12e-13	53.9	42.623	61
P0DMX0	sp|P48307|TFPI2_HUMAN	9.89e-13	51.6	40.741	54
P0DMX0	sp|P48307|TFPI2_HUMAN	4.37e-11	47.0	45.833	48
P0DMX0	sp|P48307|TFPI2_HUMAN	6.54e-07	35.4	35.849	53
P0DMX0	sp|P02760|AMBP_HUMAN	1.44e-12	51.2	49.02	51
P0DMX0	sp|P02760|AMBP_HUMAN	8.59e-12	49.3	47.17	53
P0DMX0	sp|Q2UY09|COSA1_HUMAN	2.24e-10	45.1	38.636	44
P0DMX0	sp|Q6UDR6|SPIT4_HUMAN	1.03e-08	39.3	35.714	56
P0DMX0	sp|Q8IUA0|WFDC8_HUMAN	1.07e-07	37.7	36.538	52
P0DMX0	sp|Q9BQY6|WFDC6_HUMAN	2.52e-06	33.5	48.387	31
P0DN06	sp|O43291|SPIT2_HUMAN	2.91e-19	70.1	46.377	69
P0DN06	sp|O43291|SPIT2_HUMAN	6.81e-13	53.1	40.678	59
P0DN06	sp|P48307|TFPI2_HUMAN	1.36e-18	68.2	56.863	51
P0DN06	sp|P48307|TFPI2_HUMAN	4.39e-11	48.1	46.809	47
P0DN06	sp|P48307|TFPI2_HUMAN	2.83e-06	34.7	36.066	61
P0DN06	sp|P10646|TFPI1_HUMAN	8.47e-18	67.0	56.863	51
P0DN06	sp|P10646|TFPI1_HUMAN	1.25e-15	60.8	49.02	51
P0DN06	sp|P10646|TFPI1_HUMAN	1.74e-14	57.8	50.98	51
P0DN06	sp|P12111|CO6A3_HUMAN	5.48e-17	65.1	50.0	52
P0DN06	sp|P12111|CO6A3_HUMAN	9.1	16.2	29.167	24
P0DN06	sp|Q8TEU8|WFKN2_HUMAN	1.45e-16	63.9	50.98	51
P0DN06	sp|Q8TEU8|WFKN2_HUMAN	1.01e-08	41.6	32.692	52
P0DN06	sp|Q8TEU8|WFKN2_HUMAN	0.096	21.9	35.294	34
P0DN06	sp|Q96NZ8|WFKN1_HUMAN	2.42e-16	63.2	49.057	53
P0DN06	sp|Q96NZ8|WFKN1_HUMAN	0.000167	29.6	33.333	36
P0DN06	sp|O43278|SPIT1_HUMAN	7.41e-16	61.6	50.98	51
P0DN06	sp|O43278|SPIT1_HUMAN	1.29e-14	58.2	44.828	58
P0DN06	sp|Q02388|CO7A1_HUMAN	1.27e-15	61.2	47.368	57
P0DN06	sp|P49223|SPIT3_HUMAN	1.63e-15	57.4	47.059	51
P0DN06	sp|Q06481|APLP2_HUMAN	2.1e-15	60.5	40.0	60
P0DN06	sp|Q6UDR6|SPIT4_HUMAN	3.32e-15	56.6	38.202	89
P0DN06	sp|P05067|A4_HUMAN	1.78e-14	57.8	48.936	47
P0DN06	sp|P02760|AMBP_HUMAN	2.49e-14	57.4	49.02	51
P0DN06	sp|P02760|AMBP_HUMAN	2.95e-12	51.6	41.509	53
P0DN06	sp|O95428|PPN_HUMAN	1.17e-13	55.5	47.059	51
P0DN06	sp|O95428|PPN_HUMAN	4.8	16.9	38.889	18
P0DN06	sp|O95925|EPPI_HUMAN	1.6e-11	48.1	32.836	67
P0DN06	sp|Q2UY09|COSA1_HUMAN	8e-11	47.4	33.333	51
P0DN06	sp|Q2UY09|COSA1_HUMAN	1.0	18.9	29.63	27
P0DN06	sp|Q8IUA0|WFDC8_HUMAN	1.77e-10	46.2	32.877	73
P0DN06	sp|Q9BQY6|WFDC6_HUMAN	1.04e-06	35.4	39.13	46
P0DN07	sp|O43291|SPIT2_HUMAN	3.81e-19	70.1	46.377	69
P0DN07	sp|O43291|SPIT2_HUMAN	3.72e-12	50.8	38.983	59
P0DN07	sp|Q06481|APLP2_HUMAN	3.56e-17	65.5	40.0	60
P0DN07	sp|P12111|CO6A3_HUMAN	5.87e-17	65.1	48.077	52
P0DN07	sp|P10646|TFPI1_HUMAN	6.5e-16	61.6	52.941	51
P0DN07	sp|P10646|TFPI1_HUMAN	8.6e-14	55.8	40.278	72
P0DN07	sp|P10646|TFPI1_HUMAN	3.18e-13	54.3	49.02	51
P0DN07	sp|P05067|A4_HUMAN	8.74e-16	61.6	53.333	45
P0DN07	sp|Q8TEU8|WFKN2_HUMAN	8.13e-15	58.9	46.429	56
P0DN07	sp|Q8TEU8|WFKN2_HUMAN	2.64e-06	34.7	28.302	53
P0DN07	sp|Q8TEU8|WFKN2_HUMAN	2.1	18.1	40.909	22
P0DN07	sp|Q96NZ8|WFKN1_HUMAN	2.4e-14	57.4	49.057	53
P0DN07	sp|Q96NZ8|WFKN1_HUMAN	0.000576	28.1	33.333	36
P0DN07	sp|Q96NZ8|WFKN1_HUMAN	3.3	17.3	55.556	9
P0DN07	sp|P48307|TFPI2_HUMAN	2.48e-14	57.0	52.941	51
P0DN07	sp|P48307|TFPI2_HUMAN	6.81e-12	50.1	51.064	47
P0DN07	sp|P48307|TFPI2_HUMAN	6.2e-05	30.8	35.294	51
P0DN07	sp|O43278|SPIT1_HUMAN	2.54e-14	57.4	53.333	45
P0DN07	sp|O43278|SPIT1_HUMAN	1.72e-13	55.1	43.86	57
P0DN07	sp|P02760|AMBP_HUMAN	6.03e-14	56.2	44.444	63
P0DN07	sp|P02760|AMBP_HUMAN	1.9e-11	49.3	43.396	53
P0DN07	sp|P49223|SPIT3_HUMAN	1.18e-13	52.4	45.098	51
P0DN07	sp|Q02388|CO7A1_HUMAN	4.9e-13	53.9	45.614	57
P0DN07	sp|O95925|EPPI_HUMAN	6.98e-13	51.6	37.313	67
P0DN07	sp|O95428|PPN_HUMAN	9.39e-13	53.1	45.098	51
P0DN07	sp|Q6UDR6|SPIT4_HUMAN	2.18e-10	44.3	39.189	74
P0DN07	sp|Q2UY09|COSA1_HUMAN	4.3e-09	42.7	34.091	44
P0DN07	sp|Q8IUA0|WFDC8_HUMAN	7.95e-09	41.6	32.877	73
P0DN07	sp|Q8IUA0|WFDC8_HUMAN	9.8	16.2	33.333	15
P0DN07	sp|Q9BQY6|WFDC6_HUMAN	1.63e-05	32.0	34.783	46
P0DN08	sp|Q06481|APLP2_HUMAN	3.21e-19	71.2	43.333	60
P0DN08	sp|O43291|SPIT2_HUMAN	1.15e-18	68.6	44.928	69
P0DN08	sp|O43291|SPIT2_HUMAN	1.76e-14	57.4	44.068	59
P0DN08	sp|P12111|CO6A3_HUMAN	1.46e-18	69.7	51.923	52
P0DN08	sp|P12111|CO6A3_HUMAN	9.1	16.2	29.167	24
P0DN08	sp|Q8TEU8|WFKN2_HUMAN	9.7e-18	67.0	50.0	56
P0DN08	sp|Q8TEU8|WFKN2_HUMAN	8.65e-06	33.1	28.302	53
P0DN08	sp|Q8TEU8|WFKN2_HUMAN	6.6	16.5	34.375	32
P0DN08	sp|P05067|A4_HUMAN	2.53e-17	65.9	55.556	45
P0DN08	sp|Q96NZ8|WFKN1_HUMAN	3.34e-17	65.5	52.83	53
P0DN08	sp|Q96NZ8|WFKN1_HUMAN	2.8e-05	32.0	32.075	53
P0DN08	sp|P48307|TFPI2_HUMAN	3.74e-17	64.3	54.902	51
P0DN08	sp|P48307|TFPI2_HUMAN	1.64e-11	49.3	48.936	47
P0DN08	sp|P48307|TFPI2_HUMAN	0.00014	29.6	35.294	51
P0DN08	sp|P10646|TFPI1_HUMAN	2.27e-16	62.8	54.902	51
P0DN08	sp|P10646|TFPI1_HUMAN	8.26e-16	61.2	41.667	72
P0DN08	sp|P10646|TFPI1_HUMAN	1.67e-12	52.0	49.02	51
P0DN08	sp|P49223|SPIT3_HUMAN	3.05e-16	58.9	49.02	51
P0DN08	sp|Q02388|CO7A1_HUMAN	1.22e-14	58.5	47.368	57
P0DN08	sp|O95925|EPPI_HUMAN	1.48e-14	55.8	38.806	67
P0DN08	sp|P02760|AMBP_HUMAN	2.83e-14	57.4	46.032	63
P0DN08	sp|P02760|AMBP_HUMAN	5.81e-13	53.5	45.283	53
P0DN08	sp|O43278|SPIT1_HUMAN	3.24e-13	54.3	51.111	45
P0DN08	sp|O43278|SPIT1_HUMAN	1.07e-12	52.8	43.86	57
P0DN08	sp|Q6UDR6|SPIT4_HUMAN	1.12e-12	50.1	37.079	89
P0DN08	sp|O95428|PPN_HUMAN	1.53e-12	52.4	45.098	51
P0DN08	sp|Q2UY09|COSA1_HUMAN	2.36e-09	43.5	34.091	44
P0DN08	sp|Q2UY09|COSA1_HUMAN	4.7	16.9	29.63	27
P0DN08	sp|Q2UY09|COSA1_HUMAN	9.4	16.2	50.0	14
P0DN08	sp|Q8IUA0|WFDC8_HUMAN	1.37e-08	41.2	36.842	57
P0DN08	sp|Q9BQY6|WFDC6_HUMAN	5.56e-06	33.1	41.463	41
P0DN09	sp|O43291|SPIT2_HUMAN	1.52e-18	68.2	44.928	69
P0DN09	sp|O43291|SPIT2_HUMAN	1.71e-15	60.1	45.763	59
P0DN09	sp|Q8TEU8|WFKN2_HUMAN	3.99e-18	68.2	50.0	56
P0DN09	sp|Q8TEU8|WFKN2_HUMAN	5.73e-06	33.9	28.302	53
P0DN09	sp|Q8TEU8|WFKN2_HUMAN	7.4	16.5	34.375	32
P0DN09	sp|Q06481|APLP2_HUMAN	5.64e-18	67.8	41.667	60
P0DN09	sp|Q96NZ8|WFKN1_HUMAN	1.61e-17	66.6	52.83	53
P0DN09	sp|Q96NZ8|WFKN1_HUMAN	2.91e-05	32.0	32.075	53
P0DN09	sp|P12111|CO6A3_HUMAN	2.11e-17	66.2	50.0	52
P0DN09	sp|P12111|CO6A3_HUMAN	9.1	16.2	29.167	24
P0DN09	sp|P48307|TFPI2_HUMAN	2.27e-17	65.1	54.902	51
P0DN09	sp|P48307|TFPI2_HUMAN	2.25e-10	45.8	46.809	47
P0DN09	sp|P48307|TFPI2_HUMAN	8.57e-05	30.4	35.294	51
P0DN09	sp|P10646|TFPI1_HUMAN	1.47e-16	63.5	54.902	51
P0DN09	sp|P10646|TFPI1_HUMAN	5.16e-16	62.0	41.667	72
P0DN09	sp|P10646|TFPI1_HUMAN	2.08e-11	48.9	47.059	51
P0DN09	sp|P05067|A4_HUMAN	3.67e-16	62.8	53.333	45
P0DN09	sp|P49223|SPIT3_HUMAN	3.98e-15	56.2	47.059	51
P0DN09	sp|O95925|EPPI_HUMAN	5.51e-15	57.0	38.806	67
P0DN09	sp|P02760|AMBP_HUMAN	1.3e-14	58.2	46.032	63
P0DN09	sp|P02760|AMBP_HUMAN	1.9e-13	55.1	45.283	53
P0DN09	sp|Q02388|CO7A1_HUMAN	8.61e-14	55.8	45.614	57
P0DN09	sp|O43278|SPIT1_HUMAN	1.99e-13	55.1	51.111	45
P0DN09	sp|O43278|SPIT1_HUMAN	5.89e-13	53.5	43.86	57
P0DN09	sp|O95428|PPN_HUMAN	8.27e-13	53.1	45.098	51
P0DN09	sp|Q6UDR6|SPIT4_HUMAN	1.53e-12	50.1	37.079	89
P0DN09	sp|Q2UY09|COSA1_HUMAN	1.54e-09	43.9	34.091	44
P0DN09	sp|Q2UY09|COSA1_HUMAN	1.3	18.5	29.63	27
P0DN09	sp|Q2UY09|COSA1_HUMAN	8.2	16.2	50.0	14
P0DN09	sp|Q8IUA0|WFDC8_HUMAN	9.59e-09	41.6	36.842	57
P0DN09	sp|Q9BQY6|WFDC6_HUMAN	1.63e-06	34.7	41.463	41
P0DN10	sp|P12111|CO6A3_HUMAN	1.86e-17	66.2	50.0	52
P0DN10	sp|P12111|CO6A3_HUMAN	9.1	16.2	29.167	24
P0DN10	sp|P48307|TFPI2_HUMAN	2.29e-17	65.1	54.902	51
P0DN10	sp|P48307|TFPI2_HUMAN	1.95e-10	46.2	46.809	47
P0DN10	sp|P48307|TFPI2_HUMAN	4.31e-05	31.2	35.294	51
P0DN10	sp|Q8TEU8|WFKN2_HUMAN	2.89e-17	65.9	50.98	51
P0DN10	sp|Q8TEU8|WFKN2_HUMAN	4.75e-06	33.9	28.302	53
P0DN10	sp|O43291|SPIT2_HUMAN	3.7e-17	64.7	43.478	69
P0DN10	sp|O43291|SPIT2_HUMAN	2.99e-14	56.6	42.373	59
P0DN10	sp|Q06481|APLP2_HUMAN	1.33e-16	63.9	40.0	60
P0DN10	sp|Q96NZ8|WFKN1_HUMAN	1.89e-16	63.5	50.943	53
P0DN10	sp|Q96NZ8|WFKN1_HUMAN	4.23e-05	31.2	32.075	53
P0DN10	sp|P10646|TFPI1_HUMAN	1.91e-16	63.2	41.667	72
P0DN10	sp|P10646|TFPI1_HUMAN	2.61e-16	62.8	54.902	51
P0DN10	sp|P10646|TFPI1_HUMAN	1.35e-11	49.7	47.059	51
P0DN10	sp|P05067|A4_HUMAN	5.63e-16	62.0	53.333	45
P0DN10	sp|O95925|EPPI_HUMAN	6.06e-15	57.0	38.806	67
P0DN10	sp|P49223|SPIT3_HUMAN	7.48e-15	55.5	47.059	51
P0DN10	sp|P02760|AMBP_HUMAN	2.46e-14	57.4	46.032	63
P0DN10	sp|P02760|AMBP_HUMAN	1.02e-13	55.5	45.283	53
P0DN10	sp|Q02388|CO7A1_HUMAN	8.53e-14	55.8	45.614	57
P0DN10	sp|O95428|PPN_HUMAN	6.35e-13	53.5	45.098	51
P0DN10	sp|Q6UDR6|SPIT4_HUMAN	1.88e-12	49.7	37.079	89
P0DN10	sp|O43278|SPIT1_HUMAN	2.9e-12	51.6	48.889	45
P0DN10	sp|O43278|SPIT1_HUMAN	8.16e-12	50.4	42.105	57
P0DN10	sp|Q2UY09|COSA1_HUMAN	2.48e-09	43.1	34.091	44
P0DN10	sp|Q2UY09|COSA1_HUMAN	1.3	18.5	29.63	27
P0DN10	sp|Q2UY09|COSA1_HUMAN	8.2	16.2	50.0	14
P0DN10	sp|Q8IUA0|WFDC8_HUMAN	5.79e-09	42.0	36.842	57
P0DN10	sp|Q9BQY6|WFDC6_HUMAN	7.96e-06	32.7	48.387	31
P0DN11	sp|O43291|SPIT2_HUMAN	4.64e-19	69.7	46.377	69
P0DN11	sp|O43291|SPIT2_HUMAN	2.76e-15	59.7	45.763	59
P0DN11	sp|Q8TEU8|WFKN2_HUMAN	4.07e-18	68.2	50.0	56
P0DN11	sp|Q8TEU8|WFKN2_HUMAN	2.83e-06	34.7	28.302	53
P0DN11	sp|Q8TEU8|WFKN2_HUMAN	1.4	18.5	34.375	32
P0DN11	sp|Q96NZ8|WFKN1_HUMAN	8.03e-18	67.4	52.83	53
P0DN11	sp|Q96NZ8|WFKN1_HUMAN	0.000105	30.0	32.075	53
P0DN11	sp|Q06481|APLP2_HUMAN	9.09e-18	67.4	41.667	60
P0DN11	sp|P48307|TFPI2_HUMAN	3.86e-17	64.3	54.902	51
P0DN11	sp|P48307|TFPI2_HUMAN	2.32e-10	45.8	46.809	47
P0DN11	sp|P48307|TFPI2_HUMAN	1.35e-05	32.7	37.255	51
P0DN11	sp|P12111|CO6A3_HUMAN	5.22e-17	65.1	50.0	52
P0DN11	sp|P12111|CO6A3_HUMAN	9.1	16.2	29.167	24
P0DN11	sp|P10646|TFPI1_HUMAN	2.33e-16	62.8	54.902	51
P0DN11	sp|P10646|TFPI1_HUMAN	4.35e-16	62.0	41.667	72
P0DN11	sp|P10646|TFPI1_HUMAN	3.95e-12	51.2	47.059	51
P0DN11	sp|P05067|A4_HUMAN	1.41e-15	60.8	53.333	45
P0DN11	sp|P49223|SPIT3_HUMAN	3e-15	56.6	47.059	51
P0DN11	sp|P02760|AMBP_HUMAN	1.06e-14	58.5	50.98	51
P0DN11	sp|P02760|AMBP_HUMAN	2.87e-13	54.3	45.283	53
P0DN11	sp|Q6UDR6|SPIT4_HUMAN	2.67e-14	54.3	38.202	89
P0DN11	sp|O95925|EPPI_HUMAN	5.83e-14	54.3	37.313	67
P0DN11	sp|Q02388|CO7A1_HUMAN	8.28e-14	55.8	45.614	57
P0DN11	sp|O43278|SPIT1_HUMAN	3.41e-13	54.3	51.111	45
P0DN11	sp|O43278|SPIT1_HUMAN	3.68e-13	54.3	45.614	57
P0DN11	sp|O95428|PPN_HUMAN	9.48e-13	53.1	45.098	51
P0DN11	sp|O95428|PPN_HUMAN	6.6	16.5	50.0	12
P0DN11	sp|Q2UY09|COSA1_HUMAN	3.5e-09	42.7	34.091	44
P0DN11	sp|Q2UY09|COSA1_HUMAN	1.3	18.5	29.63	27
P0DN11	sp|Q2UY09|COSA1_HUMAN	8.2	16.2	50.0	14
P0DN11	sp|Q8IUA0|WFDC8_HUMAN	8.19e-09	41.6	36.842	57
P0DN11	sp|Q9BQY6|WFDC6_HUMAN	3.5e-06	33.9	40.476	42
P0DN12	sp|O43291|SPIT2_HUMAN	1.24e-19	71.2	44.928	69
P0DN12	sp|O43291|SPIT2_HUMAN	1e-11	49.7	37.288	59
P0DN12	sp|P12111|CO6A3_HUMAN	9.85e-18	67.0	51.923	52
P0DN12	sp|P48307|TFPI2_HUMAN	1.73e-17	65.5	54.902	51
P0DN12	sp|P48307|TFPI2_HUMAN	9.9e-12	49.7	44.681	47
P0DN12	sp|P48307|TFPI2_HUMAN	4.37e-06	33.9	34.426	61
P0DN12	sp|P49223|SPIT3_HUMAN	1.32e-16	60.1	47.059	51
P0DN12	sp|Q8TEU8|WFKN2_HUMAN	2.95e-16	62.8	49.02	51
P0DN12	sp|Q8TEU8|WFKN2_HUMAN	1.13e-07	38.5	30.769	52
P0DN12	sp|Q8TEU8|WFKN2_HUMAN	0.19	21.2	35.294	34
P0DN12	sp|P02760|AMBP_HUMAN	3.49e-16	62.8	50.98	51
P0DN12	sp|P02760|AMBP_HUMAN	8.35e-13	53.1	43.396	53
P0DN12	sp|P10646|TFPI1_HUMAN	7.78e-16	61.6	52.941	51
P0DN12	sp|P10646|TFPI1_HUMAN	3.03e-15	59.7	52.941	51
P0DN12	sp|P10646|TFPI1_HUMAN	1.59e-13	55.1	45.098	51
P0DN12	sp|O43278|SPIT1_HUMAN	8.91e-16	61.6	47.059	51
P0DN12	sp|O43278|SPIT1_HUMAN	5.07e-14	56.6	43.103	58
P0DN12	sp|Q6UDR6|SPIT4_HUMAN	9.64e-16	58.2	41.667	84
P0DN12	sp|Q02388|CO7A1_HUMAN	2.15e-15	60.5	45.614	57
P0DN12	sp|Q06481|APLP2_HUMAN	4.04e-15	59.7	40.0	60
P0DN12	sp|Q96NZ8|WFKN1_HUMAN	5.38e-15	59.3	45.283	53
P0DN12	sp|Q96NZ8|WFKN1_HUMAN	0.002	26.6	30.556	36
P0DN12	sp|O95428|PPN_HUMAN	2.93e-14	57.4	47.059	51
P0DN12	sp|O95428|PPN_HUMAN	4.5	16.9	38.889	18
P0DN12	sp|O95428|PPN_HUMAN	9.7	16.2	54.545	11
P0DN12	sp|P05067|A4_HUMAN	3.78e-14	57.0	46.809	47
P0DN12	sp|O95925|EPPI_HUMAN	4.81e-12	49.3	34.328	67
P0DN12	sp|Q2UY09|COSA1_HUMAN	2.38e-11	48.9	35.294	51
P0DN12	sp|Q8IUA0|WFDC8_HUMAN	2.57e-11	48.5	32.877	73
P0DN12	sp|Q9BQY6|WFDC6_HUMAN	1.97e-06	34.7	39.13	46
P0DN13	sp|P12111|CO6A3_HUMAN	5.03e-18	68.2	50.0	52
P0DN13	sp|P12111|CO6A3_HUMAN	9.1	16.2	29.167	24
P0DN13	sp|O43291|SPIT2_HUMAN	9.01e-18	66.2	44.928	69
P0DN13	sp|O43291|SPIT2_HUMAN	9.48e-11	47.0	37.288	59
P0DN13	sp|P10646|TFPI1_HUMAN	1.18e-17	66.6	54.902	51
P0DN13	sp|P10646|TFPI1_HUMAN	7.16e-15	58.9	52.941	51
P0DN13	sp|P10646|TFPI1_HUMAN	1.21e-14	58.2	49.02	51
P0DN13	sp|P48307|TFPI2_HUMAN	1.2e-17	65.9	56.863	51
P0DN13	sp|P48307|TFPI2_HUMAN	1.62e-12	52.0	51.064	47
P0DN13	sp|P48307|TFPI2_HUMAN	9.18e-05	30.4	34.426	61
P0DN13	sp|P49223|SPIT3_HUMAN	3.08e-16	58.9	49.02	51
P0DN13	sp|Q02388|CO7A1_HUMAN	8.67e-16	61.6	49.123	57
P0DN13	sp|Q06481|APLP2_HUMAN	1.28e-15	61.2	40.0	60
P0DN13	sp|P05067|A4_HUMAN	1.33e-15	61.2	51.064	47
P0DN13	sp|Q8TEU8|WFKN2_HUMAN	6.37e-15	59.3	50.98	51
P0DN13	sp|Q8TEU8|WFKN2_HUMAN	1.23e-07	38.5	32.692	52
P0DN13	sp|Q8TEU8|WFKN2_HUMAN	3.5	17.3	37.5	24
P0DN13	sp|Q96NZ8|WFKN1_HUMAN	6.8e-15	58.9	49.057	53
P0DN13	sp|Q96NZ8|WFKN1_HUMAN	0.000151	29.6	33.333	36
P0DN13	sp|O43278|SPIT1_HUMAN	2.39e-14	57.4	50.98	51
P0DN13	sp|O43278|SPIT1_HUMAN	1.46e-13	55.5	43.103	58
P0DN13	sp|P02760|AMBP_HUMAN	2.55e-13	54.7	44.444	63
P0DN13	sp|P02760|AMBP_HUMAN	4.62e-11	48.1	41.509	53
P0DN13	sp|O95428|PPN_HUMAN	4.69e-13	53.9	47.059	51
P0DN13	sp|O95428|PPN_HUMAN	4.8	16.9	38.889	18
P0DN13	sp|Q6UDR6|SPIT4_HUMAN	2.8e-12	49.3	35.955	89
P0DN13	sp|O95925|EPPI_HUMAN	3.95e-11	47.0	34.328	67
P0DN13	sp|Q2UY09|COSA1_HUMAN	5.91e-11	47.8	33.333	51
P0DN13	sp|Q8IUA0|WFDC8_HUMAN	2.23e-10	46.2	32.877	73
P0DN13	sp|Q9BQY6|WFDC6_HUMAN	4.38e-05	30.8	34.783	46
P0DN14	sp|P12111|CO6A3_HUMAN	1.6e-17	66.6	50.0	52
P0DN14	sp|P12111|CO6A3_HUMAN	9.1	16.2	29.167	24
P0DN14	sp|Q96NZ8|WFKN1_HUMAN	3.18e-17	65.9	52.83	53
P0DN14	sp|Q96NZ8|WFKN1_HUMAN	6.2e-05	30.8	32.075	53
P0DN14	sp|P10646|TFPI1_HUMAN	5.48e-17	64.7	56.863	51
P0DN14	sp|P10646|TFPI1_HUMAN	6.37e-16	61.6	40.278	72
P0DN14	sp|P10646|TFPI1_HUMAN	4.81e-11	48.1	45.098	51
P0DN14	sp|P48307|TFPI2_HUMAN	7.65e-17	63.5	52.941	51
P0DN14	sp|P48307|TFPI2_HUMAN	6.35e-10	44.7	44.681	47
P0DN14	sp|P48307|TFPI2_HUMAN	7.72e-06	33.1	37.255	51
P0DN14	sp|Q8TEU8|WFKN2_HUMAN	8.05e-17	64.7	49.02	51
P0DN14	sp|Q8TEU8|WFKN2_HUMAN	6.25e-06	33.5	28.302	53
P0DN14	sp|O43291|SPIT2_HUMAN	1.16e-16	63.2	42.029	69
P0DN14	sp|O43291|SPIT2_HUMAN	9.4e-14	55.5	40.678	59
P0DN14	sp|Q06481|APLP2_HUMAN	4.04e-16	62.4	38.333	60
P0DN14	sp|P05067|A4_HUMAN	2.02e-15	60.5	51.111	45
P0DN14	sp|P02760|AMBP_HUMAN	6.34e-15	58.9	47.619	63
P0DN14	sp|P02760|AMBP_HUMAN	4.37e-13	53.9	43.396	53
P0DN14	sp|P49223|SPIT3_HUMAN	1.52e-14	54.7	47.059	51
P0DN14	sp|O95925|EPPI_HUMAN	2.3e-14	55.5	37.313	67
P0DN14	sp|O43278|SPIT1_HUMAN	5.77e-13	53.5	51.111	45
P0DN14	sp|O43278|SPIT1_HUMAN	1.38e-11	49.7	42.105	57
P0DN14	sp|O95428|PPN_HUMAN	6.23e-13	53.5	45.098	51
P0DN14	sp|Q02388|CO7A1_HUMAN	6.38e-13	53.5	43.86	57
P0DN14	sp|Q6UDR6|SPIT4_HUMAN	2.65e-12	49.3	37.079	89
P0DN14	sp|Q2UY09|COSA1_HUMAN	5.65e-09	42.4	34.091	44
P0DN14	sp|Q2UY09|COSA1_HUMAN	1.4	18.5	29.63	27
P0DN14	sp|Q2UY09|COSA1_HUMAN	9.2	16.2	50.0	14
P0DN14	sp|Q8IUA0|WFDC8_HUMAN	5.68e-09	42.0	36.842	57
P0DN14	sp|Q9BQY6|WFDC6_HUMAN	8.73e-06	32.7	48.387	31
P0DN16	sp|O43291|SPIT2_HUMAN	5.1e-17	64.3	48.387	62
P0DN16	sp|O43291|SPIT2_HUMAN	1.09e-12	52.8	44.231	52
P0DN16	sp|Q06481|APLP2_HUMAN	1.23e-15	61.2	36.842	76
P0DN16	sp|Q8TEU8|WFKN2_HUMAN	3.24e-15	60.1	48.214	56
P0DN16	sp|Q8TEU8|WFKN2_HUMAN	2.1e-07	38.1	31.034	58
P0DN16	sp|Q8TEU8|WFKN2_HUMAN	9.4	16.2	38.889	18
P0DN16	sp|P12111|CO6A3_HUMAN	5.78e-15	59.7	47.059	51
P0DN16	sp|P12111|CO6A3_HUMAN	3.6	17.7	46.667	15
P0DN16	sp|O43278|SPIT1_HUMAN	3.03e-14	57.4	47.17	53
P0DN16	sp|O43278|SPIT1_HUMAN	4.53e-13	53.9	47.826	46
P0DN16	sp|O95428|PPN_HUMAN	6.58e-14	56.6	47.458	59
P0DN16	sp|P10646|TFPI1_HUMAN	7.9e-14	56.2	47.059	51
P0DN16	sp|P10646|TFPI1_HUMAN	8.14e-14	56.2	52.941	51
P0DN16	sp|P10646|TFPI1_HUMAN	1.42e-10	47.0	43.137	51
P0DN16	sp|Q96NZ8|WFKN1_HUMAN	1.7e-13	55.5	47.273	55
P0DN16	sp|Q96NZ8|WFKN1_HUMAN	0.002	26.6	31.429	35
P0DN16	sp|P48307|TFPI2_HUMAN	2.01e-13	54.7	50.0	52
P0DN16	sp|P48307|TFPI2_HUMAN	6.51e-12	50.4	51.064	47
P0DN16	sp|P48307|TFPI2_HUMAN	0.000742	27.7	36.207	58
P0DN16	sp|P02760|AMBP_HUMAN	1.07e-12	53.1	47.059	51
P0DN16	sp|P02760|AMBP_HUMAN	3.87e-10	45.8	42.593	54
P0DN16	sp|P05067|A4_HUMAN	4.25e-12	51.2	45.455	44
P0DN16	sp|Q02388|CO7A1_HUMAN	1.17e-11	50.1	41.667	60
P0DN16	sp|O95925|EPPI_HUMAN	2.81e-11	47.4	36.62	71
P0DN16	sp|P49223|SPIT3_HUMAN	3.62e-11	46.2	41.176	51
P0DN16	sp|Q6UDR6|SPIT4_HUMAN	2.23e-10	44.7	41.27	63
P0DN16	sp|Q6UDR6|SPIT4_HUMAN	3.7	16.9	47.059	17
P0DN16	sp|Q2UY09|COSA1_HUMAN	8.25e-09	42.0	35.294	51
P0DN16	sp|Q8IUA0|WFDC8_HUMAN	8.95e-09	41.6	33.824	68
P0DN16	sp|Q9BQY6|WFDC6_HUMAN	4.46e-05	30.8	31.481	54
P0DN17	sp|O43291|SPIT2_HUMAN	3.33e-18	67.4	46.377	69
P0DN17	sp|O43291|SPIT2_HUMAN	4.44e-14	56.2	44.068	59
P0DN17	sp|Q8TEU8|WFKN2_HUMAN	3.22e-17	65.5	50.0	56
P0DN17	sp|Q8TEU8|WFKN2_HUMAN	3e-06	34.7	28.302	53
P0DN17	sp|Q8TEU8|WFKN2_HUMAN	7.3	16.5	36.364	22
P0DN17	sp|Q96NZ8|WFKN1_HUMAN	4.6e-17	65.1	52.83	53
P0DN17	sp|Q96NZ8|WFKN1_HUMAN	8.82e-05	30.4	32.075	53
P0DN17	sp|P12111|CO6A3_HUMAN	7.64e-17	64.7	50.0	52
P0DN17	sp|P12111|CO6A3_HUMAN	9.1	16.2	29.167	24
P0DN17	sp|Q06481|APLP2_HUMAN	1.14e-16	63.9	40.0	60
P0DN17	sp|P10646|TFPI1_HUMAN	1.46e-16	63.5	54.902	51
P0DN17	sp|P10646|TFPI1_HUMAN	4.66e-15	59.3	40.278	72
P0DN17	sp|P10646|TFPI1_HUMAN	2.74e-12	51.6	47.059	51
P0DN17	sp|P48307|TFPI2_HUMAN	2.49e-16	62.4	54.902	51
P0DN17	sp|P48307|TFPI2_HUMAN	2.83e-10	45.8	46.809	47
P0DN17	sp|P48307|TFPI2_HUMAN	4.44e-05	31.2	37.255	51
P0DN17	sp|P49223|SPIT3_HUMAN	4.48e-15	56.2	47.059	51
P0DN17	sp|P05067|A4_HUMAN	4.82e-15	59.3	53.333	45
P0DN17	sp|P02760|AMBP_HUMAN	5.01e-15	59.3	50.98	51
P0DN17	sp|P02760|AMBP_HUMAN	2.27e-13	54.7	45.283	53
P0DN17	sp|Q6UDR6|SPIT4_HUMAN	2.04e-13	52.0	38.202	89
P0DN17	sp|O43278|SPIT1_HUMAN	3.83e-13	53.9	45.614	57
P0DN17	sp|O43278|SPIT1_HUMAN	2.1e-12	52.0	51.111	45
P0DN17	sp|Q02388|CO7A1_HUMAN	5.68e-13	53.5	45.614	57
P0DN17	sp|O95925|EPPI_HUMAN	6.48e-13	51.6	37.313	67
P0DN17	sp|O95428|PPN_HUMAN	1.81e-12	52.4	45.098	51
P0DN17	sp|O95428|PPN_HUMAN	7.0	16.5	50.0	12
P0DN17	sp|Q2UY09|COSA1_HUMAN	5.17e-09	42.4	34.091	44
P0DN17	sp|Q2UY09|COSA1_HUMAN	7.9	16.5	29.63	27
P0DN17	sp|Q2UY09|COSA1_HUMAN	8.5	16.2	50.0	14
P0DN17	sp|Q8IUA0|WFDC8_HUMAN	5.3e-09	42.4	36.842	57
P0DN17	sp|Q9BQY6|WFDC6_HUMAN	3.65e-05	31.2	38.095	42
P0DN18	sp|P12111|CO6A3_HUMAN	3.82e-18	68.2	50.0	52
P0DN18	sp|P12111|CO6A3_HUMAN	9.1	16.2	29.167	24
P0DN18	sp|O43291|SPIT2_HUMAN	1.01e-17	66.2	44.928	69
P0DN18	sp|O43291|SPIT2_HUMAN	7.54e-11	47.4	37.288	59
P0DN18	sp|P10646|TFPI1_HUMAN	7.96e-17	64.3	52.941	51
P0DN18	sp|P10646|TFPI1_HUMAN	4.04e-14	56.6	40.278	72
P0DN18	sp|P10646|TFPI1_HUMAN	4.28e-13	53.9	49.02	51
P0DN18	sp|Q06481|APLP2_HUMAN	8.16e-17	64.7	40.0	60
P0DN18	sp|Q8TEU8|WFKN2_HUMAN	1.2e-15	61.2	48.214	56
P0DN18	sp|Q8TEU8|WFKN2_HUMAN	1.15e-05	32.7	28.302	53
P0DN18	sp|P05067|A4_HUMAN	2.04e-15	60.5	53.333	45
P0DN18	sp|P48307|TFPI2_HUMAN	3.32e-15	59.3	54.902	51
P0DN18	sp|P48307|TFPI2_HUMAN	1.24e-12	52.4	51.064	47
P0DN18	sp|P48307|TFPI2_HUMAN	0.000363	28.5	36.17	47
P0DN18	sp|Q96NZ8|WFKN1_HUMAN	3.4e-15	60.1	50.943	53
P0DN18	sp|Q96NZ8|WFKN1_HUMAN	0.000164	29.6	33.333	36
P0DN18	sp|P49223|SPIT3_HUMAN	1.29e-14	55.1	47.059	51
P0DN18	sp|Q02388|CO7A1_HUMAN	4.79e-14	56.6	47.368	57
P0DN18	sp|O43278|SPIT1_HUMAN	2.01e-13	54.7	43.86	57
P0DN18	sp|O43278|SPIT1_HUMAN	1.3e-11	49.7	48.889	45
P0DN18	sp|P02760|AMBP_HUMAN	2.76e-13	54.3	44.444	63
P0DN18	sp|P02760|AMBP_HUMAN	7.86e-12	50.4	43.396	53
P0DN18	sp|O95428|PPN_HUMAN	2.42e-12	52.0	45.098	51
P0DN18	sp|O95925|EPPI_HUMAN	3.41e-11	47.0	35.821	67
P0DN18	sp|Q6UDR6|SPIT4_HUMAN	8.92e-11	45.4	35.955	89
P0DN18	sp|Q2UY09|COSA1_HUMAN	1.65e-09	43.9	34.091	44
P0DN18	sp|Q8IUA0|WFDC8_HUMAN	7.06e-09	42.0	36.842	57
P0DN18	sp|Q9BQY6|WFDC6_HUMAN	2.74e-05	31.6	35.185	54
P0DQQ9	sp|Q06481|APLP2_HUMAN	9.94e-18	65.5	50.98	51
P0DQQ9	sp|O43291|SPIT2_HUMAN	1.75e-16	61.2	47.059	51
P0DQQ9	sp|O43291|SPIT2_HUMAN	1.03e-13	53.9	45.098	51
P0DQQ9	sp|P10646|TFPI1_HUMAN	2.72e-15	58.5	54.545	44
P0DQQ9	sp|P10646|TFPI1_HUMAN	7.56e-14	54.3	49.02	51
P0DQQ9	sp|P10646|TFPI1_HUMAN	5.16e-12	49.3	39.216	51
P0DQQ9	sp|Q8TEU8|WFKN2_HUMAN	1.48e-14	56.6	45.098	51
P0DQQ9	sp|Q8TEU8|WFKN2_HUMAN	3.4e-08	38.5	33.333	51
P0DQQ9	sp|P05067|A4_HUMAN	1.74e-14	56.2	47.826	46
P0DQQ9	sp|O95925|EPPI_HUMAN	2.84e-14	53.9	45.098	51
P0DQQ9	sp|P49223|SPIT3_HUMAN	3.04e-14	52.8	45.098	51
P0DQQ9	sp|P48307|TFPI2_HUMAN	9.37e-14	53.9	43.137	51
P0DQQ9	sp|P48307|TFPI2_HUMAN	3.53e-12	49.7	48.936	47
P0DQQ9	sp|P48307|TFPI2_HUMAN	1.23e-05	31.2	38.636	44
P0DQQ9	sp|O43278|SPIT1_HUMAN	1.08e-13	53.9	43.137	51
P0DQQ9	sp|O43278|SPIT1_HUMAN	1.51e-13	53.5	43.137	51
P0DQQ9	sp|O43278|SPIT1_HUMAN	3.4	16.2	22.5	40
P0DQQ9	sp|P12111|CO6A3_HUMAN	1.52e-13	53.5	39.216	51
P0DQQ9	sp|P12111|CO6A3_HUMAN	0.11	20.4	50.0	16
P0DQQ9	sp|P12111|CO6A3_HUMAN	0.15	20.0	63.636	11
P0DQQ9	sp|Q96NZ8|WFKN1_HUMAN	3.11e-13	52.8	43.137	51
P0DQQ9	sp|Q96NZ8|WFKN1_HUMAN	0.000511	26.9	24.444	45
P0DQQ9	sp|Q96NZ8|WFKN1_HUMAN	9.3	15.0	27.273	33
P0DQQ9	sp|P02760|AMBP_HUMAN	5.38e-12	49.3	45.455	44
P0DQQ9	sp|P02760|AMBP_HUMAN	2.08e-11	47.8	43.137	51
P0DQQ9	sp|Q2UY09|COSA1_HUMAN	4.68e-11	46.6	35.294	51
P0DQQ9	sp|O95428|PPN_HUMAN	6.8e-11	46.2	41.176	51
P0DQQ9	sp|O95428|PPN_HUMAN	5.2	15.8	66.667	9
P0DQQ9	sp|Q8IUA0|WFDC8_HUMAN	2.09e-09	42.0	39.216	51
P0DQQ9	sp|Q6UDR6|SPIT4_HUMAN	2.82e-09	40.0	36.364	44
P0DQQ9	sp|Q02388|CO7A1_HUMAN	1.36e-08	39.7	33.333	54
P0DQQ9	sp|Q9BQY6|WFDC6_HUMAN	1.39e-06	33.5	40.476	42
P0DQR0	sp|P12111|CO6A3_HUMAN	4.62e-17	63.5	41.176	51
P0DQR0	sp|P49223|SPIT3_HUMAN	8.39e-15	53.9	43.137	51
P0DQR0	sp|Q8TEU8|WFKN2_HUMAN	4.14e-14	55.1	45.098	51
P0DQR0	sp|Q8TEU8|WFKN2_HUMAN	4.2e-07	35.4	29.412	51
P0DQR0	sp|Q2UY09|COSA1_HUMAN	5.64e-14	55.1	43.182	44
P0DQR0	sp|Q6UDR6|SPIT4_HUMAN	5.81e-14	52.4	45.098	51
P0DQR0	sp|P02760|AMBP_HUMAN	2.11e-13	53.1	47.059	51
P0DQR0	sp|P02760|AMBP_HUMAN	1.76e-09	42.0	37.255	51
P0DQR0	sp|Q06481|APLP2_HUMAN	7.83e-13	51.6	41.176	51
P0DQR0	sp|Q06481|APLP2_HUMAN	7.8	15.4	80.0	5
P0DQR0	sp|P10646|TFPI1_HUMAN	1.12e-12	51.2	47.059	51
P0DQR0	sp|P10646|TFPI1_HUMAN	2.2e-11	47.4	39.216	51
P0DQR0	sp|P10646|TFPI1_HUMAN	7.09e-11	46.2	37.255	51
P0DQR0	sp|Q02388|CO7A1_HUMAN	1.21e-12	51.2	33.333	54
P0DQR0	sp|Q8IUA0|WFDC8_HUMAN	4.71e-12	49.3	41.176	51
P0DQR0	sp|P05067|A4_HUMAN	5.09e-12	49.3	40.426	47
P0DQR0	sp|O95428|PPN_HUMAN	7.56e-12	48.9	39.216	51
P0DQR0	sp|Q96NZ8|WFKN1_HUMAN	8.45e-12	48.9	41.176	51
P0DQR0	sp|Q96NZ8|WFKN1_HUMAN	0.000207	28.1	26.531	49
P0DQR0	sp|P48307|TFPI2_HUMAN	1.09e-10	45.4	40.426	47
P0DQR0	sp|P48307|TFPI2_HUMAN	1.28e-10	45.1	35.294	51
P0DQR0	sp|P48307|TFPI2_HUMAN	0.000116	28.5	29.63	54
P0DQR0	sp|O95925|EPPI_HUMAN	1.77e-10	43.9	37.255	51
P0DQR0	sp|O43291|SPIT2_HUMAN	1.88e-10	44.7	33.333	51
P0DQR0	sp|O43291|SPIT2_HUMAN	1.64e-08	39.3	33.333	51
P0DQR0	sp|O43278|SPIT1_HUMAN	2.09e-10	44.7	41.304	46
P0DQR0	sp|O43278|SPIT1_HUMAN	3.02e-09	41.6	35.556	45
P0DQR0	sp|Q9BQY6|WFDC6_HUMAN	0.000256	27.3	41.379	29
P0DQR1	sp|P10646|TFPI1_HUMAN	5.27e-16	60.5	55.556	45
P0DQR1	sp|P10646|TFPI1_HUMAN	2.74e-14	55.8	47.059	51
P0DQR1	sp|P10646|TFPI1_HUMAN	3.46e-11	47.0	43.137	51
P0DQR1	sp|P12111|CO6A3_HUMAN	7.42e-16	60.1	41.176	51
P0DQR1	sp|P12111|CO6A3_HUMAN	1.8	17.3	38.462	13
P0DQR1	sp|Q02388|CO7A1_HUMAN	1.37e-15	59.3	44.444	54
P0DQR1	sp|P49223|SPIT3_HUMAN	1.43e-15	55.8	47.059	51
P0DQR1	sp|Q8TEU8|WFKN2_HUMAN	2.25e-15	58.9	47.059	51
P0DQR1	sp|Q8TEU8|WFKN2_HUMAN	4.53e-05	29.6	29.412	51
P0DQR1	sp|Q06481|APLP2_HUMAN	1.08e-14	57.0	43.137	51
P0DQR1	sp|O43291|SPIT2_HUMAN	6.37e-14	54.3	50.0	44
P0DQR1	sp|O43291|SPIT2_HUMAN	3e-11	47.0	37.255	51
P0DQR1	sp|P48307|TFPI2_HUMAN	8.64e-14	53.9	43.137	51
P0DQR1	sp|P48307|TFPI2_HUMAN	1.02e-11	48.1	40.426	47
P0DQR1	sp|P48307|TFPI2_HUMAN	8.15e-07	34.7	43.182	44
P0DQR1	sp|P05067|A4_HUMAN	3.27e-12	50.1	43.182	44
P0DQR1	sp|O43278|SPIT1_HUMAN	5.33e-12	49.3	47.727	44
P0DQR1	sp|O43278|SPIT1_HUMAN	5.52e-10	43.5	37.255	51
P0DQR1	sp|Q96NZ8|WFKN1_HUMAN	5.88e-12	49.3	41.176	51
P0DQR1	sp|Q96NZ8|WFKN1_HUMAN	0.001	25.4	31.373	51
P0DQR1	sp|P02760|AMBP_HUMAN	5.94e-12	49.3	47.059	51
P0DQR1	sp|P02760|AMBP_HUMAN	1.09e-09	42.7	37.255	51
P0DQR1	sp|Q2UY09|COSA1_HUMAN	1.99e-11	47.8	39.216	51
P0DQR1	sp|O95925|EPPI_HUMAN	7.49e-11	45.1	37.255	51
P0DQR1	sp|O95925|EPPI_HUMAN	4.8	15.8	50.0	10
P0DQR1	sp|O95428|PPN_HUMAN	3.18e-10	44.3	37.255	51
P0DQR1	sp|O95428|PPN_HUMAN	3.4	16.5	27.586	29
P0DQR1	sp|Q6UDR6|SPIT4_HUMAN	1.23e-09	41.2	43.902	41
P0DQR1	sp|Q8IUA0|WFDC8_HUMAN	9.15e-09	40.0	37.255	51
P0DQR1	sp|Q9BQY6|WFDC6_HUMAN	2.9e-05	30.0	48.276	29
P0DV03	sp|Q06481|APLP2_HUMAN	6.49e-20	72.0	50.909	55
P0DV03	sp|P05067|A4_HUMAN	1.38e-18	68.2	59.091	44
P0DV03	sp|Q8TEU8|WFKN2_HUMAN	7.64e-18	66.2	52.83	53
P0DV03	sp|Q8TEU8|WFKN2_HUMAN	1.74e-09	42.4	35.849	53
P0DV03	sp|P48307|TFPI2_HUMAN	1.34e-16	61.6	53.704	54
P0DV03	sp|P48307|TFPI2_HUMAN	6.22e-10	43.5	42.857	49
P0DV03	sp|P48307|TFPI2_HUMAN	0.003	25.0	26.923	52
P0DV03	sp|O95925|EPPI_HUMAN	7.8e-16	58.2	40.741	54
P0DV03	sp|P49223|SPIT3_HUMAN	1.99e-15	55.8	44.444	54
P0DV03	sp|P10646|TFPI1_HUMAN	4.18e-15	58.2	49.057	53
P0DV03	sp|P10646|TFPI1_HUMAN	2.17e-13	53.5	42.593	54
P0DV03	sp|P10646|TFPI1_HUMAN	5.13e-13	52.4	48.148	54
P0DV03	sp|P10646|TFPI1_HUMAN	6.9	15.8	36.0	25
P0DV03	sp|Q96NZ8|WFKN1_HUMAN	3.58e-14	55.8	44.444	54
P0DV03	sp|Q96NZ8|WFKN1_HUMAN	2e-07	36.6	36.364	44
P0DV03	sp|P02760|AMBP_HUMAN	4e-14	55.5	47.17	53
P0DV03	sp|P02760|AMBP_HUMAN	3.33e-11	47.4	43.478	46
P0DV03	sp|P12111|CO6A3_HUMAN	1.16e-13	54.3	40.385	52
P0DV03	sp|O43291|SPIT2_HUMAN	3.33e-13	52.8	43.396	53
P0DV03	sp|O43291|SPIT2_HUMAN	3.73e-13	52.4	47.059	51
P0DV03	sp|O95428|PPN_HUMAN	8.97e-13	51.6	41.509	53
P0DV03	sp|Q8IUA0|WFDC8_HUMAN	1.44e-12	50.8	47.059	51
P0DV03	sp|Q02388|CO7A1_HUMAN	1.65e-12	50.8	48.148	54
P0DV03	sp|Q2UY09|COSA1_HUMAN	6.95e-12	49.3	37.255	51
P0DV03	sp|O43278|SPIT1_HUMAN	1.01e-09	43.1	38.462	52
P0DV03	sp|O43278|SPIT1_HUMAN	1.02e-09	43.1	40.385	52
P0DV03	sp|Q9BQY6|WFDC6_HUMAN	3.05e-07	35.4	46.875	32
P0DV03	sp|Q6UDR6|SPIT4_HUMAN	1.93e-06	33.1	34.286	35
P0DV04	sp|Q06481|APLP2_HUMAN	7.02e-21	74.7	52.727	55
P0DV04	sp|P05067|A4_HUMAN	1.61e-18	68.2	56.522	46
P0DV04	sp|O43278|SPIT1_HUMAN	3.69e-16	61.2	53.846	52
P0DV04	sp|O43278|SPIT1_HUMAN	4.65e-12	49.7	42.308	52
P0DV04	sp|Q8TEU8|WFKN2_HUMAN	3.56e-15	58.5	49.02	51
P0DV04	sp|Q8TEU8|WFKN2_HUMAN	6.02e-09	40.8	37.255	51
P0DV04	sp|O43291|SPIT2_HUMAN	5.15e-15	57.8	49.02	51
P0DV04	sp|O43291|SPIT2_HUMAN	1.97e-14	56.2	49.02	51
P0DV04	sp|P10646|TFPI1_HUMAN	9.47e-15	57.4	50.0	54
P0DV04	sp|P10646|TFPI1_HUMAN	7.35e-14	54.7	44.444	54
P0DV04	sp|P10646|TFPI1_HUMAN	4.93e-12	49.7	43.396	53
P0DV04	sp|P12111|CO6A3_HUMAN	1.25e-14	57.0	44.231	52
P0DV04	sp|P12111|CO6A3_HUMAN	1.8	17.3	45.455	11
P0DV04	sp|P12111|CO6A3_HUMAN	2.1	17.3	50.0	12
P0DV04	sp|P12111|CO6A3_HUMAN	5.8	15.8	50.0	8
P0DV04	sp|P48307|TFPI2_HUMAN	1.25e-14	56.6	48.148	54
P0DV04	sp|P48307|TFPI2_HUMAN	8.83e-11	45.8	42.857	49
P0DV04	sp|P48307|TFPI2_HUMAN	0.001	26.2	28.846	52
P0DV04	sp|P49223|SPIT3_HUMAN	6.8e-14	52.0	42.593	54
P0DV04	sp|Q96NZ8|WFKN1_HUMAN	2.25e-13	53.5	44.444	54
P0DV04	sp|Q96NZ8|WFKN1_HUMAN	2.64e-05	30.8	37.143	35
P0DV04	sp|O95925|EPPI_HUMAN	5.22e-13	50.8	37.037	54
P0DV04	sp|Q8IUA0|WFDC8_HUMAN	5.14e-12	49.3	45.098	51
P0DV04	sp|O95428|PPN_HUMAN	3e-11	47.4	41.509	53
P0DV04	sp|Q02388|CO7A1_HUMAN	1.58e-10	45.4	44.444	54
P0DV04	sp|Q2UY09|COSA1_HUMAN	2.2e-10	45.1	37.255	51
P0DV04	sp|P02760|AMBP_HUMAN	3.65e-10	44.3	43.396	53
P0DV04	sp|P02760|AMBP_HUMAN	6.97e-10	43.5	43.478	46
P0DV04	sp|Q9BQY6|WFDC6_HUMAN	1.02e-06	34.3	46.875	32
P0DV04	sp|Q6UDR6|SPIT4_HUMAN	3.22e-06	32.3	34.286	35
P0DV05	sp|Q06481|APLP2_HUMAN	2.81e-21	75.9	52.727	55
P0DV05	sp|P05067|A4_HUMAN	1.62e-20	73.6	63.636	44
P0DV05	sp|Q8TEU8|WFKN2_HUMAN	1.59e-16	62.4	52.941	51
P0DV05	sp|Q8TEU8|WFKN2_HUMAN	5.9e-09	40.8	37.255	51
P0DV05	sp|P48307|TFPI2_HUMAN	3.73e-16	60.5	50.0	54
P0DV05	sp|P48307|TFPI2_HUMAN	1.28e-11	48.1	44.898	49
P0DV05	sp|P48307|TFPI2_HUMAN	0.001	25.8	26.923	52
P0DV05	sp|P49223|SPIT3_HUMAN	8.47e-16	57.0	44.444	54
P0DV05	sp|P10646|TFPI1_HUMAN	9.76e-15	57.0	50.0	54
P0DV05	sp|P10646|TFPI1_HUMAN	1.22e-14	57.0	49.057	53
P0DV05	sp|P10646|TFPI1_HUMAN	3.35e-13	52.8	42.593	54
P0DV05	sp|P12111|CO6A3_HUMAN	2.23e-14	56.2	44.231	52
P0DV05	sp|P12111|CO6A3_HUMAN	2.1	17.3	50.0	12
P0DV05	sp|O43291|SPIT2_HUMAN	6.03e-14	54.7	47.059	51
P0DV05	sp|O43291|SPIT2_HUMAN	3.69e-13	52.8	45.098	51
P0DV05	sp|O95925|EPPI_HUMAN	6.31e-14	53.1	38.889	54
P0DV05	sp|P02760|AMBP_HUMAN	2.96e-13	53.1	50.98	51
P0DV05	sp|P02760|AMBP_HUMAN	8.04e-11	46.2	43.478	46
P0DV05	sp|Q96NZ8|WFKN1_HUMAN	4.93e-13	52.4	42.593	54
P0DV05	sp|Q96NZ8|WFKN1_HUMAN	2.68e-06	33.5	34.091	44
P0DV05	sp|Q8IUA0|WFDC8_HUMAN	7.17e-12	48.9	45.098	51
P0DV05	sp|O95428|PPN_HUMAN	1.37e-11	48.5	41.509	53
P0DV05	sp|Q02388|CO7A1_HUMAN	1.94e-11	48.1	46.296	54
P0DV05	sp|O43278|SPIT1_HUMAN	5.66e-11	46.6	42.308	52
P0DV05	sp|O43278|SPIT1_HUMAN	2.57e-10	44.7	40.385	52
P0DV05	sp|Q2UY09|COSA1_HUMAN	2.73e-10	44.7	35.294	51
P0DV05	sp|Q9BQY6|WFDC6_HUMAN	9.38e-07	34.3	46.875	32
P0DV05	sp|Q6UDR6|SPIT4_HUMAN	3.32e-06	32.3	34.286	35
P0DV06	sp|Q06481|APLP2_HUMAN	1.95e-18	67.8	47.273	55
P0DV06	sp|Q8TEU8|WFKN2_HUMAN	1.86e-17	65.1	52.83	53
P0DV06	sp|Q8TEU8|WFKN2_HUMAN	4.76e-08	38.5	33.962	53
P0DV06	sp|P05067|A4_HUMAN	3.73e-17	64.3	54.545	44
P0DV06	sp|O95925|EPPI_HUMAN	2.09e-16	59.3	42.593	54
P0DV06	sp|P48307|TFPI2_HUMAN	5.14e-16	60.1	51.852	54
P0DV06	sp|P48307|TFPI2_HUMAN	1.4e-08	39.7	38.776	49
P0DV06	sp|Q96NZ8|WFKN1_HUMAN	9.38e-15	57.4	44.444	54
P0DV06	sp|Q96NZ8|WFKN1_HUMAN	4.89e-08	38.5	35.556	45
P0DV06	sp|P49223|SPIT3_HUMAN	5.78e-14	52.0	40.741	54
P0DV06	sp|P10646|TFPI1_HUMAN	1.03e-13	54.3	45.283	53
P0DV06	sp|P10646|TFPI1_HUMAN	6.01e-13	52.0	42.593	54
P0DV06	sp|P10646|TFPI1_HUMAN	9.1e-13	51.6	48.148	54
P0DV06	sp|O43291|SPIT2_HUMAN	3.11e-13	52.8	45.098	51
P0DV06	sp|O43291|SPIT2_HUMAN	1.74e-12	50.8	45.098	51
P0DV06	sp|P12111|CO6A3_HUMAN	3.19e-13	53.1	40.385	52
P0DV06	sp|P02760|AMBP_HUMAN	8.39e-13	52.0	45.098	51
P0DV06	sp|P02760|AMBP_HUMAN	6.55e-11	46.6	43.478	46
P0DV06	sp|Q02388|CO7A1_HUMAN	4.08e-12	50.1	46.296	54
P0DV06	sp|Q2UY09|COSA1_HUMAN	1.26e-11	48.5	39.216	51
P0DV06	sp|O95428|PPN_HUMAN	1.93e-11	48.1	37.736	53
P0DV06	sp|Q8IUA0|WFDC8_HUMAN	5.03e-11	46.6	43.137	51
P0DV06	sp|O43278|SPIT1_HUMAN	2.3e-10	45.1	42.308	52
P0DV06	sp|O43278|SPIT1_HUMAN	3.02e-09	41.6	38.462	52
P0DV06	sp|Q6UDR6|SPIT4_HUMAN	1.39e-06	33.5	37.143	35
P0DV06	sp|Q9BQY6|WFDC6_HUMAN	1.7e-06	33.5	43.75	32
P10280	sp|P12111|CO6A3_HUMAN	6.28e-19	69.7	51.923	52
P10280	sp|Q06481|APLP2_HUMAN	1.1e-18	68.9	50.98	51
P10280	sp|O43291|SPIT2_HUMAN	4.32e-18	66.2	50.877	57
P10280	sp|O43291|SPIT2_HUMAN	3.06e-14	55.8	47.059	51
P10280	sp|Q8TEU8|WFKN2_HUMAN	9.96e-18	66.2	52.941	51
P10280	sp|Q8TEU8|WFKN2_HUMAN	2.77e-06	33.9	28.302	53
P10280	sp|Q8TEU8|WFKN2_HUMAN	4.8	16.5	34.375	32
P10280	sp|P48307|TFPI2_HUMAN	1e-17	65.1	54.902	51
P10280	sp|P48307|TFPI2_HUMAN	9.26e-12	48.9	48.936	47
P10280	sp|P48307|TFPI2_HUMAN	1.83e-05	31.6	33.962	53
P10280	sp|P05067|A4_HUMAN	1.44e-17	65.5	55.556	45
P10280	sp|Q96NZ8|WFKN1_HUMAN	6.74e-17	63.9	52.83	53
P10280	sp|Q96NZ8|WFKN1_HUMAN	2.82e-05	30.8	31.111	45
P10280	sp|P10646|TFPI1_HUMAN	1.3e-16	62.8	54.902	51
P10280	sp|P10646|TFPI1_HUMAN	4.85e-16	61.2	44.828	58
P10280	sp|P10646|TFPI1_HUMAN	1.66e-12	51.2	49.02	51
P10280	sp|P49223|SPIT3_HUMAN	1.9e-16	58.9	49.02	51
P10280	sp|O95925|EPPI_HUMAN	6.01e-15	55.8	45.098	51
P10280	sp|P02760|AMBP_HUMAN	1.99e-14	56.6	50.98	51
P10280	sp|P02760|AMBP_HUMAN	3.15e-13	53.1	45.283	53
P10280	sp|Q02388|CO7A1_HUMAN	4.95e-14	55.5	47.458	59
P10280	sp|O43278|SPIT1_HUMAN	1.94e-13	53.9	51.111	45
P10280	sp|O43278|SPIT1_HUMAN	1.52e-12	51.2	46.0	50
P10280	sp|Q6UDR6|SPIT4_HUMAN	1.09e-12	49.3	43.636	55
P10280	sp|O95428|PPN_HUMAN	4.19e-12	50.1	45.098	51
P10280	sp|Q2UY09|COSA1_HUMAN	3.8e-09	42.0	34.091	44
P10280	sp|Q2UY09|COSA1_HUMAN	4.4	16.5	29.63	27
P10280	sp|Q8IUA0|WFDC8_HUMAN	2.1e-08	39.7	37.736	53
P10280	sp|Q9BQY6|WFDC6_HUMAN	4.04e-06	32.7	41.463	41
P10832	sp|P10646|TFPI1_HUMAN	1.63e-15	59.7	51.02	49
P10832	sp|P10646|TFPI1_HUMAN	4.64e-13	52.8	56.818	44
P10832	sp|P10646|TFPI1_HUMAN	3.82e-07	36.2	38.776	49
P10832	sp|Q8TEU8|WFKN2_HUMAN	6.51e-14	55.5	47.727	44
P10832	sp|Q8TEU8|WFKN2_HUMAN	0.001	26.2	27.778	36
P10832	sp|P12111|CO6A3_HUMAN	8.9e-13	52.0	43.478	46
P10832	sp|P12111|CO6A3_HUMAN	5.8	16.2	40.0	10
P10832	sp|O95925|EPPI_HUMAN	2.61e-12	49.3	44.444	45
P10832	sp|Q02388|CO7A1_HUMAN	9.34e-12	49.3	39.683	63
P10832	sp|Q02388|CO7A1_HUMAN	3.6	16.9	35.0	20
P10832	sp|P48307|TFPI2_HUMAN	1.23e-11	48.5	43.478	46
P10832	sp|P48307|TFPI2_HUMAN	1.03e-07	37.7	38.095	42
P10832	sp|P48307|TFPI2_HUMAN	0.000346	27.7	30.909	55
P10832	sp|P02760|AMBP_HUMAN	2.36e-11	48.1	47.826	46
P10832	sp|P02760|AMBP_HUMAN	3.5e-11	47.4	45.455	44
P10832	sp|P05067|A4_HUMAN	7.65e-11	46.6	44.444	45
P10832	sp|P49223|SPIT3_HUMAN	2.07e-10	43.5	45.455	44
P10832	sp|Q06481|APLP2_HUMAN	2.51e-10	45.1	38.182	55
P10832	sp|Q96NZ8|WFKN1_HUMAN	5.45e-10	44.3	38.636	44
P10832	sp|Q96NZ8|WFKN1_HUMAN	1.64e-05	31.6	29.787	47
P10832	sp|Q6UDR6|SPIT4_HUMAN	1.05e-09	42.0	40.426	47
P10832	sp|O43291|SPIT2_HUMAN	1.46e-09	42.7	43.182	44
P10832	sp|O43291|SPIT2_HUMAN	2.12e-09	42.4	34.043	47
P10832	sp|Q2UY09|COSA1_HUMAN	2.8e-09	42.4	33.929	56
P10832	sp|Q9BQY6|WFDC6_HUMAN	4.72e-08	38.1	57.576	33
P10832	sp|O43278|SPIT1_HUMAN	1.04e-07	37.7	36.957	46
P10832	sp|O43278|SPIT1_HUMAN	7.79e-06	32.3	34.091	44
P10832	sp|O95428|PPN_HUMAN	7.22e-07	35.4	34.091	44
P10832	sp|Q8IUA0|WFDC8_HUMAN	0.000238	28.1	31.111	45
P16344	sp|Q06481|APLP2_HUMAN	3.19e-17	64.3	47.273	55
P16344	sp|Q8TEU8|WFKN2_HUMAN	1.39e-14	57.0	47.17	53
P16344	sp|Q8TEU8|WFKN2_HUMAN	9.62e-06	32.0	31.373	51
P16344	sp|P05067|A4_HUMAN	5.76e-14	55.1	50.0	44
P16344	sp|O43291|SPIT2_HUMAN	8.95e-14	54.3	49.02	51
P16344	sp|O43291|SPIT2_HUMAN	1.53e-11	48.1	52.632	38
P16344	sp|P49223|SPIT3_HUMAN	7.47e-13	49.3	40.741	54
P16344	sp|O95925|EPPI_HUMAN	8.55e-13	50.1	37.037	54
P16344	sp|P10646|TFPI1_HUMAN	4.29e-12	49.7	50.0	44
P16344	sp|P10646|TFPI1_HUMAN	8.75e-10	43.1	42.593	54
P16344	sp|P10646|TFPI1_HUMAN	1.53e-09	42.7	35.849	53
P16344	sp|P48307|TFPI2_HUMAN	6e-12	49.3	44.444	54
P16344	sp|P48307|TFPI2_HUMAN	3.83e-07	35.8	42.5	40
P16344	sp|P48307|TFPI2_HUMAN	0.012	23.1	27.778	36
P16344	sp|Q96NZ8|WFKN1_HUMAN	1.08e-11	48.5	38.889	54
P16344	sp|Q96NZ8|WFKN1_HUMAN	5.22e-05	30.0	28.889	45
P16344	sp|P12111|CO6A3_HUMAN	4.62e-10	44.3	36.538	52
P16344	sp|P12111|CO6A3_HUMAN	1.8	17.3	45.455	11
P16344	sp|P12111|CO6A3_HUMAN	5.8	15.8	50.0	8
P16344	sp|O43278|SPIT1_HUMAN	4.67e-10	43.9	42.593	54
P16344	sp|O43278|SPIT1_HUMAN	1.28e-07	37.4	34.615	52
P16344	sp|P02760|AMBP_HUMAN	1.33e-09	42.7	43.137	51
P16344	sp|P02760|AMBP_HUMAN	1.24e-07	37.4	38.298	47
P16344	sp|Q02388|CO7A1_HUMAN	4.17e-09	41.6	42.593	54
P16344	sp|Q02388|CO7A1_HUMAN	6.8	15.8	50.0	8
P16344	sp|O95428|PPN_HUMAN	4.96e-09	41.2	35.849	53
P16344	sp|Q8IUA0|WFDC8_HUMAN	5.62e-09	40.8	41.176	51
P16344	sp|Q2UY09|COSA1_HUMAN	1.29e-07	37.4	35.849	53
P16344	sp|Q6UDR6|SPIT4_HUMAN	0.000176	28.1	30.0	30
P16344	sp|Q9BQY6|WFDC6_HUMAN	0.004	24.6	34.375	32
P19761	sp|P10646|TFPI1_HUMAN	1.36e-148	411.0	72.148	298
P19761	sp|P48307|TFPI2_HUMAN	1.33e-24	90.9	32.0	175
P19761	sp|P48307|TFPI2_HUMAN	2.3e-22	85.1	28.643	199
P19761	sp|O43291|SPIT2_HUMAN	5.93e-23	87.0	30.0	160
P19761	sp|O43291|SPIT2_HUMAN	1.29e-22	85.9	32.278	158
P19761	sp|P02760|AMBP_HUMAN	2.89e-20	80.9	34.694	147
P19761	sp|P02760|AMBP_HUMAN	1.07e-18	76.3	30.38	158
P19761	sp|P02760|AMBP_HUMAN	8.65e-09	46.6	42.222	45
P19761	sp|Q96NZ8|WFKN1_HUMAN	1.07e-19	80.1	31.884	138
P19761	sp|Q96NZ8|WFKN1_HUMAN	1.37e-13	61.6	27.481	131
P19761	sp|Q96NZ8|WFKN1_HUMAN	3.14e-13	60.5	36.25	80
P19761	sp|Q96NZ8|WFKN1_HUMAN	0.000508	32.0	30.159	63
P19761	sp|Q96NZ8|WFKN1_HUMAN	2.1	20.4	26.923	26
P19761	sp|Q8TEU8|WFKN2_HUMAN	9.88e-19	77.4	35.2	125
P19761	sp|Q8TEU8|WFKN2_HUMAN	3.18e-11	54.7	27.778	144
P19761	sp|Q8TEU8|WFKN2_HUMAN	3.09e-06	38.9	33.333	54
P19761	sp|O43278|SPIT1_HUMAN	1.72e-16	70.5	24.521	261
P19761	sp|O43278|SPIT1_HUMAN	7e-10	50.4	33.333	81
P19761	sp|P12111|CO6A3_HUMAN	1.84e-14	64.7	47.17	53
P19761	sp|P12111|CO6A3_HUMAN	1.07e-13	62.4	40.984	61
P19761	sp|P12111|CO6A3_HUMAN	3.3e-10	51.6	38.462	65
P19761	sp|P49223|SPIT3_HUMAN	1.04e-13	57.4	49.02	51
P19761	sp|P49223|SPIT3_HUMAN	1.48e-12	53.9	43.636	55
P19761	sp|P49223|SPIT3_HUMAN	1.57e-12	53.9	45.455	55
P19761	sp|Q02388|CO7A1_HUMAN	8.03e-12	56.6	32.927	82
P19761	sp|Q02388|CO7A1_HUMAN	1.47e-11	55.8	40.0	70
P19761	sp|Q02388|CO7A1_HUMAN	2.51e-08	45.8	37.5	56
P19761	sp|Q02388|CO7A1_HUMAN	1.6	20.8	57.143	14
P19761	sp|Q06481|APLP2_HUMAN	1.06e-11	56.2	36.471	85
P19761	sp|Q06481|APLP2_HUMAN	7.51e-10	50.4	42.105	57
P19761	sp|Q06481|APLP2_HUMAN	1.39e-09	49.7	38.235	68
P19761	sp|Q06481|APLP2_HUMAN	6.8	18.9	34.783	23
P19761	sp|O95925|EPPI_HUMAN	1.2e-11	52.8	42.105	57
P19761	sp|O95925|EPPI_HUMAN	5.41e-10	48.1	37.037	54
P19761	sp|O95925|EPPI_HUMAN	1.43e-08	43.9	38.596	57
P19761	sp|P05067|A4_HUMAN	2.57e-11	55.1	36.0	75
P19761	sp|P05067|A4_HUMAN	8.87e-11	53.1	38.333	60
P19761	sp|P05067|A4_HUMAN	1.18e-09	49.7	34.667	75
P19761	sp|O95428|PPN_HUMAN	6.08e-11	53.9	40.0	55
P19761	sp|O95428|PPN_HUMAN	8.02e-11	53.5	41.818	55
P19761	sp|O95428|PPN_HUMAN	9.85e-10	50.1	36.667	60
P19761	sp|Q2UY09|COSA1_HUMAN	3.04e-09	48.5	41.176	51
P19761	sp|Q2UY09|COSA1_HUMAN	1.18e-07	43.5	31.667	60
P19761	sp|Q2UY09|COSA1_HUMAN	9.68e-06	37.7	35.185	54
P19761	sp|Q6UDR6|SPIT4_HUMAN	3.24e-09	45.1	52.273	44
P19761	sp|Q6UDR6|SPIT4_HUMAN	2.22e-07	39.7	29.63	81
P19761	sp|Q6UDR6|SPIT4_HUMAN	3.06e-07	39.3	28.723	94
P19761	sp|Q8IUA0|WFDC8_HUMAN	7.54e-09	46.2	43.137	51
P19761	sp|Q8IUA0|WFDC8_HUMAN	3.85e-07	41.2	35.0	60
P19761	sp|Q8IUA0|WFDC8_HUMAN	4.33e-06	37.7	33.333	60
P19761	sp|Q9BQY6|WFDC6_HUMAN	0.000239	31.6	45.161	31
P19761	sp|Q9BQY6|WFDC6_HUMAN	0.000347	31.2	46.429	28
P19761	sp|Q9BQY6|WFDC6_HUMAN	0.001	30.0	45.161	31
P19859	sp|P10646|TFPI1_HUMAN	1.85e-13	53.5	40.0	55
P19859	sp|P10646|TFPI1_HUMAN	4.4e-11	47.0	32.075	53
P19859	sp|P10646|TFPI1_HUMAN	2.77e-09	42.0	38.889	54
P19859	sp|P12111|CO6A3_HUMAN	3.61e-13	52.8	37.255	51
P19859	sp|P12111|CO6A3_HUMAN	0.83	18.5	46.154	13
P19859	sp|P02760|AMBP_HUMAN	4.36e-13	52.8	49.02	51
P19859	sp|P02760|AMBP_HUMAN	5.36e-07	35.4	32.075	53
P19859	sp|Q2UY09|COSA1_HUMAN	4.72e-13	52.8	40.0	55
P19859	sp|Q02388|CO7A1_HUMAN	5.23e-13	52.4	40.741	54
P19859	sp|P48307|TFPI2_HUMAN	5.91e-11	46.6	39.623	53
P19859	sp|P48307|TFPI2_HUMAN	1.2e-09	42.7	42.0	50
P19859	sp|P48307|TFPI2_HUMAN	5.29e-05	30.0	36.0	50
P19859	sp|O95925|EPPI_HUMAN	1.64e-10	44.3	35.294	51
P19859	sp|Q6UDR6|SPIT4_HUMAN	8.09e-10	42.0	40.385	52
P19859	sp|P49223|SPIT3_HUMAN	3.51e-09	40.0	29.63	54
P19859	sp|P05067|A4_HUMAN	5.35e-09	41.2	36.364	44
P19859	sp|Q8TEU8|WFKN2_HUMAN	6.35e-09	40.8	33.333	51
P19859	sp|Q8TEU8|WFKN2_HUMAN	1.76e-06	33.9	26.923	52
P19859	sp|O43291|SPIT2_HUMAN	6.61e-09	40.8	32.692	52
P19859	sp|O43291|SPIT2_HUMAN	4.85e-06	32.7	28.846	52
P19859	sp|Q06481|APLP2_HUMAN	9.27e-09	40.4	31.373	51
P19859	sp|O43278|SPIT1_HUMAN	1.22e-08	40.0	37.255	51
P19859	sp|O43278|SPIT1_HUMAN	6.17e-07	35.4	32.692	52
P19859	sp|Q96NZ8|WFKN1_HUMAN	3.84e-08	38.9	33.962	53
P19859	sp|Q96NZ8|WFKN1_HUMAN	0.000377	27.3	27.586	58
P19859	sp|Q96NZ8|WFKN1_HUMAN	6.4	15.8	66.667	9
P19859	sp|O95428|PPN_HUMAN	7.75e-08	37.7	35.185	54
P19859	sp|Q8IUA0|WFDC8_HUMAN	5.04e-05	30.0	30.189	53
P19859	sp|Q9BQY6|WFDC6_HUMAN	0.016	22.7	35.484	31
P20229	sp|Q8TEU8|WFKN2_HUMAN	1.95e-15	59.3	47.059	51
P20229	sp|Q8TEU8|WFKN2_HUMAN	4.43e-05	30.0	25.0	52
P20229	sp|Q8TEU8|WFKN2_HUMAN	2.4	16.9	40.0	15
P20229	sp|P12111|CO6A3_HUMAN	2.98e-15	58.9	41.176	51
P20229	sp|P12111|CO6A3_HUMAN	0.43	19.2	43.75	16
P20229	sp|P12111|CO6A3_HUMAN	2.2	17.3	57.143	7
P20229	sp|P12111|CO6A3_HUMAN	9.0	15.4	57.143	7
P20229	sp|P10646|TFPI1_HUMAN	9.39e-15	57.4	48.148	54
P20229	sp|P10646|TFPI1_HUMAN	1.53e-14	56.6	44.444	54
P20229	sp|P10646|TFPI1_HUMAN	2.1e-14	56.2	40.0	55
P20229	sp|Q06481|APLP2_HUMAN	3.34e-14	55.8	43.137	51
P20229	sp|Q02388|CO7A1_HUMAN	2.39e-13	53.5	44.444	54
P20229	sp|Q02388|CO7A1_HUMAN	7.8	15.8	38.095	21
P20229	sp|P49223|SPIT3_HUMAN	2.62e-13	50.4	37.037	54
P20229	sp|O43291|SPIT2_HUMAN	5.25e-13	52.4	42.308	52
P20229	sp|O43291|SPIT2_HUMAN	1.16e-11	48.5	38.462	52
P20229	sp|P48307|TFPI2_HUMAN	2.93e-12	50.1	42.308	52
P20229	sp|P48307|TFPI2_HUMAN	2.7e-11	47.4	42.0	50
P20229	sp|P48307|TFPI2_HUMAN	4.25e-05	30.0	33.333	57
P20229	sp|O95925|EPPI_HUMAN	7.8e-12	47.8	38.182	55
P20229	sp|O43278|SPIT1_HUMAN	1.59e-11	48.1	43.636	55
P20229	sp|O43278|SPIT1_HUMAN	2.77e-09	42.0	35.185	54
P20229	sp|Q96NZ8|WFKN1_HUMAN	1.88e-11	48.1	39.216	51
P20229	sp|Q96NZ8|WFKN1_HUMAN	0.000393	27.3	28.0	50
P20229	sp|O95428|PPN_HUMAN	4.64e-11	47.0	41.071	56
P20229	sp|O95428|PPN_HUMAN	7.6	15.8	71.429	7
P20229	sp|P05067|A4_HUMAN	6.5e-11	46.6	40.426	47
P20229	sp|P02760|AMBP_HUMAN	6.63e-11	46.6	43.137	51
P20229	sp|P02760|AMBP_HUMAN	2.85e-09	42.0	37.255	51
P20229	sp|Q2UY09|COSA1_HUMAN	3.64e-10	44.3	37.778	45
P20229	sp|Q6UDR6|SPIT4_HUMAN	1.94e-09	40.8	35.849	53
P20229	sp|Q8IUA0|WFDC8_HUMAN	2.8e-08	38.9	36.538	52
P20229	sp|Q9BQY6|WFDC6_HUMAN	1.5e-05	31.2	48.387	31
P24541	sp|P10646|TFPI1_HUMAN	3.32e-19	69.7	51.923	52
P24541	sp|P10646|TFPI1_HUMAN	2.85e-15	58.9	50.0	52
P24541	sp|P10646|TFPI1_HUMAN	4.17e-15	58.5	47.17	53
P24541	sp|P12111|CO6A3_HUMAN	1.53e-17	65.5	47.059	51
P24541	sp|P12111|CO6A3_HUMAN	0.79	18.5	36.364	22
P24541	sp|P12111|CO6A3_HUMAN	2.1	17.3	54.545	11
P24541	sp|P12111|CO6A3_HUMAN	3.1	16.9	45.455	11
P24541	sp|Q06481|APLP2_HUMAN	1.57e-16	62.8	48.148	54
P24541	sp|Q06481|APLP2_HUMAN	8.2	15.8	38.462	13
P24541	sp|Q8TEU8|WFKN2_HUMAN	3.59e-16	61.6	50.98	51
P24541	sp|Q8TEU8|WFKN2_HUMAN	6.67e-08	38.1	32.075	53
P24541	sp|O43278|SPIT1_HUMAN	5.34e-16	61.2	52.941	51
P24541	sp|O43278|SPIT1_HUMAN	8.97e-14	55.1	41.667	60
P24541	sp|P48307|TFPI2_HUMAN	1.08e-15	59.7	52.083	48
P24541	sp|P48307|TFPI2_HUMAN	2.54e-14	55.8	48.077	52
P24541	sp|P48307|TFPI2_HUMAN	0.000499	27.3	31.111	45
P24541	sp|O43291|SPIT2_HUMAN	8.49e-15	57.4	44.231	52
P24541	sp|O43291|SPIT2_HUMAN	1.61e-13	53.9	37.097	62
P24541	sp|P05067|A4_HUMAN	1.09e-14	57.4	47.826	46
P24541	sp|O95925|EPPI_HUMAN	3.36e-14	53.9	43.137	51
P24541	sp|P49223|SPIT3_HUMAN	1.72e-13	51.2	39.216	51
P24541	sp|Q96NZ8|WFKN1_HUMAN	2.17e-13	53.9	45.098	51
P24541	sp|Q96NZ8|WFKN1_HUMAN	2.43e-06	33.9	35.897	39
P24541	sp|Q96NZ8|WFKN1_HUMAN	7.0	15.8	27.273	22
P24541	sp|O95428|PPN_HUMAN	1.13e-12	51.6	42.623	61
P24541	sp|Q02388|CO7A1_HUMAN	1.52e-12	51.6	46.296	54
P24541	sp|P02760|AMBP_HUMAN	2.05e-12	50.8	47.059	51
P24541	sp|P02760|AMBP_HUMAN	6.24e-11	47.0	42.105	57
P24541	sp|Q6UDR6|SPIT4_HUMAN	1.32e-11	46.6	39.286	56
P24541	sp|Q2UY09|COSA1_HUMAN	1.75e-11	48.5	39.13	46
P24541	sp|Q2UY09|COSA1_HUMAN	0.28	19.6	33.333	30
P24541	sp|Q8IUA0|WFDC8_HUMAN	2.19e-09	42.4	37.705	61
P24541	sp|Q9BQY6|WFDC6_HUMAN	4.33e-07	35.4	55.172	29
P81129	sp|Q06481|APLP2_HUMAN	5.31e-20	72.0	50.909	55
P81129	sp|P05067|A4_HUMAN	4.33e-18	66.6	56.818	44
P81129	sp|Q8TEU8|WFKN2_HUMAN	4.88e-16	60.8	50.98	51
P81129	sp|Q8TEU8|WFKN2_HUMAN	4.88e-08	38.5	35.294	51
P81129	sp|O43278|SPIT1_HUMAN	2.59e-15	58.9	46.296	54
P81129	sp|O43278|SPIT1_HUMAN	3.81e-12	50.1	44.231	52
P81129	sp|P10646|TFPI1_HUMAN	3.16e-15	58.5	46.296	54
P81129	sp|P10646|TFPI1_HUMAN	1.41e-14	56.6	48.148	54
P81129	sp|P10646|TFPI1_HUMAN	2.48e-13	53.1	47.17	53
P81129	sp|P10646|TFPI1_HUMAN	9.0	15.4	36.0	25
P81129	sp|O43291|SPIT2_HUMAN	5.52e-15	57.4	46.154	52
P81129	sp|O43291|SPIT2_HUMAN	2.37e-12	50.4	40.385	52
P81129	sp|P12111|CO6A3_HUMAN	1.24e-14	57.0	41.176	51
P81129	sp|P12111|CO6A3_HUMAN	0.29	19.6	53.333	15
P81129	sp|P12111|CO6A3_HUMAN	0.63	18.5	34.615	26
P81129	sp|P12111|CO6A3_HUMAN	2.2	16.9	45.455	11
P81129	sp|P12111|CO6A3_HUMAN	4.2	16.2	50.0	12
P81129	sp|P12111|CO6A3_HUMAN	5.6	15.8	50.0	8
P81129	sp|O95925|EPPI_HUMAN	4.94e-14	53.1	40.741	54
P81129	sp|P49223|SPIT3_HUMAN	6.68e-14	52.0	44.231	52
P81129	sp|Q96NZ8|WFKN1_HUMAN	3.42e-13	52.8	43.137	51
P81129	sp|Q96NZ8|WFKN1_HUMAN	9.36e-05	29.3	34.286	35
P81129	sp|P48307|TFPI2_HUMAN	1.41e-12	50.8	43.396	53
P81129	sp|P48307|TFPI2_HUMAN	1.68e-11	47.8	44.898	49
P81129	sp|P48307|TFPI2_HUMAN	0.006	24.3	26.923	52
P81129	sp|O95428|PPN_HUMAN	1.66e-12	50.8	41.509	53
P81129	sp|Q8IUA0|WFDC8_HUMAN	6.03e-12	49.3	47.059	51
P81129	sp|Q2UY09|COSA1_HUMAN	6.92e-12	49.3	37.255	51
P81129	sp|Q02388|CO7A1_HUMAN	1.09e-11	48.5	44.444	54
P81129	sp|P02760|AMBP_HUMAN	1.39e-10	45.4	43.137	51
P81129	sp|P02760|AMBP_HUMAN	2.68e-10	44.7	42.553	47
P81129	sp|Q9BQY6|WFDC6_HUMAN	6.54e-07	34.7	51.613	31
P81129	sp|Q6UDR6|SPIT4_HUMAN	2.3e-06	32.7	30.435	46
P81547	sp|O43291|SPIT2_HUMAN	2.32e-18	66.6	49.091	55
P81547	sp|O43291|SPIT2_HUMAN	1.51e-12	50.8	37.736	53
P81547	sp|Q8TEU8|WFKN2_HUMAN	2.69e-17	64.7	49.02	51
P81547	sp|Q8TEU8|WFKN2_HUMAN	6.06e-09	41.2	34.615	52
P81547	sp|Q8TEU8|WFKN2_HUMAN	2.1	17.3	42.105	19
P81547	sp|P48307|TFPI2_HUMAN	9.12e-17	62.4	52.83	53
P81547	sp|P48307|TFPI2_HUMAN	6.35e-11	46.6	44.681	47
P81547	sp|P48307|TFPI2_HUMAN	4.21e-05	30.0	34.091	44
P81547	sp|Q06481|APLP2_HUMAN	2.25e-16	62.0	47.059	51
P81547	sp|Q06481|APLP2_HUMAN	9.8	15.4	41.667	12
P81547	sp|P10646|TFPI1_HUMAN	7.43e-16	60.5	48.077	52
P81547	sp|P10646|TFPI1_HUMAN	4.15e-15	58.2	56.863	51
P81547	sp|P10646|TFPI1_HUMAN	2.01e-13	53.5	43.137	51
P81547	sp|P49223|SPIT3_HUMAN	9.82e-16	56.6	43.137	51
P81547	sp|P05067|A4_HUMAN	7.58e-15	57.8	47.826	46
P81547	sp|P02760|AMBP_HUMAN	1.4e-14	57.0	45.283	53
P81547	sp|P02760|AMBP_HUMAN	1.22e-12	51.6	43.137	51
P81547	sp|Q96NZ8|WFKN1_HUMAN	1.95e-14	56.6	45.098	51
P81547	sp|Q96NZ8|WFKN1_HUMAN	1.15e-05	32.0	31.111	45
P81547	sp|P12111|CO6A3_HUMAN	2.25e-14	56.2	41.176	51
P81547	sp|P12111|CO6A3_HUMAN	0.6	18.9	43.75	16
P81547	sp|P12111|CO6A3_HUMAN	2.8	16.9	50.0	12
P81547	sp|P12111|CO6A3_HUMAN	3.8	16.5	71.429	7
P81547	sp|O95428|PPN_HUMAN	4.89e-14	55.5	46.154	52
P81547	sp|O95428|PPN_HUMAN	3.5	16.5	29.412	17
P81547	sp|O43278|SPIT1_HUMAN	6.67e-14	55.1	46.154	52
P81547	sp|O43278|SPIT1_HUMAN	4.16e-13	52.8	42.308	52
P81547	sp|O95925|EPPI_HUMAN	1.72e-13	52.0	43.137	51
P81547	sp|Q8IUA0|WFDC8_HUMAN	5.58e-12	49.3	39.286	56
P81547	sp|Q02388|CO7A1_HUMAN	1.17e-11	48.5	40.323	62
P81547	sp|Q6UDR6|SPIT4_HUMAN	1.45e-11	46.2	40.0	55
P81547	sp|Q2UY09|COSA1_HUMAN	9.11e-10	43.5	35.294	51
P81547	sp|Q9BQY6|WFDC6_HUMAN	0.000185	28.1	46.154	26
P81548	sp|P10646|TFPI1_HUMAN	7.03e-19	68.6	52.83	53
P81548	sp|P10646|TFPI1_HUMAN	1.17e-14	57.0	47.17	53
P81548	sp|P10646|TFPI1_HUMAN	4.49e-14	55.5	40.0	55
P81548	sp|P12111|CO6A3_HUMAN	2.54e-17	64.7	46.154	52
P81548	sp|P48307|TFPI2_HUMAN	1.5e-16	61.6	51.852	54
P81548	sp|P48307|TFPI2_HUMAN	6.58e-14	54.7	49.02	51
P81548	sp|P48307|TFPI2_HUMAN	0.002	25.8	31.034	58
P81548	sp|P49223|SPIT3_HUMAN	7.47e-15	54.7	40.0	55
P81548	sp|P05067|A4_HUMAN	1.51e-13	53.9	42.0	50
P81548	sp|P02760|AMBP_HUMAN	2.35e-13	53.5	49.02	51
P81548	sp|P02760|AMBP_HUMAN	6.91e-09	40.8	33.962	53
P81548	sp|P02760|AMBP_HUMAN	3.8	16.5	43.75	16
P81548	sp|Q8TEU8|WFKN2_HUMAN	3.46e-13	53.1	43.137	51
P81548	sp|Q8TEU8|WFKN2_HUMAN	1.37e-08	40.0	33.962	53
P81548	sp|Q96NZ8|WFKN1_HUMAN	9.86e-13	51.6	43.137	51
P81548	sp|Q96NZ8|WFKN1_HUMAN	5.56e-05	30.0	37.143	35
P81548	sp|Q06481|APLP2_HUMAN	1.53e-12	51.2	36.364	55
P81548	sp|O95925|EPPI_HUMAN	1.8e-12	49.3	37.736	53
P81548	sp|Q02388|CO7A1_HUMAN	1.92e-12	50.8	42.593	54
P81548	sp|Q02388|CO7A1_HUMAN	6.7	15.8	36.364	11
P81548	sp|O95428|PPN_HUMAN	5.23e-12	49.7	42.593	54
P81548	sp|O43278|SPIT1_HUMAN	2e-11	48.1	41.176	51
P81548	sp|O43278|SPIT1_HUMAN	9.87e-11	46.2	41.176	51
P81548	sp|O43291|SPIT2_HUMAN	3.19e-11	47.4	38.182	55
P81548	sp|O43291|SPIT2_HUMAN	2.25e-08	39.3	35.556	45
P81548	sp|Q2UY09|COSA1_HUMAN	1.99e-10	45.1	33.333	51
P81548	sp|Q6UDR6|SPIT4_HUMAN	4.17e-10	42.7	34.483	58
P81548	sp|Q8IUA0|WFDC8_HUMAN	4.85e-09	41.2	37.255	51
P81548	sp|Q9BQY6|WFDC6_HUMAN	4.95e-06	32.3	48.387	31
P81658	sp|P05067|A4_HUMAN	4.47e-12	50.1	45.455	44
P81658	sp|P12111|CO6A3_HUMAN	5.85e-12	49.7	39.216	51
P81658	sp|P10646|TFPI1_HUMAN	1.53e-11	48.5	38.596	57
P81658	sp|P10646|TFPI1_HUMAN	2.48e-10	45.1	36.538	52
P81658	sp|P10646|TFPI1_HUMAN	4.16e-08	38.9	30.357	56
P81658	sp|Q02388|CO7A1_HUMAN	1.81e-11	48.1	34.328	67
P81658	sp|Q06481|APLP2_HUMAN	6.07e-11	46.6	33.333	51
P81658	sp|Q8IUA0|WFDC8_HUMAN	1.66e-10	45.4	38.462	52
P81658	sp|Q6UDR6|SPIT4_HUMAN	8.16e-10	42.0	37.037	54
P81658	sp|O43291|SPIT2_HUMAN	9.55e-09	40.4	32.692	52
P81658	sp|O43291|SPIT2_HUMAN	2.78e-08	39.3	30.189	53
P81658	sp|O95428|PPN_HUMAN	1.01e-08	40.4	37.5	56
P81658	sp|P48307|TFPI2_HUMAN	1.45e-08	40.0	34.0	50
P81658	sp|P48307|TFPI2_HUMAN	3.01e-08	39.3	35.294	51
P81658	sp|P48307|TFPI2_HUMAN	0.017	23.1	26.667	60
P81658	sp|P49223|SPIT3_HUMAN	1.93e-08	38.1	33.333	54
P81658	sp|O43278|SPIT1_HUMAN	4.84e-08	38.5	32.759	58
P81658	sp|O43278|SPIT1_HUMAN	6.46e-07	35.4	29.63	54
P81658	sp|Q2UY09|COSA1_HUMAN	7.22e-08	38.1	34.615	52
P81658	sp|P02760|AMBP_HUMAN	1.55e-07	37.0	35.294	51
P81658	sp|P02760|AMBP_HUMAN	4.82e-07	35.8	36.364	44
P81658	sp|O95925|EPPI_HUMAN	5.15e-07	35.0	31.481	54
P81658	sp|Q8TEU8|WFKN2_HUMAN	6.61e-07	35.4	29.091	55
P81658	sp|Q8TEU8|WFKN2_HUMAN	1.83e-06	34.3	30.357	56
P81658	sp|Q96NZ8|WFKN1_HUMAN	1.48e-06	34.3	29.412	51
P81658	sp|Q96NZ8|WFKN1_HUMAN	0.004	25.0	38.462	26
P81658	sp|Q9BQY6|WFDC6_HUMAN	0.002	25.4	41.379	29
P81902	sp|P48307|TFPI2_HUMAN	5.21e-17	62.8	51.923	52
P81902	sp|P48307|TFPI2_HUMAN	5.1e-07	35.4	36.17	47
P81902	sp|P48307|TFPI2_HUMAN	0.001	25.8	34.091	44
P81902	sp|Q8TEU8|WFKN2_HUMAN	5.26e-17	63.5	52.941	51
P81902	sp|Q8TEU8|WFKN2_HUMAN	4.06e-10	44.3	35.849	53
P81902	sp|Q06481|APLP2_HUMAN	1.07e-16	62.8	50.98	51
P81902	sp|Q96NZ8|WFKN1_HUMAN	2.28e-16	62.0	50.98	51
P81902	sp|Q96NZ8|WFKN1_HUMAN	2.58e-07	36.2	37.778	45
P81902	sp|Q96NZ8|WFKN1_HUMAN	6.1	15.8	31.579	19
P81902	sp|O43278|SPIT1_HUMAN	1.65e-15	59.3	52.941	51
P81902	sp|O43278|SPIT1_HUMAN	1.19e-11	48.5	46.667	45
P81902	sp|P05067|A4_HUMAN	3.11e-15	58.5	50.0	46
P81902	sp|O95925|EPPI_HUMAN	5.99e-14	53.1	43.137	51
P81902	sp|O43291|SPIT2_HUMAN	6.09e-14	54.7	42.308	52
P81902	sp|O43291|SPIT2_HUMAN	2.86e-13	52.8	43.137	51
P81902	sp|P10646|TFPI1_HUMAN	1.44e-13	53.9	48.148	54
P81902	sp|P10646|TFPI1_HUMAN	3.96e-13	52.8	43.137	51
P81902	sp|P10646|TFPI1_HUMAN	2.02e-10	45.1	43.137	51
P81902	sp|P02760|AMBP_HUMAN	1.9e-13	53.5	47.059	51
P81902	sp|P02760|AMBP_HUMAN	1.34e-11	48.5	44.231	52
P81902	sp|P12111|CO6A3_HUMAN	1.54e-12	51.2	39.216	51
P81902	sp|P49223|SPIT3_HUMAN	6.26e-12	47.0	39.216	51
P81902	sp|Q8IUA0|WFDC8_HUMAN	1.34e-11	48.1	38.462	52
P81902	sp|O95428|PPN_HUMAN	2.63e-11	47.4	43.137	51
P81902	sp|O95428|PPN_HUMAN	6.6	15.8	41.176	17
P81902	sp|Q02388|CO7A1_HUMAN	6.32e-11	46.6	42.593	54
P81902	sp|Q2UY09|COSA1_HUMAN	8.36e-11	46.2	32.727	55
P81902	sp|Q6UDR6|SPIT4_HUMAN	7.89e-10	42.0	36.538	52
P81902	sp|Q9BQY6|WFDC6_HUMAN	1.01e-06	34.3	42.857	42
Q08E66	sp|Q8TEU8|WFKN2_HUMAN	0.0	1082.0	91.84	576
Q08E66	sp|Q96NZ8|WFKN1_HUMAN	0.0	590.0	56.49	547
Q08E66	sp|P02760|AMBP_HUMAN	1.43e-23	93.2	39.796	98
Q08E66	sp|P10646|TFPI1_HUMAN	1.64e-19	80.5	33.858	127
Q08E66	sp|P10646|TFPI1_HUMAN	1.71e-15	68.6	31.469	143
Q08E66	sp|P10646|TFPI1_HUMAN	1.61e-14	65.5	39.241	79
Q08E66	sp|P10646|TFPI1_HUMAN	2.74e-07	43.1	27.957	93
Q08E66	sp|O43291|SPIT2_HUMAN	1.94e-18	76.3	25.701	214
Q08E66	sp|O43291|SPIT2_HUMAN	4.04e-14	63.5	48.077	52
Q08E66	sp|O43291|SPIT2_HUMAN	6.17e-07	42.0	27.957	93
Q08E66	sp|P49223|SPIT3_HUMAN	3.36e-18	71.2	50.0	54
Q08E66	sp|P49223|SPIT3_HUMAN	4.08e-06	36.6	33.333	51
Q08E66	sp|P48307|TFPI2_HUMAN	7.33e-17	71.2	38.614	101
Q08E66	sp|P48307|TFPI2_HUMAN	4.02e-13	60.5	48.077	52
Q08E66	sp|P48307|TFPI2_HUMAN	1.99e-11	55.1	29.565	115
Q08E66	sp|P48307|TFPI2_HUMAN	4.53e-05	35.8	36.17	47
Q08E66	sp|O95925|EPPI_HUMAN	1.41e-15	65.1	35.714	84
Q08E66	sp|O95925|EPPI_HUMAN	9.62e-06	36.6	26.23	61
Q08E66	sp|O95925|EPPI_HUMAN	0.47	23.1	34.091	44
Q08E66	sp|Q06481|APLP2_HUMAN	2.16e-14	66.6	50.943	53
Q08E66	sp|Q06481|APLP2_HUMAN	8.08e-08	45.4	47.222	36
Q08E66	sp|Q06481|APLP2_HUMAN	5.2	20.4	28.571	112
Q08E66	sp|P12111|CO6A3_HUMAN	1.22e-12	61.6	42.308	52
Q08E66	sp|P12111|CO6A3_HUMAN	1.73e-06	41.6	31.373	51
Q08E66	sp|P12111|CO6A3_HUMAN	2.0	21.6	35.135	37
Q08E66	sp|P12111|CO6A3_HUMAN	8.0	19.6	24.444	45
Q08E66	sp|Q02388|CO7A1_HUMAN	3.11e-12	60.1	52.727	55
Q08E66	sp|Q02388|CO7A1_HUMAN	3.85e-05	37.0	37.037	54
Q08E66	sp|Q02388|CO7A1_HUMAN	7.5	20.0	63.636	11
Q08E66	sp|Q02388|CO7A1_HUMAN	9.7	19.6	27.778	36
Q08E66	sp|O95428|PPN_HUMAN	7.22e-12	58.9	34.444	90
Q08E66	sp|O95428|PPN_HUMAN	9.57e-09	48.9	41.071	56
Q08E66	sp|O95428|PPN_HUMAN	0.000401	33.9	27.848	79
Q08E66	sp|O95428|PPN_HUMAN	0.001	32.3	28.736	87
Q08E66	sp|O95428|PPN_HUMAN	0.12	25.8	24.0	100
Q08E66	sp|O43278|SPIT1_HUMAN	2.38e-11	56.6	54.545	44
Q08E66	sp|O43278|SPIT1_HUMAN	3.8e-09	49.7	47.727	44
Q08E66	sp|O43278|SPIT1_HUMAN	5.83e-07	42.7	30.864	81
Q08E66	sp|P05067|A4_HUMAN	1.15e-10	54.7	47.727	44
Q08E66	sp|P05067|A4_HUMAN	1.2e-08	48.1	28.0	125
Q08E66	sp|P05067|A4_HUMAN	1.9	21.6	47.059	17
Q08E66	sp|Q8IUA0|WFDC8_HUMAN	1.71e-10	52.4	36.364	66
Q08E66	sp|Q8IUA0|WFDC8_HUMAN	9.78e-07	41.2	36.538	52
Q08E66	sp|Q8IUA0|WFDC8_HUMAN	0.25	24.3	37.5	40
Q08E66	sp|Q8IUA0|WFDC8_HUMAN	0.77	22.7	35.897	39
Q08E66	sp|Q2UY09|COSA1_HUMAN	2.13e-09	50.8	40.0	55
Q08E66	sp|Q2UY09|COSA1_HUMAN	2.85e-09	50.4	46.0	50
Q08E66	sp|Q2UY09|COSA1_HUMAN	0.4	23.9	33.333	45
Q08E66	sp|Q6UDR6|SPIT4_HUMAN	4.71e-08	42.4	37.255	51
Q08E66	sp|Q6UDR6|SPIT4_HUMAN	0.000466	31.2	29.545	44
Q08E66	sp|Q9BQY6|WFDC6_HUMAN	9.21e-05	33.9	43.333	30
Q08E66	sp|Q9BQY6|WFDC6_HUMAN	0.1	25.0	34.615	26
Q08E66	sp|Q9BQY6|WFDC6_HUMAN	1.4	21.6	28.571	35
Q1RPS9	sp|P12111|CO6A3_HUMAN	3.37e-16	62.8	42.308	52
Q1RPS9	sp|P12111|CO6A3_HUMAN	3.6	17.3	37.5	16
Q1RPS9	sp|Q02388|CO7A1_HUMAN	6.77e-13	53.5	46.296	54
Q1RPS9	sp|Q02388|CO7A1_HUMAN	0.53	19.6	43.478	23
Q1RPS9	sp|P10646|TFPI1_HUMAN	1.05e-12	52.8	36.364	66
Q1RPS9	sp|P10646|TFPI1_HUMAN	4.34e-11	48.1	40.385	52
Q1RPS9	sp|P10646|TFPI1_HUMAN	1.17e-09	44.3	32.203	59
Q1RPS9	sp|Q06481|APLP2_HUMAN	4.65e-11	48.1	37.255	51
Q1RPS9	sp|O95925|EPPI_HUMAN	7.98e-11	46.2	35.714	56
Q1RPS9	sp|P49223|SPIT3_HUMAN	8.03e-11	45.4	37.255	51
Q1RPS9	sp|P48307|TFPI2_HUMAN	1.56e-10	46.6	41.509	53
Q1RPS9	sp|P48307|TFPI2_HUMAN	4.54e-10	45.1	41.176	51
Q1RPS9	sp|P48307|TFPI2_HUMAN	0.055	22.3	29.545	44
Q1RPS9	sp|P05067|A4_HUMAN	1.71e-10	46.6	41.304	46
Q1RPS9	sp|P05067|A4_HUMAN	1.9	18.1	45.455	11
Q1RPS9	sp|Q8TEU8|WFKN2_HUMAN	1.76e-10	46.6	39.216	51
Q1RPS9	sp|Q8TEU8|WFKN2_HUMAN	4.73e-06	33.9	31.373	51
Q1RPS9	sp|O43278|SPIT1_HUMAN	2.6e-10	46.2	33.846	65
Q1RPS9	sp|O43278|SPIT1_HUMAN	3.55e-10	45.8	38.889	54
Q1RPS9	sp|O43278|SPIT1_HUMAN	3.1	17.7	34.783	23
Q1RPS9	sp|P02760|AMBP_HUMAN	3.74e-10	45.4	37.5	56
Q1RPS9	sp|P02760|AMBP_HUMAN	1.01e-08	41.6	39.216	51
Q1RPS9	sp|Q96NZ8|WFKN1_HUMAN	4.91e-10	45.4	41.176	51
Q1RPS9	sp|Q96NZ8|WFKN1_HUMAN	0.001	27.7	28.889	45
Q1RPS9	sp|Q6UDR6|SPIT4_HUMAN	6.18e-10	43.1	27.957	93
Q1RPS9	sp|Q2UY09|COSA1_HUMAN	9.4e-10	44.7	35.484	62
Q1RPS9	sp|O43291|SPIT2_HUMAN	3.31e-09	42.7	33.333	54
Q1RPS9	sp|O43291|SPIT2_HUMAN	9.52e-09	41.6	30.508	59
Q1RPS9	sp|O95428|PPN_HUMAN	8.88e-09	42.0	37.736	53
Q1RPS9	sp|O95428|PPN_HUMAN	7.7	16.5	23.077	26
Q1RPS9	sp|Q9BQY6|WFDC6_HUMAN	3.09e-06	33.9	51.852	27
Q1RPS9	sp|Q8IUA0|WFDC8_HUMAN	0.000427	28.5	31.373	51
Q1RPT0	sp|P12111|CO6A3_HUMAN	9.44e-13	53.1	41.176	51
Q1RPT0	sp|Q06481|APLP2_HUMAN	3.04e-11	48.9	39.216	51
Q1RPT0	sp|O43278|SPIT1_HUMAN	3.22e-11	48.9	39.216	51
Q1RPT0	sp|O43278|SPIT1_HUMAN	1.65e-06	35.4	27.941	68
Q1RPT0	sp|Q2UY09|COSA1_HUMAN	1.4e-09	44.3	32.812	64
Q1RPT0	sp|P02760|AMBP_HUMAN	2.23e-09	43.5	37.255	51
Q1RPT0	sp|P02760|AMBP_HUMAN	3.25e-08	40.0	30.357	56
Q1RPT0	sp|P02760|AMBP_HUMAN	7.3	16.5	34.615	26
Q1RPT0	sp|P05067|A4_HUMAN	3.14e-09	43.1	32.609	46
Q1RPT0	sp|P05067|A4_HUMAN	7.7	16.5	45.455	11
Q1RPT0	sp|P10646|TFPI1_HUMAN	4.46e-09	42.7	34.483	58
Q1RPT0	sp|P10646|TFPI1_HUMAN	4.82e-09	42.4	32.812	64
Q1RPT0	sp|P10646|TFPI1_HUMAN	6.93e-09	42.0	37.255	51
Q1RPT0	sp|Q8TEU8|WFKN2_HUMAN	1.01e-08	41.6	28.788	66
Q1RPT0	sp|Q8TEU8|WFKN2_HUMAN	1.15e-07	38.5	35.294	51
Q1RPT0	sp|P48307|TFPI2_HUMAN	3.95e-08	40.0	38.298	47
Q1RPT0	sp|P48307|TFPI2_HUMAN	9.97e-08	38.9	36.735	49
Q1RPT0	sp|O95428|PPN_HUMAN	7.61e-08	39.3	38.095	42
Q1RPT0	sp|O95925|EPPI_HUMAN	1.72e-07	37.4	36.17	47
Q1RPT0	sp|Q02388|CO7A1_HUMAN	2.29e-07	37.7	33.333	54
Q1RPT0	sp|Q96NZ8|WFKN1_HUMAN	2.37e-07	37.7	45.714	35
Q1RPT0	sp|Q96NZ8|WFKN1_HUMAN	0.003	26.2	25.49	51
Q1RPT0	sp|P49223|SPIT3_HUMAN	2.89e-07	36.2	33.333	51
Q1RPT0	sp|Q6UDR6|SPIT4_HUMAN	8.66e-07	35.0	45.455	33
Q1RPT0	sp|O43291|SPIT2_HUMAN	1.74e-06	35.4	30.769	52
Q1RPT0	sp|O43291|SPIT2_HUMAN	3.46e-05	31.6	30.952	42
Q1RPT0	sp|Q8IUA0|WFDC8_HUMAN	2.14e-06	35.0	32.558	43
Q1RPT0	sp|Q8IUA0|WFDC8_HUMAN	8.6	16.2	34.483	29
Q1RPT0	sp|Q9BQY6|WFDC6_HUMAN	5.95e-06	33.1	39.394	33
Q28201	sp|P49223|SPIT3_HUMAN	8.51e-16	63.5	48.148	54
Q28201	sp|Q8TEU8|WFKN2_HUMAN	1.91e-15	68.2	49.153	59
Q28201	sp|Q8TEU8|WFKN2_HUMAN	1.1e-07	43.9	36.667	60
Q28201	sp|O43291|SPIT2_HUMAN	3.75e-15	65.5	49.057	53
Q28201	sp|O43291|SPIT2_HUMAN	4.53e-10	50.4	35.185	54
Q28201	sp|Q06481|APLP2_HUMAN	9.07e-14	63.2	45.283	53
Q28201	sp|Q06481|APLP2_HUMAN	8.6	18.9	39.13	23
Q28201	sp|P10646|TFPI1_HUMAN	1.55e-13	61.2	50.909	55
Q28201	sp|P10646|TFPI1_HUMAN	3.32e-13	60.5	44.643	56
Q28201	sp|P10646|TFPI1_HUMAN	2.31e-11	54.7	41.071	56
Q28201	sp|P48307|TFPI2_HUMAN	2.15e-12	57.0	48.0	50
Q28201	sp|P48307|TFPI2_HUMAN	4.25e-12	56.2	41.538	65
Q28201	sp|P48307|TFPI2_HUMAN	0.002	29.6	32.759	58
Q28201	sp|O95428|PPN_HUMAN	6.9e-12	57.4	40.984	61
Q28201	sp|O95925|EPPI_HUMAN	1.07e-11	53.1	41.818	55
Q28201	sp|P02760|AMBP_HUMAN	1.87e-11	55.5	50.0	44
Q28201	sp|P02760|AMBP_HUMAN	7.4e-09	47.4	39.623	53
Q28201	sp|P05067|A4_HUMAN	3.08e-11	55.1	44.444	45
Q28201	sp|Q96NZ8|WFKN1_HUMAN	6.63e-11	53.9	44.231	52
Q28201	sp|Q96NZ8|WFKN1_HUMAN	2.49e-06	39.7	35.484	62
Q28201	sp|Q2UY09|COSA1_HUMAN	4.68e-10	51.6	37.736	53
Q28201	sp|Q6UDR6|SPIT4_HUMAN	6.83e-10	47.0	54.286	35
Q28201	sp|O43278|SPIT1_HUMAN	7.06e-10	50.8	39.216	51
Q28201	sp|O43278|SPIT1_HUMAN	4.17e-09	48.5	37.255	51
Q28201	sp|P12111|CO6A3_HUMAN	1.56e-09	50.1	32.258	62
Q28201	sp|P12111|CO6A3_HUMAN	1.7	21.2	24.299	107
Q28201	sp|P12111|CO6A3_HUMAN	5.5	19.6	22.43	107
Q28201	sp|Q02388|CO7A1_HUMAN	3.32e-08	45.8	29.07	86
Q28201	sp|Q02388|CO7A1_HUMAN	4.2	20.0	32.653	49
Q28201	sp|Q8IUA0|WFDC8_HUMAN	1.05e-07	43.1	39.216	51
Q28201	sp|Q9BQY6|WFDC6_HUMAN	0.000148	32.3	41.379	29
Q28864	sp|P10646|TFPI1_HUMAN	0.0	543.0	93.421	304
Q28864	sp|P48307|TFPI2_HUMAN	3.21e-26	95.5	33.333	171
Q28864	sp|P48307|TFPI2_HUMAN	4.93e-11	52.8	47.17	53
Q28864	sp|O43291|SPIT2_HUMAN	1.94e-22	85.5	35.57	149
Q28864	sp|O43291|SPIT2_HUMAN	2.69e-20	79.7	27.632	152
Q28864	sp|O43291|SPIT2_HUMAN	8.12e-11	52.4	37.143	70
Q28864	sp|P02760|AMBP_HUMAN	1.02e-21	85.1	35.811	148
Q28864	sp|P02760|AMBP_HUMAN	2.44e-17	72.4	33.607	122
Q28864	sp|P02760|AMBP_HUMAN	2.37e-09	48.5	42.222	45
Q28864	sp|O43278|SPIT1_HUMAN	1.32e-19	79.7	27.511	229
Q28864	sp|O43278|SPIT1_HUMAN	7.09e-11	53.5	35.294	85
Q28864	sp|O43278|SPIT1_HUMAN	3.73e-10	51.2	33.962	106
Q28864	sp|Q8TEU8|WFKN2_HUMAN	2.1e-19	79.3	35.246	122
Q28864	sp|Q8TEU8|WFKN2_HUMAN	1.03e-15	68.2	31.469	143
Q28864	sp|Q8TEU8|WFKN2_HUMAN	2.3e-06	39.3	25.0	88
Q28864	sp|P49223|SPIT3_HUMAN	4.77e-16	63.9	51.786	56
Q28864	sp|P49223|SPIT3_HUMAN	7.35e-13	55.1	36.923	65
Q28864	sp|P49223|SPIT3_HUMAN	2.29e-12	53.5	41.818	55
Q28864	sp|Q96NZ8|WFKN1_HUMAN	1.06e-15	68.2	32.174	115
Q28864	sp|Q96NZ8|WFKN1_HUMAN	1.16e-14	65.1	29.008	131
Q28864	sp|Q96NZ8|WFKN1_HUMAN	4.53e-10	50.8	39.216	51
Q28864	sp|Q96NZ8|WFKN1_HUMAN	0.003	29.3	31.579	38
Q28864	sp|Q96NZ8|WFKN1_HUMAN	1.7	20.8	26.923	26
Q28864	sp|P12111|CO6A3_HUMAN	9.03e-15	65.9	37.179	78
Q28864	sp|P12111|CO6A3_HUMAN	3.31e-14	64.3	45.283	53
Q28864	sp|P12111|CO6A3_HUMAN	8.28e-12	56.6	45.098	51
Q28864	sp|Q06481|APLP2_HUMAN	9.18e-14	62.4	47.17	53
Q28864	sp|Q06481|APLP2_HUMAN	2.62e-10	52.0	48.077	52
Q28864	sp|Q06481|APLP2_HUMAN	6.82e-09	47.4	40.385	52
Q28864	sp|Q06481|APLP2_HUMAN	9.6	18.5	33.333	27
Q28864	sp|Q02388|CO7A1_HUMAN	2.29e-13	61.6	32.0	125
Q28864	sp|Q02388|CO7A1_HUMAN	7.05e-11	53.9	36.923	65
Q28864	sp|Q02388|CO7A1_HUMAN	4.67e-09	48.1	39.286	56
Q28864	sp|P05067|A4_HUMAN	2.25e-12	58.2	43.86	57
Q28864	sp|P05067|A4_HUMAN	3.69e-12	57.4	40.0	55
Q28864	sp|P05067|A4_HUMAN	5.62e-09	47.8	40.816	49
Q28864	sp|O95428|PPN_HUMAN	4.73e-12	57.4	41.818	55
Q28864	sp|O95428|PPN_HUMAN	5.98e-12	57.0	40.0	60
Q28864	sp|O95428|PPN_HUMAN	4.43e-08	45.1	39.216	51
Q28864	sp|O95925|EPPI_HUMAN	6.92e-11	50.4	38.596	57
Q28864	sp|O95925|EPPI_HUMAN	9.82e-09	44.3	34.483	58
Q28864	sp|O95925|EPPI_HUMAN	3.64e-08	42.7	42.308	52
Q28864	sp|Q2UY09|COSA1_HUMAN	8.31e-11	53.5	38.889	54
Q28864	sp|Q2UY09|COSA1_HUMAN	1.8e-08	46.2	37.037	54
Q28864	sp|Q2UY09|COSA1_HUMAN	2.02e-07	42.7	34.615	52
Q28864	sp|Q6UDR6|SPIT4_HUMAN	5.16e-09	44.3	45.283	53
Q28864	sp|Q6UDR6|SPIT4_HUMAN	6.98e-07	38.5	32.692	52
Q28864	sp|Q6UDR6|SPIT4_HUMAN	3.32e-06	36.6	39.216	51
Q28864	sp|Q8IUA0|WFDC8_HUMAN	4.11e-08	43.9	39.216	51
Q28864	sp|Q8IUA0|WFDC8_HUMAN	1.18e-05	36.6	35.294	51
Q28864	sp|Q8IUA0|WFDC8_HUMAN	0.000538	31.6	27.397	73
Q28864	sp|Q9BQY6|WFDC6_HUMAN	0.00019	32.0	45.161	31
Q28864	sp|Q9BQY6|WFDC6_HUMAN	0.000312	31.2	48.387	31
Q28864	sp|Q9BQY6|WFDC6_HUMAN	0.001	30.0	50.0	28
Q29100	sp|P02760|AMBP_HUMAN	8.51e-16	63.2	58.333	48
Q29100	sp|P02760|AMBP_HUMAN	4e-10	47.0	37.143	70
Q29100	sp|O95925|EPPI_HUMAN	4.55e-15	58.5	47.059	51
Q29100	sp|Q8TEU8|WFKN2_HUMAN	4.95e-15	61.2	49.123	57
Q29100	sp|Q8TEU8|WFKN2_HUMAN	3.1e-06	35.8	27.848	79
Q29100	sp|O43291|SPIT2_HUMAN	9.53e-15	59.7	45.614	57
Q29100	sp|O43291|SPIT2_HUMAN	6.29e-13	54.7	38.462	52
Q29100	sp|P49223|SPIT3_HUMAN	4.28e-14	55.1	38.983	59
Q29100	sp|Q06481|APLP2_HUMAN	7.71e-14	57.8	41.176	51
Q29100	sp|Q06481|APLP2_HUMAN	6.1	17.3	25.926	27
Q29100	sp|P05067|A4_HUMAN	2.22e-13	56.6	44.681	47
Q29100	sp|O43278|SPIT1_HUMAN	4.07e-13	55.8	37.143	70
Q29100	sp|O43278|SPIT1_HUMAN	5.09e-13	55.5	42.308	52
Q29100	sp|P10646|TFPI1_HUMAN	9.94e-13	54.3	40.984	61
Q29100	sp|P10646|TFPI1_HUMAN	2.12e-12	53.5	35.417	96
Q29100	sp|P10646|TFPI1_HUMAN	4.58e-12	52.4	38.095	63
Q29100	sp|P12111|CO6A3_HUMAN	2.32e-11	50.8	37.255	51
Q29100	sp|P12111|CO6A3_HUMAN	1.0	20.0	44.444	18
Q29100	sp|P12111|CO6A3_HUMAN	3.1	18.5	50.0	16
Q29100	sp|P12111|CO6A3_HUMAN	6.2	17.3	41.667	36
Q29100	sp|O95428|PPN_HUMAN	2.73e-11	50.4	40.741	54
Q29100	sp|O95428|PPN_HUMAN	0.91	20.0	37.5	24
Q29100	sp|O95428|PPN_HUMAN	3.2	18.5	30.0	40
Q29100	sp|P48307|TFPI2_HUMAN	3.41e-11	49.7	42.0	50
Q29100	sp|P48307|TFPI2_HUMAN	2.19e-10	47.4	42.308	52
Q29100	sp|P48307|TFPI2_HUMAN	8.63e-05	31.6	31.579	57
Q29100	sp|Q2UY09|COSA1_HUMAN	4.56e-10	47.0	39.216	51
Q29100	sp|Q96NZ8|WFKN1_HUMAN	1.02e-09	45.8	39.286	56
Q29100	sp|Q96NZ8|WFKN1_HUMAN	6.28e-06	35.0	35.556	45
Q29100	sp|Q6UDR6|SPIT4_HUMAN	7.35e-09	41.6	43.902	41
Q29100	sp|Q02388|CO7A1_HUMAN	2.84e-08	42.0	40.426	47
Q29100	sp|Q02388|CO7A1_HUMAN	4.9	17.7	46.154	13
Q29100	sp|Q02388|CO7A1_HUMAN	6.5	17.3	34.783	23
Q29100	sp|Q02388|CO7A1_HUMAN	8.7	16.9	57.143	14
Q29100	sp|Q9BQY6|WFDC6_HUMAN	1.16e-06	36.2	51.724	29
Q29100	sp|Q8IUA0|WFDC8_HUMAN	7.64e-06	34.7	33.333	51
Q29143	sp|P49223|SPIT3_HUMAN	5.74e-16	59.3	38.095	63
Q29143	sp|P02760|AMBP_HUMAN	6.55e-16	62.8	53.846	52
Q29143	sp|P02760|AMBP_HUMAN	1.51e-09	44.7	41.176	51
Q29143	sp|O95428|PPN_HUMAN	1.84e-14	58.9	40.678	59
Q29143	sp|O95428|PPN_HUMAN	7.9	16.9	31.579	19
Q29143	sp|P10646|TFPI1_HUMAN	3.93e-14	57.4	47.273	55
Q29143	sp|P10646|TFPI1_HUMAN	6.79e-14	57.0	40.789	76
Q29143	sp|P10646|TFPI1_HUMAN	2.74e-13	55.1	42.105	57
Q29143	sp|Q8TEU8|WFKN2_HUMAN	5.07e-14	57.4	45.098	51
Q29143	sp|Q8TEU8|WFKN2_HUMAN	1.44e-08	42.0	24.211	95
Q29143	sp|O43291|SPIT2_HUMAN	1.02e-13	56.2	39.655	58
Q29143	sp|O43291|SPIT2_HUMAN	3.46e-08	40.8	34.091	44
Q29143	sp|P48307|TFPI2_HUMAN	1.07e-13	55.8	44.828	58
Q29143	sp|P48307|TFPI2_HUMAN	1.43e-13	55.5	42.593	54
Q29143	sp|P48307|TFPI2_HUMAN	2.51e-06	35.4	35.484	62
Q29143	sp|P12111|CO6A3_HUMAN	3.33e-13	55.1	38.095	63
Q29143	sp|P12111|CO6A3_HUMAN	0.074	22.7	40.0	30
Q29143	sp|P12111|CO6A3_HUMAN	3.0	18.1	31.111	45
Q29143	sp|P12111|CO6A3_HUMAN	4.8	17.3	26.923	26
Q29143	sp|O95925|EPPI_HUMAN	3.8e-13	52.8	37.705	61
Q29143	sp|Q2UY09|COSA1_HUMAN	4.69e-13	54.7	41.176	51
Q29143	sp|Q2UY09|COSA1_HUMAN	4.6	17.7	30.435	23
Q29143	sp|P05067|A4_HUMAN	4.94e-12	52.0	43.182	44
Q29143	sp|Q6UDR6|SPIT4_HUMAN	1.2e-11	48.1	56.098	41
Q29143	sp|Q96NZ8|WFKN1_HUMAN	1.32e-11	50.4	43.137	51
Q29143	sp|Q96NZ8|WFKN1_HUMAN	0.000351	29.3	25.0	56
Q29143	sp|Q96NZ8|WFKN1_HUMAN	0.52	20.4	25.424	59
Q29143	sp|Q02388|CO7A1_HUMAN	1.72e-11	50.4	37.037	54
Q29143	sp|O43278|SPIT1_HUMAN	5.05e-11	48.9	46.667	45
Q29143	sp|O43278|SPIT1_HUMAN	5.6e-10	45.8	30.769	78
Q29143	sp|Q06481|APLP2_HUMAN	8.23e-11	48.5	32.143	56
Q29143	sp|Q8IUA0|WFDC8_HUMAN	6.32e-10	45.4	37.736	53
Q29143	sp|Q8IUA0|WFDC8_HUMAN	8.6	16.5	28.571	28
Q29143	sp|Q9BQY6|WFDC6_HUMAN	4.85e-05	31.2	43.333	30
Q29428	sp|Q8TEU8|WFKN2_HUMAN	1.32e-16	70.1	50.847	59
Q29428	sp|Q8TEU8|WFKN2_HUMAN	2.45e-10	51.2	26.582	158
Q29428	sp|O43291|SPIT2_HUMAN	1.01e-15	66.2	49.057	53
Q29428	sp|O43291|SPIT2_HUMAN	7.1e-11	52.0	35.185	54
Q29428	sp|P49223|SPIT3_HUMAN	6.59e-15	60.1	50.0	54
Q29428	sp|P10646|TFPI1_HUMAN	8.99e-15	63.9	49.231	65
Q29428	sp|P10646|TFPI1_HUMAN	6.04e-14	61.6	46.429	56
Q29428	sp|P10646|TFPI1_HUMAN	7.74e-13	58.2	41.071	56
Q29428	sp|P48307|TFPI2_HUMAN	4.17e-14	61.2	50.0	50
Q29428	sp|P48307|TFPI2_HUMAN	9.2e-13	57.4	40.625	64
Q29428	sp|P48307|TFPI2_HUMAN	0.000132	33.1	31.667	60
Q29428	sp|Q06481|APLP2_HUMAN	1.14e-13	61.6	43.396	53
Q29428	sp|Q06481|APLP2_HUMAN	1.6	20.8	33.333	42
Q29428	sp|O95428|PPN_HUMAN	2.96e-12	57.4	39.344	61
Q29428	sp|O95428|PPN_HUMAN	9.6	18.1	29.73	37
Q29428	sp|Q96NZ8|WFKN1_HUMAN	7.8e-12	55.8	44.231	52
Q29428	sp|Q96NZ8|WFKN1_HUMAN	6.18e-07	40.8	35.484	62
Q29428	sp|O95925|EPPI_HUMAN	1.13e-11	52.4	39.655	58
Q29428	sp|Q2UY09|COSA1_HUMAN	2.14e-11	54.7	37.736	53
Q29428	sp|P02760|AMBP_HUMAN	2.62e-11	53.9	50.0	44
Q29428	sp|P02760|AMBP_HUMAN	1.74e-08	45.4	37.736	53
Q29428	sp|P05067|A4_HUMAN	3.49e-11	53.9	44.444	45
Q29428	sp|O43278|SPIT1_HUMAN	2.65e-10	51.2	39.216	51
Q29428	sp|O43278|SPIT1_HUMAN	2.96e-09	48.1	37.255	51
Q29428	sp|P12111|CO6A3_HUMAN	3.18e-09	48.1	35.849	53
Q29428	sp|Q6UDR6|SPIT4_HUMAN	3.89e-09	44.7	51.429	35
Q29428	sp|Q02388|CO7A1_HUMAN	9.38e-09	46.6	30.588	85
Q29428	sp|Q8IUA0|WFDC8_HUMAN	1.78e-08	44.7	39.216	51
Q29428	sp|Q9BQY6|WFDC6_HUMAN	2.07e-05	34.7	40.625	32
Q2ES46	sp|P10646|TFPI1_HUMAN	3.61e-20	73.9	52.632	57
Q2ES46	sp|P10646|TFPI1_HUMAN	2.88e-16	63.2	48.077	52
Q2ES46	sp|P10646|TFPI1_HUMAN	7.58e-15	59.3	42.647	68
Q2ES46	sp|Q8TEU8|WFKN2_HUMAN	2.6e-18	69.3	54.902	51
Q2ES46	sp|Q8TEU8|WFKN2_HUMAN	8.6e-08	39.7	35.294	51
Q2ES46	sp|O43278|SPIT1_HUMAN	1.12e-16	64.7	45.333	75
Q2ES46	sp|O43278|SPIT1_HUMAN	1.62e-13	55.8	32.53	83
Q2ES46	sp|Q06481|APLP2_HUMAN	1.65e-16	64.3	41.791	67
Q2ES46	sp|P48307|TFPI2_HUMAN	7.92e-16	61.6	50.943	53
Q2ES46	sp|P48307|TFPI2_HUMAN	1.38e-15	60.8	48.0	50
Q2ES46	sp|P48307|TFPI2_HUMAN	0.000145	30.0	31.034	58
Q2ES46	sp|O43291|SPIT2_HUMAN	9.28e-16	61.6	44.444	54
Q2ES46	sp|O43291|SPIT2_HUMAN	1.65e-13	55.5	36.508	63
Q2ES46	sp|Q96NZ8|WFKN1_HUMAN	1.62e-15	61.6	50.98	51
Q2ES46	sp|Q96NZ8|WFKN1_HUMAN	2.06e-06	35.4	32.609	46
Q2ES46	sp|P12111|CO6A3_HUMAN	1.84e-15	61.2	44.231	52
Q2ES46	sp|P12111|CO6A3_HUMAN	1.1	19.2	33.333	27
Q2ES46	sp|P12111|CO6A3_HUMAN	9.9	16.5	66.667	6
Q2ES46	sp|P05067|A4_HUMAN	5.78e-15	60.1	44.898	49
Q2ES46	sp|P49223|SPIT3_HUMAN	1.46e-14	55.5	37.037	54
Q2ES46	sp|O95925|EPPI_HUMAN	4.43e-14	55.1	38.182	55
Q2ES46	sp|P02760|AMBP_HUMAN	5.22e-13	54.3	41.818	55
Q2ES46	sp|P02760|AMBP_HUMAN	1.59e-12	52.8	45.098	51
Q2ES46	sp|Q02388|CO7A1_HUMAN	2.75e-12	52.4	40.625	64
Q2ES46	sp|Q02388|CO7A1_HUMAN	4.7	17.3	77.778	9
Q2ES46	sp|Q02388|CO7A1_HUMAN	6.3	16.9	66.667	9
Q2ES46	sp|Q02388|CO7A1_HUMAN	6.9	16.9	66.667	9
Q2ES46	sp|O95428|PPN_HUMAN	7.57e-12	51.2	42.857	63
Q2ES46	sp|O95428|PPN_HUMAN	2.8	18.1	33.333	33
Q2ES46	sp|O95428|PPN_HUMAN	5.4	17.3	42.857	14
Q2ES46	sp|Q8IUA0|WFDC8_HUMAN	1.06e-11	50.4	42.623	61
Q2ES46	sp|Q2UY09|COSA1_HUMAN	1.66e-11	50.1	33.871	62
Q2ES46	sp|Q6UDR6|SPIT4_HUMAN	4.74e-11	46.6	36.709	79
Q2ES46	sp|Q9BQY6|WFDC6_HUMAN	3.59e-06	34.3	51.724	29
Q2ES47	sp|P10646|TFPI1_HUMAN	3.33e-20	73.6	52.632	57
Q2ES47	sp|P10646|TFPI1_HUMAN	3.99e-16	62.4	48.148	54
Q2ES47	sp|P10646|TFPI1_HUMAN	1.71e-15	60.5	46.154	52
Q2ES47	sp|Q8TEU8|WFKN2_HUMAN	1.2e-18	69.7	52.941	51
Q2ES47	sp|Q8TEU8|WFKN2_HUMAN	4.48e-08	39.7	35.294	51
Q2ES47	sp|P12111|CO6A3_HUMAN	4.79e-17	65.5	46.154	52
Q2ES47	sp|P12111|CO6A3_HUMAN	7.1	16.5	66.667	6
Q2ES47	sp|Q06481|APLP2_HUMAN	6.03e-17	65.1	45.614	57
Q2ES47	sp|P48307|TFPI2_HUMAN	6.16e-17	63.9	50.0	50
Q2ES47	sp|P48307|TFPI2_HUMAN	8.05e-15	58.2	49.057	53
Q2ES47	sp|P48307|TFPI2_HUMAN	6.59e-05	30.8	31.667	60
Q2ES47	sp|O43278|SPIT1_HUMAN	6.85e-17	64.7	45.07	71
Q2ES47	sp|O43278|SPIT1_HUMAN	8.92e-14	55.8	36.923	65
Q2ES47	sp|O43278|SPIT1_HUMAN	8.4	16.2	41.176	17
Q2ES47	sp|P05067|A4_HUMAN	5.8e-16	62.4	48.936	47
Q2ES47	sp|P49223|SPIT3_HUMAN	6.37e-16	58.2	38.889	54
Q2ES47	sp|O43291|SPIT2_HUMAN	2.85e-15	59.7	45.283	53
Q2ES47	sp|O43291|SPIT2_HUMAN	7.1e-13	53.1	39.623	53
Q2ES47	sp|Q96NZ8|WFKN1_HUMAN	1.04e-14	58.5	49.02	51
Q2ES47	sp|Q96NZ8|WFKN1_HUMAN	3.89e-06	34.3	32.609	46
Q2ES47	sp|Q96NZ8|WFKN1_HUMAN	1.7	18.5	27.027	37
Q2ES47	sp|O95925|EPPI_HUMAN	3.19e-14	55.1	40.741	54
Q2ES47	sp|Q02388|CO7A1_HUMAN	4.99e-14	56.6	42.188	64
Q2ES47	sp|P02760|AMBP_HUMAN	1.75e-13	55.1	45.098	51
Q2ES47	sp|P02760|AMBP_HUMAN	8.9e-13	53.1	42.308	52
Q2ES47	sp|Q2UY09|COSA1_HUMAN	6.73e-12	50.8	33.871	62
Q2ES47	sp|O95428|PPN_HUMAN	1.8e-11	49.3	42.105	57
Q2ES47	sp|O95428|PPN_HUMAN	3.0	17.7	33.333	33
Q2ES47	sp|Q6UDR6|SPIT4_HUMAN	6e-11	45.8	36.364	77
Q2ES47	sp|Q8IUA0|WFDC8_HUMAN	4.25e-10	45.4	43.137	51
Q2ES47	sp|Q9BQY6|WFDC6_HUMAN	8.44e-06	32.7	57.692	26
Q589G4	sp|P02760|AMBP_HUMAN	2.67e-16	62.8	40.845	71
Q589G4	sp|P02760|AMBP_HUMAN	1.26e-12	52.4	36.066	61
Q589G4	sp|Q96NZ8|WFKN1_HUMAN	3.36e-16	62.4	49.02	51
Q589G4	sp|Q96NZ8|WFKN1_HUMAN	2.57e-05	31.6	27.273	44
Q589G4	sp|Q8TEU8|WFKN2_HUMAN	5.33e-16	62.0	43.103	58
Q589G4	sp|Q8TEU8|WFKN2_HUMAN	1.29e-05	32.3	36.17	47
Q589G4	sp|P49223|SPIT3_HUMAN	1.65e-15	57.0	40.385	52
Q589G4	sp|P12111|CO6A3_HUMAN	5.33e-15	58.9	36.364	55
Q589G4	sp|P48307|TFPI2_HUMAN	1.03e-14	57.4	42.857	56
Q589G4	sp|P48307|TFPI2_HUMAN	4.26e-14	55.8	51.02	49
Q589G4	sp|P48307|TFPI2_HUMAN	0.003	25.8	31.818	44
Q589G4	sp|P10646|TFPI1_HUMAN	2.15e-14	57.0	44.444	54
Q589G4	sp|P10646|TFPI1_HUMAN	1.28e-11	49.3	36.207	58
Q589G4	sp|P10646|TFPI1_HUMAN	5.3e-11	47.8	37.736	53
Q589G4	sp|Q2UY09|COSA1_HUMAN	2.96e-14	57.0	37.255	51
Q589G4	sp|O95428|PPN_HUMAN	5.34e-14	56.2	38.028	71
Q589G4	sp|Q02388|CO7A1_HUMAN	1.05e-13	55.5	46.296	54
Q589G4	sp|Q02388|CO7A1_HUMAN	2.7	17.7	43.75	16
Q589G4	sp|Q02388|CO7A1_HUMAN	3.4	17.3	24.39	41
Q589G4	sp|Q02388|CO7A1_HUMAN	4.4	16.9	50.0	10
Q589G4	sp|O95925|EPPI_HUMAN	4e-12	49.3	34.615	52
Q589G4	sp|Q06481|APLP2_HUMAN	1.14e-11	49.7	34.375	64
Q589G4	sp|O43291|SPIT2_HUMAN	1.27e-11	49.3	35.849	53
Q589G4	sp|O43291|SPIT2_HUMAN	1.05e-08	41.2	32.692	52
Q589G4	sp|O43278|SPIT1_HUMAN	1.32e-09	43.9	29.31	58
Q589G4	sp|O43278|SPIT1_HUMAN	2.58e-09	42.7	40.909	44
Q589G4	sp|P05067|A4_HUMAN	1.5e-09	43.5	43.182	44
Q589G4	sp|Q8IUA0|WFDC8_HUMAN	2.23e-08	40.0	37.255	51
Q589G4	sp|Q6UDR6|SPIT4_HUMAN	3.19e-07	35.8	35.294	51
Q589G4	sp|Q9BQY6|WFDC6_HUMAN	6.69e-05	30.0	42.857	28
Q6NUX0	sp|Q96NZ8|WFKN1_HUMAN	0.0	552.0	52.737	548
Q6NUX0	sp|Q8TEU8|WFKN2_HUMAN	0.0	541.0	49.174	545
Q6NUX0	sp|P10646|TFPI1_HUMAN	2.09e-20	83.2	37.705	122
Q6NUX0	sp|P10646|TFPI1_HUMAN	3.18e-14	64.7	27.891	147
Q6NUX0	sp|P10646|TFPI1_HUMAN	0.000257	33.9	28.571	56
Q6NUX0	sp|P02760|AMBP_HUMAN	1.74e-19	80.9	36.697	109
Q6NUX0	sp|P02760|AMBP_HUMAN	5.11e-11	55.1	47.17	53
Q6NUX0	sp|P02760|AMBP_HUMAN	1.05e-07	44.7	39.623	53
Q6NUX0	sp|P49223|SPIT3_HUMAN	2.36e-15	62.8	46.154	52
Q6NUX0	sp|P49223|SPIT3_HUMAN	4.54e-08	42.4	36.364	55
Q6NUX0	sp|O43291|SPIT2_HUMAN	3.36e-15	66.6	28.082	146
Q6NUX0	sp|O43291|SPIT2_HUMAN	6.6e-11	53.9	40.0	60
Q6NUX0	sp|O43291|SPIT2_HUMAN	3.14e-07	42.7	37.037	54
Q6NUX0	sp|P12111|CO6A3_HUMAN	1.89e-14	67.4	40.678	59
Q6NUX0	sp|P12111|CO6A3_HUMAN	2.59e-07	44.3	35.294	51
Q6NUX0	sp|P12111|CO6A3_HUMAN	9.6	19.6	33.333	18
Q6NUX0	sp|Q02388|CO7A1_HUMAN	1.61e-12	61.2	47.273	55
Q6NUX0	sp|Q02388|CO7A1_HUMAN	2.73e-05	37.7	38.889	54
Q6NUX0	sp|P48307|TFPI2_HUMAN	3.03e-12	57.8	32.143	140
Q6NUX0	sp|P48307|TFPI2_HUMAN	4.19e-12	57.4	44.444	63
Q6NUX0	sp|P48307|TFPI2_HUMAN	5.36e-11	53.9	32.609	92
Q6NUX0	sp|P48307|TFPI2_HUMAN	0.00036	33.1	32.0	50
Q6NUX0	sp|Q06481|APLP2_HUMAN	5.17e-12	58.9	30.612	98
Q6NUX0	sp|Q06481|APLP2_HUMAN	1.21e-06	41.6	38.889	54
Q6NUX0	sp|Q06481|APLP2_HUMAN	0.24	24.6	32.143	56
Q6NUX0	sp|O95925|EPPI_HUMAN	1.12e-11	53.9	35.821	67
Q6NUX0	sp|O95925|EPPI_HUMAN	3.28e-05	35.0	29.63	54
Q6NUX0	sp|O95925|EPPI_HUMAN	0.15	24.3	42.105	19
Q6NUX0	sp|O95428|PPN_HUMAN	4.78e-11	56.2	39.706	68
Q6NUX0	sp|O95428|PPN_HUMAN	2.46e-06	40.8	36.364	55
Q6NUX0	sp|O95428|PPN_HUMAN	0.006	29.6	29.412	68
Q6NUX0	sp|O95428|PPN_HUMAN	0.007	29.6	24.299	107
Q6NUX0	sp|O95428|PPN_HUMAN	0.034	27.3	26.154	130
Q6NUX0	sp|Q6UDR6|SPIT4_HUMAN	3.3e-10	48.5	39.216	51
Q6NUX0	sp|Q6UDR6|SPIT4_HUMAN	0.002	29.3	29.412	51
Q6NUX0	sp|P05067|A4_HUMAN	4.03e-10	52.8	44.681	47
Q6NUX0	sp|P05067|A4_HUMAN	2.49e-06	40.8	45.652	46
Q6NUX0	sp|O43278|SPIT1_HUMAN	3.75e-09	49.7	45.455	44
Q6NUX0	sp|O43278|SPIT1_HUMAN	4.61e-08	46.2	39.623	53
Q6NUX0	sp|O43278|SPIT1_HUMAN	1.3e-05	38.1	32.759	58
Q6NUX0	sp|O43278|SPIT1_HUMAN	1.74e-05	37.7	34.615	52
Q6NUX0	sp|Q8IUA0|WFDC8_HUMAN	3.77e-09	48.5	36.364	66
Q6NUX0	sp|Q8IUA0|WFDC8_HUMAN	0.000154	34.3	33.898	59
Q6NUX0	sp|Q8IUA0|WFDC8_HUMAN	0.000849	32.0	39.474	38
Q6NUX0	sp|Q8IUA0|WFDC8_HUMAN	0.13	25.0	29.31	58
Q6NUX0	sp|Q8IUA0|WFDC8_HUMAN	0.68	22.7	34.884	43
Q6NUX0	sp|Q2UY09|COSA1_HUMAN	2.24e-07	44.3	41.176	51
Q6NUX0	sp|Q2UY09|COSA1_HUMAN	1.03e-06	42.0	34.091	44
Q6NUX0	sp|Q9BQY6|WFDC6_HUMAN	0.001	30.4	40.625	32
Q6NUX0	sp|Q9BQY6|WFDC6_HUMAN	0.47	22.7	35.714	28
Q6NUX0	sp|Q9BQY6|WFDC6_HUMAN	2.6	20.8	40.0	15
Q6T6S5	sp|P10646|TFPI1_HUMAN	4.68e-19	70.5	49.123	57
Q6T6S5	sp|P10646|TFPI1_HUMAN	1.76e-17	66.2	44.444	72
Q6T6S5	sp|P10646|TFPI1_HUMAN	2.17e-16	63.2	44.156	77
Q6T6S5	sp|Q8TEU8|WFKN2_HUMAN	2.21e-17	66.6	54.902	51
Q6T6S5	sp|Q8TEU8|WFKN2_HUMAN	1.52e-10	47.0	37.736	53
Q6T6S5	sp|Q06481|APLP2_HUMAN	3.77e-17	65.9	47.458	59
Q6T6S5	sp|Q06481|APLP2_HUMAN	0.84	19.2	43.75	16
Q6T6S5	sp|O43291|SPIT2_HUMAN	8.17e-17	63.9	49.057	53
Q6T6S5	sp|O43291|SPIT2_HUMAN	1.24e-16	63.5	42.623	61
Q6T6S5	sp|P48307|TFPI2_HUMAN	1.08e-16	63.5	51.852	54
Q6T6S5	sp|P48307|TFPI2_HUMAN	3.67e-16	62.0	52.83	53
Q6T6S5	sp|P48307|TFPI2_HUMAN	0.00049	28.5	31.818	44
Q6T6S5	sp|P12111|CO6A3_HUMAN	1.45e-16	64.3	47.17	53
Q6T6S5	sp|P12111|CO6A3_HUMAN	9.4	16.5	36.0	25
Q6T6S5	sp|O95925|EPPI_HUMAN	3.39e-16	60.5	43.636	55
Q6T6S5	sp|O43278|SPIT1_HUMAN	3.9e-16	62.8	44.444	63
Q6T6S5	sp|O43278|SPIT1_HUMAN	2.77e-15	60.5	49.02	51
Q6T6S5	sp|P02760|AMBP_HUMAN	4.06e-16	62.8	45.902	61
Q6T6S5	sp|P02760|AMBP_HUMAN	2.61e-12	52.0	45.098	51
Q6T6S5	sp|P05067|A4_HUMAN	5.56e-16	62.4	47.17	53
Q6T6S5	sp|Q96NZ8|WFKN1_HUMAN	1.19e-15	61.6	49.057	53
Q6T6S5	sp|Q96NZ8|WFKN1_HUMAN	4.91e-07	37.0	37.778	45
Q6T6S5	sp|P49223|SPIT3_HUMAN	9.39e-15	55.5	40.741	54
Q6T6S5	sp|O95428|PPN_HUMAN	1.06e-14	58.9	43.75	64
Q6T6S5	sp|Q02388|CO7A1_HUMAN	7.15e-14	56.6	46.429	56
Q6T6S5	sp|Q02388|CO7A1_HUMAN	0.27	20.8	45.0	20
Q6T6S5	sp|Q2UY09|COSA1_HUMAN	1.81e-11	49.7	35.484	62
Q6T6S5	sp|Q6UDR6|SPIT4_HUMAN	2.44e-11	47.0	36.842	76
Q6T6S5	sp|Q8IUA0|WFDC8_HUMAN	6.23e-10	45.1	40.385	52
Q6T6S5	sp|Q9BQY6|WFDC6_HUMAN	8.49e-06	33.1	48.276	29
Q6T6T5	sp|P10646|TFPI1_HUMAN	2.3e-19	71.6	44.444	72
Q6T6T5	sp|P10646|TFPI1_HUMAN	1.79e-18	68.9	45.614	57
Q6T6T5	sp|P10646|TFPI1_HUMAN	8.94e-17	64.3	45.455	77
Q6T6T5	sp|Q8TEU8|WFKN2_HUMAN	2.34e-19	72.0	58.824	51
Q6T6T5	sp|Q8TEU8|WFKN2_HUMAN	8.96e-09	42.0	32.075	53
Q6T6T5	sp|Q8TEU8|WFKN2_HUMAN	7.7	16.5	38.889	18
Q6T6T5	sp|Q06481|APLP2_HUMAN	4.83e-18	68.6	49.153	59
Q6T6T5	sp|P12111|CO6A3_HUMAN	2.87e-17	66.2	47.17	53
Q6T6T5	sp|Q96NZ8|WFKN1_HUMAN	8.3e-17	64.7	47.17	53
Q6T6T5	sp|Q96NZ8|WFKN1_HUMAN	5.44e-06	34.3	29.412	51
Q6T6T5	sp|P48307|TFPI2_HUMAN	1.07e-16	63.5	48.214	56
Q6T6T5	sp|P48307|TFPI2_HUMAN	3.86e-12	51.2	45.283	53
Q6T6T5	sp|P48307|TFPI2_HUMAN	0.01	24.6	27.586	58
Q6T6T5	sp|P49223|SPIT3_HUMAN	4.39e-16	58.9	44.444	54
Q6T6T5	sp|O95925|EPPI_HUMAN	1.3e-15	58.9	45.455	55
Q6T6T5	sp|O43278|SPIT1_HUMAN	5.98e-15	59.7	54.0	50
Q6T6T5	sp|O43278|SPIT1_HUMAN	1.08e-12	53.1	38.095	63
Q6T6T5	sp|O43291|SPIT2_HUMAN	6.08e-15	58.9	44.643	56
Q6T6T5	sp|O43291|SPIT2_HUMAN	1.77e-14	57.8	43.548	62
Q6T6T5	sp|P05067|A4_HUMAN	9.78e-15	58.9	41.509	53
Q6T6T5	sp|P02760|AMBP_HUMAN	2.11e-14	57.8	49.02	51
Q6T6T5	sp|P02760|AMBP_HUMAN	1.5e-13	55.5	40.678	59
Q6T6T5	sp|P02760|AMBP_HUMAN	8.2	16.5	50.0	8
Q6T6T5	sp|O95428|PPN_HUMAN	1.13e-13	55.8	42.188	64
Q6T6T5	sp|Q02388|CO7A1_HUMAN	7.01e-13	53.9	42.593	54
Q6T6T5	sp|Q02388|CO7A1_HUMAN	1.1	19.2	45.0	20
Q6T6T5	sp|Q2UY09|COSA1_HUMAN	9.56e-13	53.5	39.683	63
Q6T6T5	sp|Q6UDR6|SPIT4_HUMAN	2.29e-11	47.0	39.623	53
Q6T6T5	sp|Q8IUA0|WFDC8_HUMAN	2.65e-10	46.2	40.741	54
Q6T6T5	sp|Q9BQY6|WFDC6_HUMAN	4.94e-06	33.5	48.276	29
Q7LZE3	sp|P10646|TFPI1_HUMAN	1.17e-16	62.8	44.444	54
Q7LZE3	sp|P10646|TFPI1_HUMAN	1.36e-15	59.7	46.154	52
Q7LZE3	sp|P10646|TFPI1_HUMAN	1.58e-12	51.2	43.396	53
Q7LZE3	sp|P49223|SPIT3_HUMAN	1.01e-14	54.3	43.137	51
Q7LZE3	sp|P12111|CO6A3_HUMAN	1.39e-14	57.0	40.351	57
Q7LZE3	sp|P12111|CO6A3_HUMAN	0.85	18.5	83.333	6
Q7LZE3	sp|P12111|CO6A3_HUMAN	4.9	16.2	66.667	6
Q7LZE3	sp|Q8TEU8|WFKN2_HUMAN	1.47e-14	57.0	50.98	51
Q7LZE3	sp|Q8TEU8|WFKN2_HUMAN	7.63e-06	32.3	30.189	53
Q7LZE3	sp|P48307|TFPI2_HUMAN	2.2e-14	55.8	48.077	52
Q7LZE3	sp|P48307|TFPI2_HUMAN	3.82e-10	44.3	38.776	49
Q7LZE3	sp|P48307|TFPI2_HUMAN	0.000294	27.7	31.111	45
Q7LZE3	sp|O43291|SPIT2_HUMAN	7.25e-14	54.7	46.154	52
Q7LZE3	sp|O43291|SPIT2_HUMAN	1.69e-12	50.8	36.842	57
Q7LZE3	sp|P05067|A4_HUMAN	9.59e-14	54.7	48.936	47
Q7LZE3	sp|P02760|AMBP_HUMAN	9.65e-14	54.7	45.098	51
Q7LZE3	sp|P02760|AMBP_HUMAN	1.93e-12	50.8	39.216	51
Q7LZE3	sp|Q06481|APLP2_HUMAN	1.6e-13	53.9	38.889	54
Q7LZE3	sp|Q06481|APLP2_HUMAN	0.78	18.5	71.429	7
Q7LZE3	sp|Q96NZ8|WFKN1_HUMAN	5.82e-12	49.7	45.098	51
Q7LZE3	sp|Q96NZ8|WFKN1_HUMAN	2.68e-05	30.8	34.091	44
Q7LZE3	sp|Q02388|CO7A1_HUMAN	6.95e-12	49.3	42.593	54
Q7LZE3	sp|Q02388|CO7A1_HUMAN	1.1	18.1	71.429	7
Q7LZE3	sp|Q02388|CO7A1_HUMAN	9.0	15.4	62.5	8
Q7LZE3	sp|O95925|EPPI_HUMAN	8.54e-12	47.8	37.037	54
Q7LZE3	sp|O43278|SPIT1_HUMAN	1.46e-11	48.5	45.833	48
Q7LZE3	sp|O43278|SPIT1_HUMAN	1.24e-10	45.8	37.931	58
Q7LZE3	sp|Q2UY09|COSA1_HUMAN	4e-10	44.3	30.769	52
Q7LZE3	sp|O95428|PPN_HUMAN	2.26e-09	42.4	37.736	53
Q7LZE3	sp|O95428|PPN_HUMAN	3.1	16.9	40.0	25
Q7LZE3	sp|Q8IUA0|WFDC8_HUMAN	7.43e-09	40.8	36.538	52
Q7LZE3	sp|Q6UDR6|SPIT4_HUMAN	1.01e-08	39.3	35.849	53
Q7LZE3	sp|Q9BQY6|WFDC6_HUMAN	0.00063	26.9	44.828	29
Q7LZS8	sp|P10646|TFPI1_HUMAN	5.74e-17	63.5	44.828	58
Q7LZS8	sp|P10646|TFPI1_HUMAN	2.35e-15	58.9	46.154	52
Q7LZS8	sp|P10646|TFPI1_HUMAN	3.61e-13	52.8	45.283	53
Q7LZS8	sp|P49223|SPIT3_HUMAN	4.97e-15	55.1	43.137	51
Q7LZS8	sp|P12111|CO6A3_HUMAN	5.26e-15	58.2	40.351	57
Q7LZS8	sp|P12111|CO6A3_HUMAN	0.85	18.5	83.333	6
Q7LZS8	sp|P12111|CO6A3_HUMAN	4.9	16.2	66.667	6
Q7LZS8	sp|Q8TEU8|WFKN2_HUMAN	1.64e-14	57.0	50.98	51
Q7LZS8	sp|Q8TEU8|WFKN2_HUMAN	4.18e-06	33.1	30.189	53
Q7LZS8	sp|Q8TEU8|WFKN2_HUMAN	9.9	15.4	32.0	25
Q7LZS8	sp|P48307|TFPI2_HUMAN	3.64e-14	55.5	48.077	52
Q7LZS8	sp|P48307|TFPI2_HUMAN	4.01e-10	44.3	38.776	49
Q7LZS8	sp|P48307|TFPI2_HUMAN	0.000373	27.7	31.111	45
Q7LZS8	sp|O43291|SPIT2_HUMAN	4.59e-14	55.1	46.154	52
Q7LZS8	sp|O43291|SPIT2_HUMAN	2.11e-12	50.4	36.842	57
Q7LZS8	sp|P05067|A4_HUMAN	7.51e-14	55.1	48.936	47
Q7LZS8	sp|P02760|AMBP_HUMAN	1.27e-13	54.3	45.098	51
Q7LZS8	sp|P02760|AMBP_HUMAN	2e-12	50.8	39.216	51
Q7LZS8	sp|Q06481|APLP2_HUMAN	1.49e-13	54.3	38.889	54
Q7LZS8	sp|Q06481|APLP2_HUMAN	0.77	18.5	71.429	7
Q7LZS8	sp|Q02388|CO7A1_HUMAN	1.66e-12	51.2	44.444	54
Q7LZS8	sp|Q02388|CO7A1_HUMAN	1.2	18.1	71.429	7
Q7LZS8	sp|Q02388|CO7A1_HUMAN	9.7	15.4	62.5	8
Q7LZS8	sp|Q96NZ8|WFKN1_HUMAN	6.36e-12	49.7	45.098	51
Q7LZS8	sp|Q96NZ8|WFKN1_HUMAN	2.11e-05	31.2	34.091	44
Q7LZS8	sp|O95925|EPPI_HUMAN	1.08e-11	47.4	37.037	54
Q7LZS8	sp|O43278|SPIT1_HUMAN	1.57e-11	48.5	46.154	52
Q7LZS8	sp|O43278|SPIT1_HUMAN	1.38e-10	45.8	37.931	58
Q7LZS8	sp|Q2UY09|COSA1_HUMAN	4.83e-10	44.3	30.769	52
Q7LZS8	sp|O95428|PPN_HUMAN	1.67e-09	42.7	37.736	53
Q7LZS8	sp|Q8IUA0|WFDC8_HUMAN	5.52e-09	41.2	36.538	52
Q7LZS8	sp|Q6UDR6|SPIT4_HUMAN	1.04e-08	39.3	35.849	53
Q7LZS8	sp|Q9BQY6|WFDC6_HUMAN	0.000514	26.9	44.828	29
Q7T2Q6	sp|O43278|SPIT1_HUMAN	1.96e-12	52.0	44.231	52
Q7T2Q6	sp|O43278|SPIT1_HUMAN	2.12e-11	49.3	31.884	69
Q7T2Q6	sp|P12111|CO6A3_HUMAN	3.67e-12	51.2	41.176	51
Q7T2Q6	sp|P12111|CO6A3_HUMAN	8.9	16.2	66.667	6
Q7T2Q6	sp|P10646|TFPI1_HUMAN	4.94e-12	50.8	37.879	66
Q7T2Q6	sp|P10646|TFPI1_HUMAN	6.34e-08	39.3	33.333	54
Q7T2Q6	sp|P10646|TFPI1_HUMAN	7.21e-08	39.3	37.255	51
Q7T2Q6	sp|O43291|SPIT2_HUMAN	2.88e-11	48.5	38.095	42
Q7T2Q6	sp|O43291|SPIT2_HUMAN	3.83e-10	45.4	39.535	43
Q7T2Q6	sp|P02760|AMBP_HUMAN	4.84e-11	48.1	37.5	56
Q7T2Q6	sp|P02760|AMBP_HUMAN	2.62e-08	40.4	33.333	51
Q7T2Q6	sp|P02760|AMBP_HUMAN	3.6	17.3	25.926	54
Q7T2Q6	sp|Q8TEU8|WFKN2_HUMAN	9.91e-11	47.4	39.216	51
Q7T2Q6	sp|Q8TEU8|WFKN2_HUMAN	5.32e-09	42.4	30.769	65
Q7T2Q6	sp|Q06481|APLP2_HUMAN	2.03e-10	46.6	35.294	51
Q7T2Q6	sp|P48307|TFPI2_HUMAN	2.73e-10	45.8	36.17	47
Q7T2Q6	sp|P48307|TFPI2_HUMAN	1.41e-07	38.1	38.095	42
Q7T2Q6	sp|P48307|TFPI2_HUMAN	7.41e-05	30.4	35.556	45
Q7T2Q6	sp|Q2UY09|COSA1_HUMAN	3.46e-09	43.1	32.258	62
Q7T2Q6	sp|Q96NZ8|WFKN1_HUMAN	4.49e-09	42.7	39.216	51
Q7T2Q6	sp|Q96NZ8|WFKN1_HUMAN	4.71e-07	37.0	30.864	81
Q7T2Q6	sp|P05067|A4_HUMAN	5.24e-09	42.4	40.476	42
Q7T2Q6	sp|P49223|SPIT3_HUMAN	6.79e-09	40.4	31.818	66
Q7T2Q6	sp|O95925|EPPI_HUMAN	1.28e-08	40.4	33.333	51
Q7T2Q6	sp|O95428|PPN_HUMAN	2.74e-08	40.4	36.538	52
Q7T2Q6	sp|Q02388|CO7A1_HUMAN	2.11e-07	37.7	33.333	54
Q7T2Q6	sp|Q6UDR6|SPIT4_HUMAN	2.66e-06	33.9	35.385	65
Q7T2Q6	sp|Q9BQY6|WFDC6_HUMAN	2.68e-06	34.3	43.333	30
Q7T2Q6	sp|Q8IUA0|WFDC8_HUMAN	0.002	26.9	28.571	42
Q7YRQ8	sp|P48307|TFPI2_HUMAN	1.45e-109	306.0	70.464	237
Q7YRQ8	sp|P10646|TFPI1_HUMAN	7.38e-39	128.0	30.705	241
Q7YRQ8	sp|P10646|TFPI1_HUMAN	5.26e-10	49.3	35.0	80
Q7YRQ8	sp|O43278|SPIT1_HUMAN	1.24e-19	78.2	27.57	214
Q7YRQ8	sp|O43278|SPIT1_HUMAN	2.4e-08	44.7	30.508	59
Q7YRQ8	sp|P02760|AMBP_HUMAN	5.38e-17	70.1	33.051	118
Q7YRQ8	sp|P02760|AMBP_HUMAN	5.86e-17	70.1	32.143	112
Q7YRQ8	sp|Q8TEU8|WFKN2_HUMAN	4.56e-16	67.8	29.927	137
Q7YRQ8	sp|Q8TEU8|WFKN2_HUMAN	2.23e-15	65.9	33.645	107
Q7YRQ8	sp|Q8TEU8|WFKN2_HUMAN	0.000139	33.1	27.778	54
Q7YRQ8	sp|P12111|CO6A3_HUMAN	2e-15	66.2	43.86	57
Q7YRQ8	sp|P12111|CO6A3_HUMAN	4.03e-15	65.5	43.548	62
Q7YRQ8	sp|P12111|CO6A3_HUMAN	2.37e-09	48.1	31.481	54
Q7YRQ8	sp|Q96NZ8|WFKN1_HUMAN	4.81e-15	64.7	43.478	69
Q7YRQ8	sp|Q96NZ8|WFKN1_HUMAN	5.48e-14	61.6	30.909	110
Q7YRQ8	sp|Q96NZ8|WFKN1_HUMAN	3.14e-09	47.4	29.474	95
Q7YRQ8	sp|Q96NZ8|WFKN1_HUMAN	0.000682	31.2	23.404	47
Q7YRQ8	sp|O43291|SPIT2_HUMAN	5.12e-13	57.8	40.0	65
Q7YRQ8	sp|O43291|SPIT2_HUMAN	6.71e-10	48.9	22.222	144
Q7YRQ8	sp|O43291|SPIT2_HUMAN	4.84e-09	46.2	33.333	57
Q7YRQ8	sp|Q06481|APLP2_HUMAN	1.52e-12	57.4	44.231	52
Q7YRQ8	sp|Q06481|APLP2_HUMAN	2.45e-08	44.7	32.787	61
Q7YRQ8	sp|Q06481|APLP2_HUMAN	1.54e-07	42.4	39.216	51
Q7YRQ8	sp|O95925|EPPI_HUMAN	2.55e-12	53.9	39.623	53
Q7YRQ8	sp|O95925|EPPI_HUMAN	9.71e-09	43.9	35.938	64
Q7YRQ8	sp|O95925|EPPI_HUMAN	8.77e-07	38.5	26.389	72
Q7YRQ8	sp|Q02388|CO7A1_HUMAN	2.6e-12	57.0	42.623	61
Q7YRQ8	sp|Q02388|CO7A1_HUMAN	9.28e-10	49.3	42.593	54
Q7YRQ8	sp|Q02388|CO7A1_HUMAN	2.47e-05	35.8	28.07	57
Q7YRQ8	sp|Q02388|CO7A1_HUMAN	1.6	20.4	30.556	36
Q7YRQ8	sp|Q02388|CO7A1_HUMAN	8.8	18.1	38.095	21
Q7YRQ8	sp|P49223|SPIT3_HUMAN	2.61e-12	52.8	42.593	54
Q7YRQ8	sp|P49223|SPIT3_HUMAN	3.73e-11	49.7	38.462	52
Q7YRQ8	sp|P49223|SPIT3_HUMAN	7.79e-08	40.4	32.727	55
Q7YRQ8	sp|P05067|A4_HUMAN	2.81e-12	56.6	50.0	46
Q7YRQ8	sp|P05067|A4_HUMAN	3.78e-09	47.4	38.462	52
Q7YRQ8	sp|P05067|A4_HUMAN	3.87e-06	38.1	32.558	43
Q7YRQ8	sp|O95428|PPN_HUMAN	1.06e-09	48.9	35.821	67
Q7YRQ8	sp|O95428|PPN_HUMAN	9.45e-09	46.2	37.931	58
Q7YRQ8	sp|O95428|PPN_HUMAN	2.34e-07	42.0	35.185	54
Q7YRQ8	sp|Q8IUA0|WFDC8_HUMAN	2.01e-09	47.4	43.103	58
Q7YRQ8	sp|Q8IUA0|WFDC8_HUMAN	2.14e-08	44.3	34.667	75
Q7YRQ8	sp|Q8IUA0|WFDC8_HUMAN	0.000728	30.4	24.719	89
Q7YRQ8	sp|Q2UY09|COSA1_HUMAN	7.55e-09	46.6	35.294	51
Q7YRQ8	sp|Q2UY09|COSA1_HUMAN	1.32e-08	45.8	31.481	54
Q7YRQ8	sp|Q2UY09|COSA1_HUMAN	1.5e-05	36.2	27.451	51
Q7YRQ8	sp|Q6UDR6|SPIT4_HUMAN	3.78e-08	41.6	30.12	83
Q7YRQ8	sp|Q6UDR6|SPIT4_HUMAN	9.3e-07	37.7	33.333	57
Q7YRQ8	sp|Q6UDR6|SPIT4_HUMAN	4.15e-06	35.8	47.059	34
Q7YRQ8	sp|Q9BQY6|WFDC6_HUMAN	4.38e-06	36.2	48.485	33
Q7YRQ8	sp|Q9BQY6|WFDC6_HUMAN	0.002	28.5	41.379	29
Q7YRQ8	sp|Q9BQY6|WFDC6_HUMAN	0.004	27.7	43.75	32
Q8AY41	sp|P10646|TFPI1_HUMAN	6.48e-16	61.6	41.379	58
Q8AY41	sp|P10646|TFPI1_HUMAN	5.62e-15	58.9	38.028	71
Q8AY41	sp|P10646|TFPI1_HUMAN	4.4e-13	53.9	44.286	70
Q8AY41	sp|P12111|CO6A3_HUMAN	6.07e-14	56.6	40.385	52
Q8AY41	sp|P12111|CO6A3_HUMAN	4.3	17.3	36.364	22
Q8AY41	sp|Q06481|APLP2_HUMAN	1.77e-12	52.4	41.176	51
Q8AY41	sp|P05067|A4_HUMAN	2.68e-12	51.6	44.681	47
Q8AY41	sp|P48307|TFPI2_HUMAN	7.81e-12	50.1	45.283	53
Q8AY41	sp|P48307|TFPI2_HUMAN	1.67e-10	46.2	41.071	56
Q8AY41	sp|P48307|TFPI2_HUMAN	0.24	20.8	28.07	57
Q8AY41	sp|Q2UY09|COSA1_HUMAN	1.62e-11	49.7	37.097	62
Q8AY41	sp|O43278|SPIT1_HUMAN	2.79e-11	48.9	35.294	68
Q8AY41	sp|O43278|SPIT1_HUMAN	1.57e-09	43.9	35.385	65
Q8AY41	sp|P49223|SPIT3_HUMAN	9.96e-11	45.1	37.037	54
Q8AY41	sp|O43291|SPIT2_HUMAN	1.02e-10	47.0	43.396	53
Q8AY41	sp|O43291|SPIT2_HUMAN	8.2e-07	36.2	30.357	56
Q8AY41	sp|Q8TEU8|WFKN2_HUMAN	2.25e-10	46.2	41.176	51
Q8AY41	sp|Q8TEU8|WFKN2_HUMAN	9.12e-06	33.1	27.66	47
Q8AY41	sp|P02760|AMBP_HUMAN	2.43e-10	46.2	39.683	63
Q8AY41	sp|P02760|AMBP_HUMAN	2.43e-10	46.2	40.385	52
Q8AY41	sp|Q02388|CO7A1_HUMAN	7.14e-10	45.1	40.741	54
Q8AY41	sp|O95428|PPN_HUMAN	7.25e-10	45.1	39.286	56
Q8AY41	sp|O95428|PPN_HUMAN	4.3	17.3	71.429	7
Q8AY41	sp|O95925|EPPI_HUMAN	1.01e-08	40.8	35.714	56
Q8AY41	sp|Q96NZ8|WFKN1_HUMAN	6.5e-08	39.3	37.255	51
Q8AY41	sp|Q96NZ8|WFKN1_HUMAN	1.53e-07	38.1	30.263	76
Q8AY41	sp|Q6UDR6|SPIT4_HUMAN	7.34e-08	37.7	29.885	87
Q8AY41	sp|Q8IUA0|WFDC8_HUMAN	7.58e-08	38.9	37.255	51
Q8AY41	sp|Q9BQY6|WFDC6_HUMAN	4.7e-05	30.8	48.387	31
Q8MVC4	sp|P48307|TFPI2_HUMAN	1.23e-08	45.8	27.624	181
Q8MVC4	sp|P10646|TFPI1_HUMAN	2.96e-08	45.1	24.0	200
Q8MVC4	sp|P10646|TFPI1_HUMAN	2.25e-07	42.4	28.448	116
Q8MVC4	sp|P10646|TFPI1_HUMAN	0.004	29.3	25.466	161
Q8MVC4	sp|P10646|TFPI1_HUMAN	0.083	25.0	21.795	234
Q8MVC4	sp|P10646|TFPI1_HUMAN	9.6	18.5	23.214	56
Q8MVC4	sp|Q8TEU8|WFKN2_HUMAN	3.38e-06	39.3	29.412	102
Q8MVC4	sp|Q8TEU8|WFKN2_HUMAN	0.000199	33.5	24.528	106
Q8MVC4	sp|Q8TEU8|WFKN2_HUMAN	0.000327	32.7	32.143	56
Q8MVC4	sp|Q8TEU8|WFKN2_HUMAN	0.001	31.2	24.49	98
Q8MVC4	sp|Q8TEU8|WFKN2_HUMAN	2.8	20.4	32.203	59
Q8MVC4	sp|P02760|AMBP_HUMAN	0.000115	33.9	25.243	103
Q8MVC4	sp|P02760|AMBP_HUMAN	0.000198	33.1	47.222	36
Q8MVC4	sp|P02760|AMBP_HUMAN	0.014	27.3	39.024	41
Q8MVC4	sp|P02760|AMBP_HUMAN	0.09	25.0	24.51	102
Q8MVC4	sp|P02760|AMBP_HUMAN	9.5	18.5	25.882	85
Q8MVC4	sp|O43278|SPIT1_HUMAN	0.000122	34.3	21.6	250
Q8MVC4	sp|O43278|SPIT1_HUMAN	0.000281	33.1	33.333	69
Q8MVC4	sp|O43278|SPIT1_HUMAN	0.026	26.6	30.233	43
Q8MVC4	sp|O43278|SPIT1_HUMAN	0.051	25.8	27.419	62
Q8MVC4	sp|O43278|SPIT1_HUMAN	5.7	19.2	24.528	53
Q8MVC4	sp|Q96NZ8|WFKN1_HUMAN	0.000447	32.3	22.699	163
Q8MVC4	sp|Q96NZ8|WFKN1_HUMAN	0.003	29.6	25.926	81
Q8MVC4	sp|Q96NZ8|WFKN1_HUMAN	0.019	27.3	35.135	37
Q8MVC4	sp|Q6UDR6|SPIT4_HUMAN	0.001	29.6	37.778	45
Q8MVC4	sp|Q6UDR6|SPIT4_HUMAN	0.002	28.9	40.909	44
Q8MVC4	sp|Q2UY09|COSA1_HUMAN	0.001	31.2	30.0	60
Q8MVC4	sp|Q2UY09|COSA1_HUMAN	0.004	29.3	29.73	37
Q8MVC4	sp|Q2UY09|COSA1_HUMAN	0.007	28.9	31.915	47
Q8MVC4	sp|Q2UY09|COSA1_HUMAN	0.068	25.4	30.357	56
Q8MVC4	sp|Q2UY09|COSA1_HUMAN	1.1	21.6	61.538	13
Q8MVC4	sp|O95925|EPPI_HUMAN	0.002	29.3	28.358	67
Q8MVC4	sp|O95925|EPPI_HUMAN	0.01	26.9	24.286	70
Q8MVC4	sp|O95925|EPPI_HUMAN	0.48	21.9	20.339	59
Q8MVC4	sp|O95925|EPPI_HUMAN	3.8	19.2	47.826	23
Q8MVC4	sp|P12111|CO6A3_HUMAN	0.002	30.0	26.25	80
Q8MVC4	sp|P12111|CO6A3_HUMAN	0.005	29.3	26.415	53
Q8MVC4	sp|P12111|CO6A3_HUMAN	0.025	26.9	25.0	68
Q8MVC4	sp|P12111|CO6A3_HUMAN	0.66	22.3	33.333	51
Q8MVC4	sp|P12111|CO6A3_HUMAN	2.0	20.8	25.714	35
Q8MVC4	sp|P12111|CO6A3_HUMAN	5.7	19.2	43.333	30
Q8MVC4	sp|O43291|SPIT2_HUMAN	0.005	28.5	30.952	42
Q8MVC4	sp|O43291|SPIT2_HUMAN	0.1	24.6	21.849	119
Q8MVC4	sp|O43291|SPIT2_HUMAN	1.1	21.2	24.074	54
Q8MVC4	sp|O43291|SPIT2_HUMAN	1.2	21.2	25.0	44
Q8MVC4	sp|O43291|SPIT2_HUMAN	2.2	20.4	26.829	41
Q8MVC4	sp|O43291|SPIT2_HUMAN	2.6	20.0	29.412	34
Q8MVC4	sp|P49223|SPIT3_HUMAN	0.013	26.2	27.273	55
Q8MVC4	sp|P49223|SPIT3_HUMAN	0.027	25.0	28.846	52
Q8MVC4	sp|P49223|SPIT3_HUMAN	0.16	23.1	39.394	33
Q8MVC4	sp|O95428|PPN_HUMAN	0.014	27.7	22.222	81
Q8MVC4	sp|O95428|PPN_HUMAN	0.07	25.4	25.0	84
Q8MVC4	sp|O95428|PPN_HUMAN	0.15	24.3	26.829	41
Q8MVC4	sp|Q06481|APLP2_HUMAN	0.041	26.2	24.444	45
Q8MVC4	sp|Q06481|APLP2_HUMAN	3.3	20.0	22.5	40
Q8MVC4	sp|Q06481|APLP2_HUMAN	9.8	18.5	22.727	44
Q8MVC4	sp|P05067|A4_HUMAN	0.46	22.7	47.619	21
Q8MVC4	sp|P05067|A4_HUMAN	2.7	20.4	23.913	46
Q8MVC4	sp|P05067|A4_HUMAN	6.5	19.2	33.333	12
Q8MVC4	sp|Q02388|CO7A1_HUMAN	0.56	22.7	22.807	57
Q8MVC4	sp|Q02388|CO7A1_HUMAN	5.1	19.6	24.242	33
Q8MVC4	sp|Q02388|CO7A1_HUMAN	5.7	19.2	85.714	7
Q8MVC4	sp|Q02388|CO7A1_HUMAN	5.8	19.2	100.0	6
Q8MVC4	sp|Q02388|CO7A1_HUMAN	6.4	19.2	30.556	36
Q8MVC4	sp|Q9BQY6|WFDC6_HUMAN	4.2	19.2	21.429	42
Q8T0W4	sp|Q06481|APLP2_HUMAN	1.16e-15	60.8	51.923	52
Q8T0W4	sp|Q8TEU8|WFKN2_HUMAN	8.71e-15	58.5	49.18	61
Q8T0W4	sp|Q8TEU8|WFKN2_HUMAN	0.001	26.9	33.333	33
Q8T0W4	sp|O43291|SPIT2_HUMAN	8.97e-15	58.2	47.17	53
Q8T0W4	sp|O43291|SPIT2_HUMAN	7.54e-11	47.0	37.097	62
Q8T0W4	sp|P05067|A4_HUMAN	1.27e-13	55.1	51.02	49
Q8T0W4	sp|O95428|PPN_HUMAN	8.39e-12	50.1	41.333	75
Q8T0W4	sp|O95428|PPN_HUMAN	2.6	17.7	50.0	12
Q8T0W4	sp|O95428|PPN_HUMAN	7.5	16.2	50.0	8
Q8T0W4	sp|O95428|PPN_HUMAN	9.6	16.2	62.5	8
Q8T0W4	sp|P10646|TFPI1_HUMAN	1.11e-11	49.7	51.852	54
Q8T0W4	sp|P10646|TFPI1_HUMAN	2.15e-10	45.8	42.308	52
Q8T0W4	sp|P10646|TFPI1_HUMAN	2.64e-10	45.8	42.308	52
Q8T0W4	sp|O43278|SPIT1_HUMAN	1.78e-11	49.3	45.098	51
Q8T0W4	sp|O43278|SPIT1_HUMAN	2.86e-09	42.7	39.216	51
Q8T0W4	sp|P02760|AMBP_HUMAN	6.99e-11	47.4	46.154	52
Q8T0W4	sp|P02760|AMBP_HUMAN	4.2e-09	42.4	38.596	57
Q8T0W4	sp|Q02388|CO7A1_HUMAN	1.25e-10	46.6	44.828	58
Q8T0W4	sp|P12111|CO6A3_HUMAN	2.72e-10	45.8	35.294	68
Q8T0W4	sp|P12111|CO6A3_HUMAN	4.7	16.9	30.769	39
Q8T0W4	sp|P12111|CO6A3_HUMAN	9.0	16.2	30.0	10
Q8T0W4	sp|P49223|SPIT3_HUMAN	9.32e-10	42.4	40.385	52
Q8T0W4	sp|Q96NZ8|WFKN1_HUMAN	1.19e-09	43.9	41.176	51
Q8T0W4	sp|Q96NZ8|WFKN1_HUMAN	0.003	26.2	37.931	29
Q8T0W4	sp|Q96NZ8|WFKN1_HUMAN	6.5	16.5	18.367	49
Q8T0W4	sp|P48307|TFPI2_HUMAN	4.53e-09	42.0	40.385	52
Q8T0W4	sp|P48307|TFPI2_HUMAN	2.37e-07	37.4	45.0	40
Q8T0W4	sp|P48307|TFPI2_HUMAN	0.022	23.5	37.931	29
Q8T0W4	sp|Q6UDR6|SPIT4_HUMAN	6.89e-08	37.7	34.545	55
Q8T0W4	sp|Q9BQY6|WFDC6_HUMAN	8.17e-08	38.1	65.385	26
Q8T0W4	sp|O95925|EPPI_HUMAN	2.09e-07	37.0	36.538	52
Q8T0W4	sp|Q2UY09|COSA1_HUMAN	2.53e-06	34.7	30.508	59
Q8T0W4	sp|Q8IUA0|WFDC8_HUMAN	1.26e-05	32.3	48.148	27
Q8T3S7	sp|P12111|CO6A3_HUMAN	3.39e-17	69.3	50.943	53
Q8T3S7	sp|P12111|CO6A3_HUMAN	5.9	18.1	60.0	10
Q8T3S7	sp|Q06481|APLP2_HUMAN	7.39e-17	68.2	50.0	54
Q8T3S7	sp|Q06481|APLP2_HUMAN	6.5	18.1	50.0	12
Q8T3S7	sp|P48307|TFPI2_HUMAN	2.21e-16	65.5	56.863	51
Q8T3S7	sp|P48307|TFPI2_HUMAN	7.38e-10	47.4	44.681	47
Q8T3S7	sp|P48307|TFPI2_HUMAN	0.000393	30.8	25.0	80
Q8T3S7	sp|Q8TEU8|WFKN2_HUMAN	9.34e-16	65.1	49.02	51
Q8T3S7	sp|Q8TEU8|WFKN2_HUMAN	1.41e-07	41.2	33.333	51
Q8T3S7	sp|Q96NZ8|WFKN1_HUMAN	1.1e-14	62.0	47.17	53
Q8T3S7	sp|Q96NZ8|WFKN1_HUMAN	5.07e-06	36.6	34.615	52
Q8T3S7	sp|P49223|SPIT3_HUMAN	1.35e-14	57.8	47.059	51
Q8T3S7	sp|O43278|SPIT1_HUMAN	1.64e-14	61.6	44.444	54
Q8T3S7	sp|O43278|SPIT1_HUMAN	1.82e-13	58.5	42.593	54
Q8T3S7	sp|O43291|SPIT2_HUMAN	1.88e-14	60.5	44.444	54
Q8T3S7	sp|O43291|SPIT2_HUMAN	3.74e-14	59.7	48.148	54
Q8T3S7	sp|O95925|EPPI_HUMAN	2.28e-14	58.2	46.552	58
Q8T3S7	sp|P05067|A4_HUMAN	2.41e-14	60.8	48.889	45
Q8T3S7	sp|P10646|TFPI1_HUMAN	2.85e-14	60.5	48.077	52
Q8T3S7	sp|P10646|TFPI1_HUMAN	7.2e-14	59.3	47.273	55
Q8T3S7	sp|P10646|TFPI1_HUMAN	1.66e-11	52.4	41.27	63
Q8T3S7	sp|P02760|AMBP_HUMAN	1.33e-12	55.8	44.444	54
Q8T3S7	sp|P02760|AMBP_HUMAN	2.02e-10	49.3	45.098	51
Q8T3S7	sp|Q6UDR6|SPIT4_HUMAN	1.88e-12	52.4	40.0	85
Q8T3S7	sp|O95428|PPN_HUMAN	2.55e-12	55.1	44.231	52
Q8T3S7	sp|O95428|PPN_HUMAN	6.1	18.1	33.333	21
Q8T3S7	sp|Q02388|CO7A1_HUMAN	1.69e-11	52.8	40.984	61
Q8T3S7	sp|Q2UY09|COSA1_HUMAN	2.75e-11	52.4	35.593	59
Q8T3S7	sp|Q2UY09|COSA1_HUMAN	9.7	17.3	37.5	24
Q8T3S7	sp|Q8IUA0|WFDC8_HUMAN	1.34e-08	43.9	41.176	51
Q8T3S7	sp|Q9BQY6|WFDC6_HUMAN	1.78e-06	36.6	50.0	34
Q8WPG5	sp|P12111|CO6A3_HUMAN	4.05e-05	33.1	37.143	35
Q8WPG5	sp|P12111|CO6A3_HUMAN	1.2	20.0	30.769	13
Q8WPG5	sp|P12111|CO6A3_HUMAN	3.6	18.5	33.333	30
Q8WPG5	sp|Q2UY09|COSA1_HUMAN	0.000417	30.0	37.778	45
Q8WPG5	sp|Q2UY09|COSA1_HUMAN	4.3	18.1	54.545	11
Q8WPG5	sp|P10646|TFPI1_HUMAN	0.005	26.6	35.714	42
Q8WPG5	sp|P10646|TFPI1_HUMAN	0.044	23.9	19.512	82
Q8WPG5	sp|P10646|TFPI1_HUMAN	0.057	23.9	26.19	42
Q8WPG5	sp|P10646|TFPI1_HUMAN	8.4	17.3	35.714	14
Q8WPG5	sp|Q96NZ8|WFKN1_HUMAN	0.011	25.8	30.488	82
Q8WPG5	sp|O43278|SPIT1_HUMAN	0.013	25.8	38.235	34
Q8WPG5	sp|O43278|SPIT1_HUMAN	0.015	25.4	25.926	135
Q8WPG5	sp|P02760|AMBP_HUMAN	0.014	25.4	31.818	66
Q8WPG5	sp|P02760|AMBP_HUMAN	0.016	25.4	31.818	44
Q8WPG5	sp|P02760|AMBP_HUMAN	5.5	17.7	28.814	59
Q8WPG5	sp|Q6UDR6|SPIT4_HUMAN	0.018	24.6	35.294	34
Q8WPG5	sp|Q06481|APLP2_HUMAN	0.023	25.0	32.353	34
Q8WPG5	sp|Q06481|APLP2_HUMAN	6.4	17.7	21.154	52
Q8WPG5	sp|O95925|EPPI_HUMAN	0.044	23.5	25.0	100
Q8WPG5	sp|P05067|A4_HUMAN	0.069	23.5	43.478	23
Q8WPG5	sp|Q8IUA0|WFDC8_HUMAN	0.14	22.3	25.0	48
Q8WPG5	sp|P48307|TFPI2_HUMAN	0.17	22.3	35.294	34
Q8WPG5	sp|P48307|TFPI2_HUMAN	0.31	21.6	32.609	46
Q8WPG5	sp|P48307|TFPI2_HUMAN	0.35	21.2	28.947	38
Q8WPG5	sp|O95428|PPN_HUMAN	0.19	22.3	31.25	48
Q8WPG5	sp|O95428|PPN_HUMAN	6.8	17.7	54.545	11
Q8WPG5	sp|O95428|PPN_HUMAN	7.2	17.3	31.481	54
Q8WPG5	sp|O95428|PPN_HUMAN	8.4	17.3	25.49	51
Q8WPG5	sp|O43291|SPIT2_HUMAN	0.26	21.6	23.423	111
Q8WPG5	sp|O43291|SPIT2_HUMAN	1.9	19.2	21.277	47
Q8WPG5	sp|P49223|SPIT3_HUMAN	1.6	18.9	20.0	45
Q8WPG5	sp|P49223|SPIT3_HUMAN	9.6	16.5	45.455	11
Q8WPG5	sp|Q02388|CO7A1_HUMAN	1.8	19.2	58.333	12
Q8WPG5	sp|Q02388|CO7A1_HUMAN	3.4	18.5	38.462	13
Q8WPG5	sp|Q02388|CO7A1_HUMAN	8.5	17.3	45.0	20
Q8WPG5	sp|Q02388|CO7A1_HUMAN	9.5	16.9	31.579	19
Q8WPG5	sp|Q8TEU8|WFKN2_HUMAN	2.2	18.9	28.571	42
Q8WPG5	sp|Q8TEU8|WFKN2_HUMAN	2.6	18.9	31.818	22
Q8WPI3	sp|P10646|TFPI1_HUMAN	8.33e-32	106.0	43.077	130
Q8WPI3	sp|P10646|TFPI1_HUMAN	3.28e-28	97.4	35.0	160
Q8WPI3	sp|P10646|TFPI1_HUMAN	1.81e-16	65.5	50.0	62
Q8WPI3	sp|O43291|SPIT2_HUMAN	4.46e-28	95.9	33.557	149
Q8WPI3	sp|P48307|TFPI2_HUMAN	3.38e-23	82.8	31.72	186
Q8WPI3	sp|Q8TEU8|WFKN2_HUMAN	4.41e-23	85.1	38.76	129
Q8WPI3	sp|Q8TEU8|WFKN2_HUMAN	2.8e-16	65.5	52.727	55
Q8WPI3	sp|P02760|AMBP_HUMAN	2.98e-19	73.6	31.538	130
Q8WPI3	sp|P02760|AMBP_HUMAN	1.01e-12	55.1	44.444	54
Q8WPI3	sp|P02760|AMBP_HUMAN	1.78e-12	54.3	46.296	54
Q8WPI3	sp|Q06481|APLP2_HUMAN	1.59e-18	72.0	47.458	59
Q8WPI3	sp|Q06481|APLP2_HUMAN	1.01e-16	67.0	50.943	53
Q8WPI3	sp|Q96NZ8|WFKN1_HUMAN	7.55e-18	70.1	36.538	104
Q8WPI3	sp|Q96NZ8|WFKN1_HUMAN	3.34e-12	53.9	43.636	55
Q8WPI3	sp|Q96NZ8|WFKN1_HUMAN	1.74e-05	34.3	33.333	45
Q8WPI3	sp|P12111|CO6A3_HUMAN	1.16e-17	69.7	50.0	54
Q8WPI3	sp|P12111|CO6A3_HUMAN	9.78e-15	61.2	43.137	51
Q8WPI3	sp|P12111|CO6A3_HUMAN	0.81	20.4	63.636	11
Q8WPI3	sp|P05067|A4_HUMAN	2.21e-17	68.9	47.826	69
Q8WPI3	sp|P05067|A4_HUMAN	2.29e-16	65.9	48.936	47
Q8WPI3	sp|P49223|SPIT3_HUMAN	1.41e-16	62.0	50.0	52
Q8WPI3	sp|P49223|SPIT3_HUMAN	2.14e-16	61.6	50.98	51
Q8WPI3	sp|Q02388|CO7A1_HUMAN	1.23e-13	58.2	47.692	65
Q8WPI3	sp|Q02388|CO7A1_HUMAN	1.38e-11	52.4	42.593	54
Q8WPI3	sp|Q02388|CO7A1_HUMAN	6.4	17.7	28.0	25
Q8WPI3	sp|O43278|SPIT1_HUMAN	1.71e-13	57.4	44.828	58
Q8WPI3	sp|O43278|SPIT1_HUMAN	3.91e-13	56.6	46.296	54
Q8WPI3	sp|O43278|SPIT1_HUMAN	2.05e-12	54.3	25.118	211
Q8WPI3	sp|Q6UDR6|SPIT4_HUMAN	1.12e-12	52.4	38.235	68
Q8WPI3	sp|Q6UDR6|SPIT4_HUMAN	1.17e-07	38.9	33.962	53
Q8WPI3	sp|O95925|EPPI_HUMAN	1.26e-12	52.8	41.509	53
Q8WPI3	sp|O95925|EPPI_HUMAN	6.52e-11	48.1	34.545	55
Q8WPI3	sp|O95428|PPN_HUMAN	6.4e-12	53.1	44.231	52
Q8WPI3	sp|O95428|PPN_HUMAN	6.78e-12	53.1	43.137	51
Q8WPI3	sp|O95428|PPN_HUMAN	7.3	17.7	41.667	12
Q8WPI3	sp|Q2UY09|COSA1_HUMAN	7.22e-10	47.4	35.294	51
Q8WPI3	sp|Q2UY09|COSA1_HUMAN	1.59e-07	40.4	31.818	44
Q8WPI3	sp|Q8IUA0|WFDC8_HUMAN	2.89e-09	45.1	31.507	73
Q8WPI3	sp|Q8IUA0|WFDC8_HUMAN	1.22e-08	43.1	41.176	51
Q8WPI3	sp|Q9BQY6|WFDC6_HUMAN	8.35e-06	34.3	40.625	32
Q8WPI3	sp|Q9BQY6|WFDC6_HUMAN	0.000534	29.3	46.667	30
Q90W98	sp|P10646|TFPI1_HUMAN	5.98e-19	70.1	44.615	65
Q90W98	sp|P10646|TFPI1_HUMAN	1.57e-16	63.5	50.943	53
Q90W98	sp|P10646|TFPI1_HUMAN	1.23e-15	60.8	45.714	70
Q90W98	sp|Q06481|APLP2_HUMAN	3.49e-17	65.5	41.667	60
Q90W98	sp|P12111|CO6A3_HUMAN	5.44e-17	65.1	44.231	52
Q90W98	sp|P12111|CO6A3_HUMAN	7.0	16.5	66.667	6
Q90W98	sp|Q8TEU8|WFKN2_HUMAN	1.5e-16	63.9	50.98	51
Q90W98	sp|Q8TEU8|WFKN2_HUMAN	5.53e-09	42.4	33.962	53
Q90W98	sp|O43291|SPIT2_HUMAN	1.04e-15	60.8	45.283	53
Q90W98	sp|O43291|SPIT2_HUMAN	1.45e-14	57.8	37.5	56
Q90W98	sp|P05067|A4_HUMAN	2.25e-15	60.5	44.898	49
Q90W98	sp|P05067|A4_HUMAN	4.7	16.9	46.667	15
Q90W98	sp|P05067|A4_HUMAN	4.9	16.9	38.889	18
Q90W98	sp|P48307|TFPI2_HUMAN	4.5e-15	58.9	47.273	55
Q90W98	sp|P48307|TFPI2_HUMAN	3.1e-14	56.6	44.643	56
Q90W98	sp|P48307|TFPI2_HUMAN	2.3e-05	32.0	32.759	58
Q90W98	sp|O95428|PPN_HUMAN	4.63e-15	59.7	48.276	58
Q90W98	sp|Q02388|CO7A1_HUMAN	1.52e-14	58.2	42.647	68
Q90W98	sp|P02760|AMBP_HUMAN	2.44e-14	57.4	41.538	65
Q90W98	sp|P02760|AMBP_HUMAN	1.31e-10	47.0	36.538	52
Q90W98	sp|P02760|AMBP_HUMAN	8.9	16.2	35.714	14
Q90W98	sp|O43278|SPIT1_HUMAN	2.77e-14	57.4	50.0	50
Q90W98	sp|O43278|SPIT1_HUMAN	5.17e-14	56.6	39.062	64
Q90W98	sp|P49223|SPIT3_HUMAN	3.32e-14	53.9	40.741	54
Q90W98	sp|Q96NZ8|WFKN1_HUMAN	3.44e-14	57.0	49.02	51
Q90W98	sp|Q96NZ8|WFKN1_HUMAN	7.47e-06	33.5	31.373	51
Q90W98	sp|O95925|EPPI_HUMAN	5.49e-12	49.3	41.176	51
Q90W98	sp|Q2UY09|COSA1_HUMAN	8.43e-12	50.4	35.484	62
Q90W98	sp|Q6UDR6|SPIT4_HUMAN	1.53e-10	44.7	39.623	53
Q90W98	sp|Q8IUA0|WFDC8_HUMAN	4.07e-10	45.4	37.255	51
Q90W98	sp|Q9BQY6|WFDC6_HUMAN	1.98e-05	32.0	57.692	26
Q90W99	sp|P12111|CO6A3_HUMAN	1.46e-18	69.7	50.0	54
Q90W99	sp|P12111|CO6A3_HUMAN	6.1	16.9	40.0	15
Q90W99	sp|P12111|CO6A3_HUMAN	9.1	16.2	33.333	21
Q90W99	sp|Q06481|APLP2_HUMAN	1.38e-16	63.9	41.667	60
Q90W99	sp|P10646|TFPI1_HUMAN	2.35e-16	62.8	40.625	64
Q90W99	sp|P10646|TFPI1_HUMAN	1.54e-14	57.8	44.444	54
Q90W99	sp|P10646|TFPI1_HUMAN	1.19e-13	55.5	44.286	70
Q90W99	sp|P05067|A4_HUMAN	1.54e-15	60.8	48.98	49
Q90W99	sp|P48307|TFPI2_HUMAN	4.41e-15	58.9	47.17	53
Q90W99	sp|P48307|TFPI2_HUMAN	9.94e-14	55.1	49.02	51
Q90W99	sp|P48307|TFPI2_HUMAN	0.003	26.2	27.586	58
Q90W99	sp|Q8TEU8|WFKN2_HUMAN	5.56e-15	59.3	50.98	51
Q90W99	sp|Q8TEU8|WFKN2_HUMAN	9.95e-07	35.8	26.415	53
Q90W99	sp|O43291|SPIT2_HUMAN	5.85e-15	58.9	46.296	54
Q90W99	sp|O43291|SPIT2_HUMAN	7.71e-12	50.1	38.462	52
Q90W99	sp|P49223|SPIT3_HUMAN	9.32e-15	55.5	44.444	54
Q90W99	sp|O43278|SPIT1_HUMAN	1.6e-14	58.2	39.062	64
Q90W99	sp|O43278|SPIT1_HUMAN	4.83e-14	56.6	46.429	56
Q90W99	sp|Q96NZ8|WFKN1_HUMAN	4.52e-14	56.6	47.17	53
Q90W99	sp|Q96NZ8|WFKN1_HUMAN	1.04e-06	35.8	32.609	46
Q90W99	sp|Q02388|CO7A1_HUMAN	7.46e-13	53.5	39.706	68
Q90W99	sp|O95428|PPN_HUMAN	9.39e-13	53.1	46.296	54
Q90W99	sp|O95428|PPN_HUMAN	2.2	18.1	38.462	26
Q90W99	sp|O95925|EPPI_HUMAN	1.05e-12	51.2	40.0	55
Q90W99	sp|P02760|AMBP_HUMAN	1.81e-12	52.0	41.538	65
Q90W99	sp|P02760|AMBP_HUMAN	6.87e-10	44.7	39.623	53
Q90W99	sp|Q2UY09|COSA1_HUMAN	2.66e-12	51.6	35.484	62
Q90W99	sp|Q6UDR6|SPIT4_HUMAN	1.23e-10	45.1	39.655	58
Q90W99	sp|Q8IUA0|WFDC8_HUMAN	2.55e-10	45.8	39.216	51
Q90W99	sp|Q9BQY6|WFDC6_HUMAN	1.22e-05	32.3	57.692	26
Q90WA0	sp|P12111|CO6A3_HUMAN	1.84e-17	66.6	46.296	54
Q90WA0	sp|P12111|CO6A3_HUMAN	3.3	17.7	35.294	17
Q90WA0	sp|P12111|CO6A3_HUMAN	3.7	17.3	34.783	23
Q90WA0	sp|P12111|CO6A3_HUMAN	6.2	16.5	45.455	11
Q90WA0	sp|P48307|TFPI2_HUMAN	2.21e-17	65.1	54.717	53
Q90WA0	sp|P48307|TFPI2_HUMAN	1.92e-12	51.6	41.509	53
Q90WA0	sp|P48307|TFPI2_HUMAN	0.017	23.9	27.586	58
Q90WA0	sp|O95925|EPPI_HUMAN	2.93e-16	60.1	42.857	56
Q90WA0	sp|O43278|SPIT1_HUMAN	4.24e-16	62.4	43.75	64
Q90WA0	sp|O43278|SPIT1_HUMAN	7.06e-14	56.2	48.936	47
Q90WA0	sp|Q06481|APLP2_HUMAN	5.52e-16	62.4	41.667	60
Q90WA0	sp|Q06481|APLP2_HUMAN	9.1	16.2	62.5	8
Q90WA0	sp|Q96NZ8|WFKN1_HUMAN	6.6e-16	62.0	42.424	66
Q90WA0	sp|Q96NZ8|WFKN1_HUMAN	1.13e-07	38.5	36.957	46
Q90WA0	sp|O43291|SPIT2_HUMAN	1.18e-15	60.5	44.444	54
Q90WA0	sp|O43291|SPIT2_HUMAN	3.23e-14	56.6	43.396	53
Q90WA0	sp|Q8TEU8|WFKN2_HUMAN	1.47e-15	60.8	49.02	51
Q90WA0	sp|Q8TEU8|WFKN2_HUMAN	4e-07	37.0	33.333	51
Q90WA0	sp|P49223|SPIT3_HUMAN	2.64e-15	56.6	42.593	54
Q90WA0	sp|P05067|A4_HUMAN	7.41e-15	58.9	47.917	48
Q90WA0	sp|P10646|TFPI1_HUMAN	2.13e-14	57.4	39.062	64
Q90WA0	sp|P10646|TFPI1_HUMAN	3.72e-14	57.0	45.283	53
Q90WA0	sp|P10646|TFPI1_HUMAN	3.17e-13	54.3	44.286	70
Q90WA0	sp|P02760|AMBP_HUMAN	1.64e-13	55.1	40.0	65
Q90WA0	sp|P02760|AMBP_HUMAN	1.87e-11	49.3	39.623	53
Q90WA0	sp|Q02388|CO7A1_HUMAN	1.56e-11	49.7	38.235	68
Q90WA0	sp|O95428|PPN_HUMAN	2.9e-11	48.9	42.593	54
Q90WA0	sp|Q6UDR6|SPIT4_HUMAN	1.3e-10	45.1	36.207	58
Q90WA0	sp|Q8IUA0|WFDC8_HUMAN	1.79e-09	43.5	37.736	53
Q90WA0	sp|Q2UY09|COSA1_HUMAN	6.47e-09	42.4	34.921	63
Q90WA0	sp|Q9BQY6|WFDC6_HUMAN	1.26e-06	35.0	61.538	26
Q964Q0	sp|Q8TEU8|WFKN2_HUMAN	1.58e-18	72.8	36.697	109
Q964Q0	sp|Q8TEU8|WFKN2_HUMAN	0.011	26.6	28.378	74
Q964Q0	sp|Q8TEU8|WFKN2_HUMAN	2.7	19.2	36.364	22
Q964Q0	sp|P10646|TFPI1_HUMAN	3e-17	68.6	40.0	105
Q964Q0	sp|P10646|TFPI1_HUMAN	7.18e-15	62.0	33.846	130
Q964Q0	sp|P10646|TFPI1_HUMAN	1.45e-10	49.7	39.062	64
Q964Q0	sp|P10646|TFPI1_HUMAN	4.86e-05	33.5	28.205	78
Q964Q0	sp|Q96NZ8|WFKN1_HUMAN	1.19e-15	64.7	33.929	112
Q964Q0	sp|Q96NZ8|WFKN1_HUMAN	0.029	25.0	28.571	42
Q964Q0	sp|Q96NZ8|WFKN1_HUMAN	6.4	18.1	21.875	32
Q964Q0	sp|Q06481|APLP2_HUMAN	2.74e-15	63.5	50.0	56
Q964Q0	sp|Q06481|APLP2_HUMAN	0.079	23.9	30.435	46
Q964Q0	sp|Q06481|APLP2_HUMAN	0.4	21.6	44.444	18
Q964Q0	sp|O43278|SPIT1_HUMAN	3.16e-15	63.2	54.0	50
Q964Q0	sp|O43278|SPIT1_HUMAN	8.09e-13	56.2	52.174	46
Q964Q0	sp|O43278|SPIT1_HUMAN	0.51	21.2	34.211	38
Q964Q0	sp|P12111|CO6A3_HUMAN	8.16e-14	59.3	47.059	51
Q964Q0	sp|P12111|CO6A3_HUMAN	0.019	25.8	28.889	45
Q964Q0	sp|O95925|EPPI_HUMAN	1.18e-13	56.2	33.333	102
Q964Q0	sp|O95925|EPPI_HUMAN	0.024	24.6	26.761	71
Q964Q0	sp|P02760|AMBP_HUMAN	1.36e-13	58.5	37.363	91
Q964Q0	sp|P02760|AMBP_HUMAN	2.63e-09	45.8	40.385	52
Q964Q0	sp|P02760|AMBP_HUMAN	3.2	18.9	27.778	36
Q964Q0	sp|O43291|SPIT2_HUMAN	2.69e-12	54.3	41.176	51
Q964Q0	sp|O43291|SPIT2_HUMAN	9.45e-12	52.8	45.098	51
Q964Q0	sp|P05067|A4_HUMAN	3.66e-12	54.7	45.833	48
Q964Q0	sp|P05067|A4_HUMAN	0.11	23.5	30.556	36
Q964Q0	sp|P48307|TFPI2_HUMAN	4.05e-12	53.5	43.333	60
Q964Q0	sp|P48307|TFPI2_HUMAN	7.69e-10	47.4	34.906	106
Q964Q0	sp|P48307|TFPI2_HUMAN	3.02e-07	39.7	29.126	103
Q964Q0	sp|P48307|TFPI2_HUMAN	0.17	22.7	27.66	47
Q964Q0	sp|Q8IUA0|WFDC8_HUMAN	2.41e-11	51.6	36.364	66
Q964Q0	sp|Q8IUA0|WFDC8_HUMAN	2.4	19.2	24.615	65
Q964Q0	sp|P49223|SPIT3_HUMAN	4.63e-11	48.1	36.538	52
Q964Q0	sp|P49223|SPIT3_HUMAN	0.009	25.4	37.838	37
Q964Q0	sp|Q2UY09|COSA1_HUMAN	4.73e-10	48.5	39.286	56
Q964Q0	sp|Q2UY09|COSA1_HUMAN	0.027	25.4	27.273	33
Q964Q0	sp|Q2UY09|COSA1_HUMAN	3.3	18.9	30.435	23
Q964Q0	sp|O95428|PPN_HUMAN	8.61e-10	47.8	30.097	103
Q964Q0	sp|O95428|PPN_HUMAN	0.21	22.7	25.0	60
Q964Q0	sp|O95428|PPN_HUMAN	3.7	18.9	25.641	39
Q964Q0	sp|O95428|PPN_HUMAN	8.3	17.7	33.333	33
Q964Q0	sp|Q02388|CO7A1_HUMAN	1.46e-09	47.0	40.0	55
Q964Q0	sp|Q02388|CO7A1_HUMAN	0.13	23.5	28.0	50
Q964Q0	sp|Q6UDR6|SPIT4_HUMAN	7.73e-08	39.7	33.898	59
Q964Q0	sp|Q6UDR6|SPIT4_HUMAN	0.003	26.9	32.5	40
Q964Q0	sp|Q9BQY6|WFDC6_HUMAN	1.04e-05	34.7	50.0	30
Q9BDL1	sp|O95925|EPPI_HUMAN	1.14e-78	220.0	88.034	117
Q9BDL1	sp|Q9BQY6|WFDC6_HUMAN	1.23e-39	121.0	48.837	129
Q9BDL1	sp|Q8IUA0|WFDC8_HUMAN	1.88e-18	70.1	39.796	98
Q9BDL1	sp|Q8IUA0|WFDC8_HUMAN	0.11	22.7	33.333	42
Q9BDL1	sp|Q8IUA0|WFDC8_HUMAN	2.8	18.5	37.143	35
Q9BDL1	sp|Q06481|APLP2_HUMAN	2.99e-16	65.1	47.17	53
Q9BDL1	sp|P12111|CO6A3_HUMAN	5.95e-16	64.3	38.182	55
Q9BDL1	sp|P12111|CO6A3_HUMAN	4.4	18.1	21.429	42
Q9BDL1	sp|Q8TEU8|WFKN2_HUMAN	6.14e-15	61.2	38.235	68
Q9BDL1	sp|Q8TEU8|WFKN2_HUMAN	3.43e-06	36.2	33.333	51
Q9BDL1	sp|Q8TEU8|WFKN2_HUMAN	1.3	19.6	37.5	24
Q9BDL1	sp|P05067|A4_HUMAN	1.18e-14	60.5	47.826	46
Q9BDL1	sp|P49223|SPIT3_HUMAN	1.37e-14	56.6	41.379	58
Q9BDL1	sp|P02760|AMBP_HUMAN	1.57e-14	60.1	42.105	57
Q9BDL1	sp|P02760|AMBP_HUMAN	9.81e-12	52.0	41.791	67
Q9BDL1	sp|O43291|SPIT2_HUMAN	2.7e-14	58.9	42.593	54
Q9BDL1	sp|O43291|SPIT2_HUMAN	1.23e-12	54.3	40.741	54
Q9BDL1	sp|Q96NZ8|WFKN1_HUMAN	6.2e-14	58.5	38.571	70
Q9BDL1	sp|Q96NZ8|WFKN1_HUMAN	2.24e-05	33.9	33.333	45
Q9BDL1	sp|Q96NZ8|WFKN1_HUMAN	0.025	24.6	42.105	19
Q9BDL1	sp|P48307|TFPI2_HUMAN	2.03e-13	56.2	39.623	53
Q9BDL1	sp|P48307|TFPI2_HUMAN	1.52e-09	45.4	34.783	69
Q9BDL1	sp|P48307|TFPI2_HUMAN	5.69e-05	32.3	34.091	44
Q9BDL1	sp|O43278|SPIT1_HUMAN	5.86e-13	55.8	41.818	55
Q9BDL1	sp|O43278|SPIT1_HUMAN	7.52e-11	49.7	42.553	47
Q9BDL1	sp|Q2UY09|COSA1_HUMAN	8.58e-13	55.5	45.455	44
Q9BDL1	sp|Q2UY09|COSA1_HUMAN	5.4	17.7	43.75	16
Q9BDL1	sp|O95428|PPN_HUMAN	1.27e-11	52.0	31.646	79
Q9BDL1	sp|Q02388|CO7A1_HUMAN	6.43e-11	50.1	35.714	56
Q9BDL1	sp|Q02388|CO7A1_HUMAN	2.2	19.2	50.0	14
Q9BDL1	sp|P10646|TFPI1_HUMAN	3.05e-10	47.8	35.088	57
Q9BDL1	sp|P10646|TFPI1_HUMAN	1.15e-09	46.2	34.483	58
Q9BDL1	sp|P10646|TFPI1_HUMAN	4.68e-08	41.6	40.385	52
Q9BDL1	sp|Q6UDR6|SPIT4_HUMAN	1.07e-09	44.3	42.308	52
Q9EPX2	sp|O95428|PPN_HUMAN	0.0	1908.0	74.488	1270
Q9EPX2	sp|Q2UY09|COSA1_HUMAN	7.48e-14	67.0	48.077	52
Q9EPX2	sp|Q2UY09|COSA1_HUMAN	0.97	23.9	32.692	52
Q9EPX2	sp|Q2UY09|COSA1_HUMAN	7.3	21.2	36.667	30
Q9EPX2	sp|P12111|CO6A3_HUMAN	2.17e-13	65.5	47.059	51
Q9EPX2	sp|P49223|SPIT3_HUMAN	4.41e-13	57.4	40.0	55
Q9EPX2	sp|P05067|A4_HUMAN	1.91e-12	62.0	28.125	160
Q9EPX2	sp|Q8TEU8|WFKN2_HUMAN	3.11e-12	61.2	30.769	143
Q9EPX2	sp|Q8TEU8|WFKN2_HUMAN	3.51e-08	48.1	38.596	57
Q9EPX2	sp|Q8TEU8|WFKN2_HUMAN	0.000129	36.6	25.743	101
Q9EPX2	sp|Q8TEU8|WFKN2_HUMAN	0.034	28.5	25.6	125
Q9EPX2	sp|Q8TEU8|WFKN2_HUMAN	1.9	22.7	40.0	20
Q9EPX2	sp|P10646|TFPI1_HUMAN	4.39e-12	59.3	43.636	55
Q9EPX2	sp|P10646|TFPI1_HUMAN	4.16e-10	53.1	40.0	60
Q9EPX2	sp|P10646|TFPI1_HUMAN	2.04e-07	45.1	34.483	58
Q9EPX2	sp|Q06481|APLP2_HUMAN	1.07e-11	59.7	39.474	76
Q9EPX2	sp|O95925|EPPI_HUMAN	4.02e-11	53.5	38.596	57
Q9EPX2	sp|Q96NZ8|WFKN1_HUMAN	6.76e-11	56.6	45.098	51
Q9EPX2	sp|Q96NZ8|WFKN1_HUMAN	0.003	32.0	32.292	96
Q9EPX2	sp|Q96NZ8|WFKN1_HUMAN	0.006	31.2	28.986	69
Q9EPX2	sp|Q96NZ8|WFKN1_HUMAN	0.034	28.5	55.556	18
Q9EPX2	sp|Q96NZ8|WFKN1_HUMAN	0.041	28.5	30.645	62
Q9EPX2	sp|O43278|SPIT1_HUMAN	1.38e-10	55.8	50.0	46
Q9EPX2	sp|O43278|SPIT1_HUMAN	1.43e-10	55.8	44.615	65
Q9EPX2	sp|P02760|AMBP_HUMAN	2.44e-10	54.3	42.308	52
Q9EPX2	sp|P02760|AMBP_HUMAN	1.72e-09	51.6	47.059	51
Q9EPX2	sp|Q8IUA0|WFDC8_HUMAN	5.41e-10	52.4	47.059	51
Q9EPX2	sp|Q8IUA0|WFDC8_HUMAN	7.1	20.8	33.333	21
Q9EPX2	sp|O43291|SPIT2_HUMAN	1.62e-09	50.8	40.625	64
Q9EPX2	sp|O43291|SPIT2_HUMAN	1.63e-09	50.8	39.216	51
Q9EPX2	sp|Q02388|CO7A1_HUMAN	2.69e-09	52.0	44.444	54
Q9EPX2	sp|P48307|TFPI2_HUMAN	1.14e-08	48.1	43.137	51
Q9EPX2	sp|P48307|TFPI2_HUMAN	5.67e-07	43.1	40.0	50
Q9EPX2	sp|P48307|TFPI2_HUMAN	0.000688	33.5	34.615	52
Q9EPX2	sp|Q6UDR6|SPIT4_HUMAN	1.26e-07	42.4	33.898	59
Q9EPX2	sp|Q9BQY6|WFDC6_HUMAN	2e-05	37.0	50.0	30
Q9GP15	sp|P48307|TFPI2_HUMAN	1.55e-18	68.2	47.143	70
Q9GP15	sp|P48307|TFPI2_HUMAN	1.23e-11	49.7	44.0	50
Q9GP15	sp|P48307|TFPI2_HUMAN	3.53e-07	37.4	35.484	62
Q9GP15	sp|P12111|CO6A3_HUMAN	2.29e-17	66.2	50.98	51
Q9GP15	sp|Q8TEU8|WFKN2_HUMAN	1.95e-16	63.5	48.214	56
Q9GP15	sp|Q8TEU8|WFKN2_HUMAN	4.07e-08	40.0	32.727	55
Q9GP15	sp|P10646|TFPI1_HUMAN	6.89e-16	61.6	40.299	67
Q9GP15	sp|P10646|TFPI1_HUMAN	1.02e-13	55.8	45.455	55
Q9GP15	sp|P10646|TFPI1_HUMAN	4.98e-11	48.1	40.0	55
Q9GP15	sp|O95925|EPPI_HUMAN	1.14e-15	58.9	41.818	55
Q9GP15	sp|Q06481|APLP2_HUMAN	1.46e-15	61.2	47.273	55
Q9GP15	sp|O43278|SPIT1_HUMAN	2.45e-13	54.7	46.939	49
Q9GP15	sp|O43278|SPIT1_HUMAN	9.05e-11	47.4	43.478	46
Q9GP15	sp|P05067|A4_HUMAN	3.46e-13	54.3	47.826	46
Q9GP15	sp|Q96NZ8|WFKN1_HUMAN	4.17e-13	54.3	41.379	58
Q9GP15	sp|Q96NZ8|WFKN1_HUMAN	2.52e-05	32.0	29.31	58
Q9GP15	sp|P49223|SPIT3_HUMAN	6.69e-13	50.8	38.182	55
Q9GP15	sp|O43291|SPIT2_HUMAN	8.69e-13	52.8	45.455	44
Q9GP15	sp|O43291|SPIT2_HUMAN	1.45e-10	46.6	38.636	44
Q9GP15	sp|P02760|AMBP_HUMAN	2.54e-11	48.9	47.17	53
Q9GP15	sp|P02760|AMBP_HUMAN	1.3e-10	47.0	37.037	54
Q9GP15	sp|O95428|PPN_HUMAN	3.69e-11	48.5	37.5	56
Q9GP15	sp|Q02388|CO7A1_HUMAN	2.81e-10	46.2	37.288	59
Q9GP15	sp|Q02388|CO7A1_HUMAN	6.0	16.9	31.818	22
Q9GP15	sp|Q02388|CO7A1_HUMAN	6.8	16.5	41.176	17
Q9GP15	sp|Q02388|CO7A1_HUMAN	9.6	16.2	46.154	13
Q9GP15	sp|Q8IUA0|WFDC8_HUMAN	2.25e-09	43.5	43.137	51
Q9GP15	sp|Q6UDR6|SPIT4_HUMAN	3.86e-09	41.2	37.037	54
Q9GP15	sp|Q2UY09|COSA1_HUMAN	5.03e-09	42.7	34.091	44
Q9GP15	sp|Q9BQY6|WFDC6_HUMAN	2.69e-08	39.7	50.0	32
Q9TWF8	sp|O43291|SPIT2_HUMAN	2.57e-19	69.3	52.632	57
Q9TWF8	sp|O43291|SPIT2_HUMAN	4.17e-13	52.8	45.098	51
Q9TWF8	sp|P12111|CO6A3_HUMAN	2.53e-18	67.8	50.0	52
Q9TWF8	sp|Q06481|APLP2_HUMAN	3.7e-18	67.0	50.98	51
Q9TWF8	sp|P05067|A4_HUMAN	1.51e-16	62.8	53.333	45
Q9TWF8	sp|Q8TEU8|WFKN2_HUMAN	4.2e-16	61.2	49.02	51
Q9TWF8	sp|Q8TEU8|WFKN2_HUMAN	8.34e-06	32.3	28.302	53
Q9TWF8	sp|Q8TEU8|WFKN2_HUMAN	0.29	19.6	37.5	32
Q9TWF8	sp|P48307|TFPI2_HUMAN	5.3e-16	60.5	52.941	51
Q9TWF8	sp|P48307|TFPI2_HUMAN	3.55e-12	50.1	49.02	51
Q9TWF8	sp|P48307|TFPI2_HUMAN	2.3e-06	33.9	37.255	51
Q9TWF8	sp|P10646|TFPI1_HUMAN	1.2e-15	59.7	52.941	51
Q9TWF8	sp|P10646|TFPI1_HUMAN	1.66e-15	59.3	49.02	51
Q9TWF8	sp|P10646|TFPI1_HUMAN	9.78e-12	48.9	47.059	51
Q9TWF8	sp|Q96NZ8|WFKN1_HUMAN	1.22e-15	60.1	50.943	53
Q9TWF8	sp|Q96NZ8|WFKN1_HUMAN	0.000304	27.7	33.333	36
Q9TWF8	sp|P49223|SPIT3_HUMAN	2.27e-15	55.8	47.059	51
Q9TWF8	sp|O43278|SPIT1_HUMAN	2.83e-14	56.2	53.333	45
Q9TWF8	sp|O43278|SPIT1_HUMAN	2.12e-12	50.8	46.0	50
Q9TWF8	sp|Q02388|CO7A1_HUMAN	3.12e-14	56.2	47.368	57
Q9TWF8	sp|O95925|EPPI_HUMAN	2.32e-13	51.6	43.137	51
Q9TWF8	sp|P02760|AMBP_HUMAN	7.97e-13	52.0	49.02	51
Q9TWF8	sp|P02760|AMBP_HUMAN	1.18e-11	48.5	43.396	53
Q9TWF8	sp|O95428|PPN_HUMAN	5e-12	49.7	45.098	51
Q9TWF8	sp|Q6UDR6|SPIT4_HUMAN	6.18e-12	47.4	39.655	58
Q9TWF8	sp|Q2UY09|COSA1_HUMAN	1.37e-09	42.7	34.091	44
Q9TWF8	sp|Q8IUA0|WFDC8_HUMAN	7.07e-09	40.8	39.216	51
Q9TWF8	sp|Q9BQY6|WFDC6_HUMAN	8.43e-06	32.0	36.957	46
Q9TWF9	sp|O43291|SPIT2_HUMAN	6.61e-19	68.2	50.877	57
Q9TWF9	sp|O43291|SPIT2_HUMAN	2.12e-11	47.8	44.444	45
Q9TWF9	sp|P48307|TFPI2_HUMAN	6.43e-18	65.5	54.902	51
Q9TWF9	sp|P48307|TFPI2_HUMAN	1.56e-12	50.8	45.098	51
Q9TWF9	sp|P48307|TFPI2_HUMAN	1.2e-06	34.7	34.426	61
Q9TWF9	sp|P12111|CO6A3_HUMAN	8.04e-18	66.2	50.0	52
Q9TWF9	sp|P49223|SPIT3_HUMAN	7.46e-17	59.7	47.059	51
Q9TWF9	sp|Q8TEU8|WFKN2_HUMAN	6.55e-16	60.8	49.02	51
Q9TWF9	sp|Q8TEU8|WFKN2_HUMAN	1.2e-07	37.4	30.769	52
Q9TWF9	sp|Q8TEU8|WFKN2_HUMAN	0.16	20.4	35.294	34
Q9TWF9	sp|P10646|TFPI1_HUMAN	8.64e-16	60.1	50.98	51
Q9TWF9	sp|P10646|TFPI1_HUMAN	2.87e-15	58.9	52.941	51
Q9TWF9	sp|P10646|TFPI1_HUMAN	1.66e-14	56.6	47.059	51
Q9TWF9	sp|Q02388|CO7A1_HUMAN	1.06e-15	60.1	45.614	57
Q9TWF9	sp|P02760|AMBP_HUMAN	1.14e-15	60.1	50.0	52
Q9TWF9	sp|P02760|AMBP_HUMAN	4.61e-12	49.7	43.396	53
Q9TWF9	sp|Q6UDR6|SPIT4_HUMAN	1.29e-15	56.6	47.273	55
Q9TWF9	sp|O43278|SPIT1_HUMAN	1.31e-15	59.7	47.059	51
Q9TWF9	sp|O43278|SPIT1_HUMAN	2.06e-13	53.5	45.098	51
Q9TWF9	sp|Q96NZ8|WFKN1_HUMAN	9.26e-15	57.4	45.283	53
Q9TWF9	sp|Q96NZ8|WFKN1_HUMAN	0.002	25.8	30.556	36
Q9TWF9	sp|Q06481|APLP2_HUMAN	9.68e-15	57.4	52.273	44
Q9TWF9	sp|P05067|A4_HUMAN	2.76e-14	56.2	46.809	47
Q9TWF9	sp|O95428|PPN_HUMAN	8.8e-14	54.7	47.059	51
Q9TWF9	sp|O95925|EPPI_HUMAN	2.59e-12	48.9	39.216	51
Q9TWF9	sp|Q2UY09|COSA1_HUMAN	1.23e-11	48.5	35.294	51
Q9TWF9	sp|Q8IUA0|WFDC8_HUMAN	4e-11	47.0	35.088	57
Q9TWF9	sp|Q9BQY6|WFDC6_HUMAN	1.52e-06	33.9	36.957	46
Q9TWG0	sp|P48307|TFPI2_HUMAN	4.62e-19	68.6	56.863	51
Q9TWG0	sp|P48307|TFPI2_HUMAN	2.12e-11	47.8	45.098	51
Q9TWG0	sp|P48307|TFPI2_HUMAN	8.89e-07	35.0	36.066	61
Q9TWG0	sp|O43291|SPIT2_HUMAN	1.1e-18	67.8	52.632	57
Q9TWG0	sp|O43291|SPIT2_HUMAN	1.02e-12	51.6	48.889	45
Q9TWG0	sp|P10646|TFPI1_HUMAN	4.73e-18	66.2	56.863	51
Q9TWG0	sp|P10646|TFPI1_HUMAN	4.03e-16	61.2	49.02	51
Q9TWG0	sp|P10646|TFPI1_HUMAN	1.23e-14	57.0	50.98	51
Q9TWG0	sp|P12111|CO6A3_HUMAN	1.99e-17	65.1	50.0	52
Q9TWG0	sp|Q8TEU8|WFKN2_HUMAN	2.05e-16	62.0	50.98	51
Q9TWG0	sp|Q8TEU8|WFKN2_HUMAN	1.41e-08	40.0	32.692	52
Q9TWG0	sp|Q8TEU8|WFKN2_HUMAN	0.1	20.8	35.294	34
Q9TWG0	sp|Q96NZ8|WFKN1_HUMAN	4.14e-16	61.2	49.057	53
Q9TWG0	sp|Q96NZ8|WFKN1_HUMAN	0.000133	28.9	33.333	36
Q9TWG0	sp|Q02388|CO7A1_HUMAN	4.63e-16	61.2	47.368	57
Q9TWG0	sp|P49223|SPIT3_HUMAN	9.71e-16	56.6	47.059	51
Q9TWG0	sp|O43278|SPIT1_HUMAN	1.79e-15	59.3	50.98	51
Q9TWG0	sp|O43278|SPIT1_HUMAN	6.23e-14	55.1	47.059	51
Q9TWG0	sp|Q6UDR6|SPIT4_HUMAN	2.43e-15	55.8	47.273	55
Q9TWG0	sp|Q06481|APLP2_HUMAN	4.39e-15	58.5	52.273	44
Q9TWG0	sp|P05067|A4_HUMAN	1.34e-14	57.0	48.936	47
Q9TWG0	sp|P02760|AMBP_HUMAN	1.27e-13	54.3	49.02	51
Q9TWG0	sp|P02760|AMBP_HUMAN	9.71e-12	48.9	41.509	53
Q9TWG0	sp|O95428|PPN_HUMAN	2.58e-13	53.5	47.059	51
Q9TWG0	sp|O95925|EPPI_HUMAN	1.37e-11	47.0	37.255	51
Q9TWG0	sp|Q2UY09|COSA1_HUMAN	3.17e-11	47.4	33.333	51
Q9TWG0	sp|Q2UY09|COSA1_HUMAN	0.51	18.9	29.63	27
Q9TWG0	sp|Q8IUA0|WFDC8_HUMAN	3.27e-10	44.7	35.088	57
Q9TWG0	sp|Q9BQY6|WFDC6_HUMAN	4.69e-07	35.0	39.13	46
Q9W728	sp|Q2UY09|COSA1_HUMAN	2.61e-12	52.0	36.508	63
Q9W728	sp|Q2UY09|COSA1_HUMAN	2.8	17.7	50.0	16
Q9W728	sp|Q2UY09|COSA1_HUMAN	9.1	16.2	62.5	8
Q9W728	sp|P12111|CO6A3_HUMAN	5.39e-11	48.1	41.176	51
Q9W728	sp|P10646|TFPI1_HUMAN	2.96e-09	43.1	40.426	47
Q9W728	sp|P10646|TFPI1_HUMAN	4.24e-08	39.7	32.308	65
Q9W728	sp|P10646|TFPI1_HUMAN	1.61e-06	35.4	31.25	64
Q9W728	sp|P48307|TFPI2_HUMAN	3.32e-09	42.7	42.553	47
Q9W728	sp|P48307|TFPI2_HUMAN	2.81e-07	37.4	36.735	49
Q9W728	sp|P48307|TFPI2_HUMAN	3.9	17.3	27.273	33
Q9W728	sp|Q8TEU8|WFKN2_HUMAN	7.02e-09	42.0	32.075	53
Q9W728	sp|Q8TEU8|WFKN2_HUMAN	3.89e-08	40.0	35.294	51
Q9W728	sp|Q8IUA0|WFDC8_HUMAN	1.77e-08	40.8	36.735	49
Q9W728	sp|Q06481|APLP2_HUMAN	2.75e-08	40.4	35.294	51
Q9W728	sp|P02760|AMBP_HUMAN	3.96e-08	40.0	37.255	51
Q9W728	sp|P02760|AMBP_HUMAN	6.91e-08	39.3	30.357	56
Q9W728	sp|O95925|EPPI_HUMAN	6.76e-08	38.5	38.298	47
Q9W728	sp|P05067|A4_HUMAN	3.34e-07	37.4	32.609	46
Q9W728	sp|P05067|A4_HUMAN	6.9	16.5	45.455	11
Q9W728	sp|O43291|SPIT2_HUMAN	3.34e-07	37.4	37.778	45
Q9W728	sp|O43291|SPIT2_HUMAN	8.62e-05	30.4	28.07	57
Q9W728	sp|O95428|PPN_HUMAN	4.94e-07	37.0	33.333	48
Q9W728	sp|O95428|PPN_HUMAN	4.9	16.9	50.0	14
Q9W728	sp|O95428|PPN_HUMAN	9.1	16.2	43.75	16
Q9W728	sp|Q02388|CO7A1_HUMAN	6.48e-07	36.6	31.481	54
Q9W728	sp|Q02388|CO7A1_HUMAN	6.2	16.9	55.556	9
Q9W728	sp|Q02388|CO7A1_HUMAN	8.1	16.5	60.0	10
Q9W728	sp|Q96NZ8|WFKN1_HUMAN	6.57e-07	36.6	37.255	51
Q9W728	sp|Q96NZ8|WFKN1_HUMAN	0.000328	28.9	31.429	35
Q9W728	sp|Q6UDR6|SPIT4_HUMAN	8.04e-07	35.0	35.385	65
Q9W728	sp|P49223|SPIT3_HUMAN	1.82e-06	33.9	31.373	51
Q9W728	sp|O43278|SPIT1_HUMAN	2.14e-06	35.0	35.294	51
Q9W728	sp|O43278|SPIT1_HUMAN	4.26e-06	34.3	31.667	60
Q9W728	sp|O43278|SPIT1_HUMAN	8.8	16.2	50.0	12
Q9W728	sp|Q9BQY6|WFDC6_HUMAN	3.55e-05	31.2	36.364	33
W4VSH9	sp|P10646|TFPI1_HUMAN	7.77e-31	105.0	40.58	138
W4VSH9	sp|P10646|TFPI1_HUMAN	2.13e-22	83.2	32.026	153
W4VSH9	sp|P10646|TFPI1_HUMAN	9.02e-17	67.4	41.333	75
W4VSH9	sp|O43291|SPIT2_HUMAN	1.56e-25	90.5	30.357	168
W4VSH9	sp|O43291|SPIT2_HUMAN	1.2e-07	41.2	31.169	77
W4VSH9	sp|Q8TEU8|WFKN2_HUMAN	3.58e-23	86.7	35.115	131
W4VSH9	sp|Q8TEU8|WFKN2_HUMAN	8.56e-05	33.1	33.333	45
W4VSH9	sp|Q8TEU8|WFKN2_HUMAN	3.8	18.9	42.857	21
W4VSH9	sp|Q06481|APLP2_HUMAN	1.53e-20	79.3	44.156	77
W4VSH9	sp|Q06481|APLP2_HUMAN	1.94e-14	61.6	49.091	55
W4VSH9	sp|Q06481|APLP2_HUMAN	2.3	19.6	35.294	17
W4VSH9	sp|P02760|AMBP_HUMAN	9.91e-20	76.3	31.724	145
W4VSH9	sp|P02760|AMBP_HUMAN	1.19e-14	61.6	50.877	57
W4VSH9	sp|P02760|AMBP_HUMAN	3.13e-11	52.0	37.662	77
W4VSH9	sp|P49223|SPIT3_HUMAN	3.2e-19	69.7	49.275	69
W4VSH9	sp|P49223|SPIT3_HUMAN	2e-11	49.3	36.842	57
W4VSH9	sp|P48307|TFPI2_HUMAN	5.53e-19	72.8	33.333	138
W4VSH9	sp|P48307|TFPI2_HUMAN	8.39e-15	61.2	50.0	54
W4VSH9	sp|Q96NZ8|WFKN1_HUMAN	7.06e-18	71.2	29.605	152
W4VSH9	sp|P12111|CO6A3_HUMAN	2.24e-15	64.3	42.623	61
W4VSH9	sp|P12111|CO6A3_HUMAN	6.06e-15	63.2	44.231	52
W4VSH9	sp|P05067|A4_HUMAN	4.5e-15	63.2	45.283	53
W4VSH9	sp|P05067|A4_HUMAN	4.3e-12	54.7	45.833	48
W4VSH9	sp|O95925|EPPI_HUMAN	1.09e-14	59.3	40.625	64
W4VSH9	sp|O95925|EPPI_HUMAN	4.54e-13	55.1	42.857	63
W4VSH9	sp|Q6UDR6|SPIT4_HUMAN	6.79e-14	56.2	38.356	73
W4VSH9	sp|Q6UDR6|SPIT4_HUMAN	4.48e-08	40.8	36.957	46
W4VSH9	sp|O43278|SPIT1_HUMAN	4.69e-13	57.4	26.882	186
W4VSH9	sp|O43278|SPIT1_HUMAN	1.83e-12	55.8	37.333	75
W4VSH9	sp|O43278|SPIT1_HUMAN	8.02e-11	50.8	43.333	60
W4VSH9	sp|O95428|PPN_HUMAN	2.06e-12	55.8	41.538	65
W4VSH9	sp|O95428|PPN_HUMAN	1.15e-09	47.8	43.137	51
W4VSH9	sp|Q02388|CO7A1_HUMAN	3.54e-12	55.1	45.902	61
W4VSH9	sp|Q02388|CO7A1_HUMAN	5.54e-12	54.7	46.296	54
W4VSH9	sp|Q02388|CO7A1_HUMAN	7.1	18.1	45.455	22
W4VSH9	sp|Q02388|CO7A1_HUMAN	8.5	17.7	25.0	28
W4VSH9	sp|Q2UY09|COSA1_HUMAN	2.76e-08	43.5	43.182	44
W4VSH9	sp|Q2UY09|COSA1_HUMAN	8.64e-07	39.3	30.612	49
W4VSH9	sp|Q9BQY6|WFDC6_HUMAN	1.72e-07	39.7	54.839	31
W4VSH9	sp|Q9BQY6|WFDC6_HUMAN	8.5e-05	32.0	46.667	30
W4VSH9	sp|Q8IUA0|WFDC8_HUMAN	4.45e-06	36.6	35.294	51
W4VSH9	sp|Q8IUA0|WFDC8_HUMAN	5.07e-06	36.2	28.571	77
A0A1D0BND9	sp|P10646|TFPI1_HUMAN	1.18e-18	70.9	37.255	102
A0A1D0BND9	sp|P10646|TFPI1_HUMAN	1.57e-13	56.6	29.008	131
A0A1D0BND9	sp|P10646|TFPI1_HUMAN	2.71e-08	42.0	43.137	51
A0A1D0BND9	sp|O43291|SPIT2_HUMAN	1.33e-15	62.0	27.737	137
A0A1D0BND9	sp|O43291|SPIT2_HUMAN	5.63e-05	32.3	32.558	43
A0A1D0BND9	sp|P48307|TFPI2_HUMAN	2.33e-15	61.2	37.143	105
A0A1D0BND9	sp|P48307|TFPI2_HUMAN	2.81e-11	50.1	31.25	112
A0A1D0BND9	sp|P48307|TFPI2_HUMAN	1.18e-09	45.4	42.308	52
A0A1D0BND9	sp|Q8TEU8|WFKN2_HUMAN	1.12e-14	60.1	33.673	98
A0A1D0BND9	sp|Q8TEU8|WFKN2_HUMAN	1.21e-08	43.1	38.462	52
A0A1D0BND9	sp|Q8TEU8|WFKN2_HUMAN	0.04	23.9	26.316	38
A0A1D0BND9	sp|Q8TEU8|WFKN2_HUMAN	2.8	18.5	29.167	24
A0A1D0BND9	sp|P02760|AMBP_HUMAN	8.24e-14	57.8	39.56	91
A0A1D0BND9	sp|P02760|AMBP_HUMAN	4.6e-07	38.1	48.718	39
A0A1D0BND9	sp|P02760|AMBP_HUMAN	8.31e-06	34.7	36.765	68
A0A1D0BND9	sp|Q06481|APLP2_HUMAN	3.38e-12	53.1	39.655	58
A0A1D0BND9	sp|Q06481|APLP2_HUMAN	6.16e-12	52.4	47.619	42
A0A1D0BND9	sp|P12111|CO6A3_HUMAN	4.44e-12	52.8	39.623	53
A0A1D0BND9	sp|P12111|CO6A3_HUMAN	6.41e-11	49.7	39.583	48
A0A1D0BND9	sp|P12111|CO6A3_HUMAN	0.63	20.4	41.176	17
A0A1D0BND9	sp|P12111|CO6A3_HUMAN	5.9	17.7	40.0	10
A0A1D0BND9	sp|P49223|SPIT3_HUMAN	7.71e-12	49.3	48.077	52
A0A1D0BND9	sp|P49223|SPIT3_HUMAN	6.68e-09	41.6	38.182	55
A0A1D0BND9	sp|O95925|EPPI_HUMAN	2.37e-11	48.9	35.955	89
A0A1D0BND9	sp|O95925|EPPI_HUMAN	5.53e-06	34.7	30.189	53
A0A1D0BND9	sp|Q2UY09|COSA1_HUMAN	2.87e-10	47.8	33.333	57
A0A1D0BND9	sp|Q2UY09|COSA1_HUMAN	0.000265	30.4	27.778	36
A0A1D0BND9	sp|Q96NZ8|WFKN1_HUMAN	3.02e-10	47.4	28.723	94
A0A1D0BND9	sp|Q96NZ8|WFKN1_HUMAN	4.33e-05	32.7	31.481	54
A0A1D0BND9	sp|Q96NZ8|WFKN1_HUMAN	2.2	18.9	38.095	21
A0A1D0BND9	sp|Q96NZ8|WFKN1_HUMAN	5.8	17.7	60.0	10
A0A1D0BND9	sp|Q02388|CO7A1_HUMAN	3.22e-10	47.8	46.939	49
A0A1D0BND9	sp|Q02388|CO7A1_HUMAN	1.26e-08	43.1	39.583	48
A0A1D0BND9	sp|Q02388|CO7A1_HUMAN	3.2	18.5	35.0	20
A0A1D0BND9	sp|P05067|A4_HUMAN	6.11e-10	46.6	50.0	34
A0A1D0BND9	sp|P05067|A4_HUMAN	1.41e-08	42.7	40.909	44
A0A1D0BND9	sp|Q6UDR6|SPIT4_HUMAN	6.6e-10	44.3	46.512	43
A0A1D0BND9	sp|Q6UDR6|SPIT4_HUMAN	1.7e-08	40.8	35.088	57
A0A1D0BND9	sp|O95428|PPN_HUMAN	1.78e-09	45.4	38.182	55
A0A1D0BND9	sp|O95428|PPN_HUMAN	1.18e-06	37.4	40.541	37
A0A1D0BND9	sp|O43278|SPIT1_HUMAN	2.49e-07	39.3	41.026	39
A0A1D0BND9	sp|O43278|SPIT1_HUMAN	7.91e-06	34.7	30.645	62
A0A1D0BND9	sp|O43278|SPIT1_HUMAN	1.01e-05	34.7	34.848	66
A0A1D0BND9	sp|O43278|SPIT1_HUMAN	1.29e-05	34.3	39.394	33
A0A1D0BND9	sp|Q8IUA0|WFDC8_HUMAN	0.000134	31.2	29.825	57
A0A1D0BND9	sp|Q8IUA0|WFDC8_HUMAN	0.011	25.4	29.091	55
A0A1D0BND9	sp|Q9BQY6|WFDC6_HUMAN	0.036	23.9	29.091	55
A0A1D0BND9	sp|Q9BQY6|WFDC6_HUMAN	0.31	21.2	46.667	15
A5X2X1	sp|P10646|TFPI1_HUMAN	1.43e-17	68.9	50.0	62
A5X2X1	sp|P10646|TFPI1_HUMAN	1.52e-14	60.5	47.143	70
A5X2X1	sp|P10646|TFPI1_HUMAN	3.53e-13	56.6	41.509	53
A5X2X1	sp|Q06481|APLP2_HUMAN	1.03e-16	67.4	42.647	68
A5X2X1	sp|P12111|CO6A3_HUMAN	1.41e-15	63.9	43.333	60
A5X2X1	sp|P12111|CO6A3_HUMAN	8.5	17.3	36.842	19
A5X2X1	sp|P05067|A4_HUMAN	6.9e-15	62.0	51.064	47
A5X2X1	sp|Q8TEU8|WFKN2_HUMAN	9.32e-15	61.6	49.091	55
A5X2X1	sp|Q8TEU8|WFKN2_HUMAN	4.54e-07	39.3	26.25	80
A5X2X1	sp|Q8TEU8|WFKN2_HUMAN	1.0	20.4	43.75	16
A5X2X1	sp|Q8IUA0|WFDC8_HUMAN	1.83e-14	59.7	35.135	111
A5X2X1	sp|Q8IUA0|WFDC8_HUMAN	0.009	26.2	33.333	48
A5X2X1	sp|Q6UDR6|SPIT4_HUMAN	2.67e-14	56.6	41.667	84
A5X2X1	sp|P49223|SPIT3_HUMAN	1.06e-13	55.1	42.593	54
A5X2X1	sp|P48307|TFPI2_HUMAN	1.6e-13	57.0	46.774	62
A5X2X1	sp|P48307|TFPI2_HUMAN	5.47e-12	52.8	42.0	50
A5X2X1	sp|P48307|TFPI2_HUMAN	5.22e-05	32.7	28.261	92
A5X2X1	sp|O43291|SPIT2_HUMAN	6.55e-13	55.5	42.308	52
A5X2X1	sp|O43291|SPIT2_HUMAN	6.48e-11	50.1	34.921	63
A5X2X1	sp|Q96NZ8|WFKN1_HUMAN	1.11e-12	55.5	45.455	55
A5X2X1	sp|Q96NZ8|WFKN1_HUMAN	5.79e-05	33.1	31.667	60
A5X2X1	sp|Q96NZ8|WFKN1_HUMAN	0.31	21.9	28.358	67
A5X2X1	sp|O95428|PPN_HUMAN	1.89e-12	55.1	35.897	78
A5X2X1	sp|O43278|SPIT1_HUMAN	2.3e-12	54.7	52.174	46
A5X2X1	sp|O43278|SPIT1_HUMAN	9.08e-12	52.8	34.921	63
A5X2X1	sp|P02760|AMBP_HUMAN	1.01e-11	52.8	47.059	51
A5X2X1	sp|P02760|AMBP_HUMAN	1.5e-07	40.4	35.294	51
A5X2X1	sp|O95925|EPPI_HUMAN	2.09e-11	50.1	40.741	54
A5X2X1	sp|O95925|EPPI_HUMAN	0.21	21.9	33.333	42
A5X2X1	sp|Q2UY09|COSA1_HUMAN	5.21e-11	50.8	35.938	64
A5X2X1	sp|Q02388|CO7A1_HUMAN	1.81e-10	49.3	40.741	54
A5X2X1	sp|Q02388|CO7A1_HUMAN	7.2	17.7	26.667	45
A5X2X1	sp|Q9BQY6|WFDC6_HUMAN	2.66e-05	33.1	48.276	29
A5X2X1	sp|Q9BQY6|WFDC6_HUMAN	0.71	20.4	31.034	29
A6MFL1	sp|P12111|CO6A3_HUMAN	5.71e-17	65.1	42.593	54
A6MFL1	sp|P12111|CO6A3_HUMAN	0.66	19.6	28.0	25
A6MFL1	sp|P10646|TFPI1_HUMAN	3.08e-16	62.8	44.828	58
A6MFL1	sp|P10646|TFPI1_HUMAN	4.54e-14	56.6	42.857	70
A6MFL1	sp|P10646|TFPI1_HUMAN	4.9e-13	53.5	39.623	53
A6MFL1	sp|Q02388|CO7A1_HUMAN	2.61e-12	52.0	37.5	64
A6MFL1	sp|O95925|EPPI_HUMAN	2.93e-12	50.1	34.545	55
A6MFL1	sp|P02760|AMBP_HUMAN	3.19e-12	51.6	39.683	63
A6MFL1	sp|P02760|AMBP_HUMAN	1.97e-11	49.3	37.736	53
A6MFL1	sp|P02760|AMBP_HUMAN	1.4	18.5	36.0	25
A6MFL1	sp|P02760|AMBP_HUMAN	7.9	16.2	42.857	14
A6MFL1	sp|P05067|A4_HUMAN	3.77e-12	51.2	37.5	48
A6MFL1	sp|P48307|TFPI2_HUMAN	4.62e-12	50.8	43.396	53
A6MFL1	sp|P48307|TFPI2_HUMAN	4.59e-11	48.1	39.623	53
A6MFL1	sp|P48307|TFPI2_HUMAN	0.008	24.6	31.034	58
A6MFL1	sp|Q96NZ8|WFKN1_HUMAN	5.06e-12	50.8	39.623	53
A6MFL1	sp|Q96NZ8|WFKN1_HUMAN	8.9e-07	36.2	32.203	59
A6MFL1	sp|O43278|SPIT1_HUMAN	2.1e-11	49.3	34.921	63
A6MFL1	sp|O43278|SPIT1_HUMAN	1.88e-10	46.6	40.426	47
A6MFL1	sp|P49223|SPIT3_HUMAN	4.02e-11	46.2	33.333	66
A6MFL1	sp|Q8TEU8|WFKN2_HUMAN	6.2e-11	47.8	37.255	51
A6MFL1	sp|Q8TEU8|WFKN2_HUMAN	2.03e-08	40.8	37.255	51
A6MFL1	sp|O43291|SPIT2_HUMAN	6.4e-11	47.8	37.037	54
A6MFL1	sp|O43291|SPIT2_HUMAN	8.54e-09	41.6	30.189	53
A6MFL1	sp|Q06481|APLP2_HUMAN	6.61e-11	47.8	31.667	60
A6MFL1	sp|O95428|PPN_HUMAN	2.22e-10	46.2	37.037	54
A6MFL1	sp|O95428|PPN_HUMAN	9.9	16.2	22.857	35
A6MFL1	sp|Q2UY09|COSA1_HUMAN	6.3e-10	45.1	36.508	63
A6MFL1	sp|Q6UDR6|SPIT4_HUMAN	1.37e-09	42.4	35.526	76
A6MFL1	sp|Q8IUA0|WFDC8_HUMAN	8.53e-08	38.9	33.962	53
A6MFL1	sp|Q9BQY6|WFDC6_HUMAN	0.000834	27.3	46.154	26
A6MFL2	sp|P10646|TFPI1_HUMAN	3.89e-16	62.4	46.552	58
A6MFL2	sp|P10646|TFPI1_HUMAN	2.31e-14	57.4	42.857	70
A6MFL2	sp|P10646|TFPI1_HUMAN	1.92e-12	52.0	39.623	53
A6MFL2	sp|P12111|CO6A3_HUMAN	6.11e-16	62.0	40.741	54
A6MFL2	sp|P12111|CO6A3_HUMAN	0.66	19.6	28.0	25
A6MFL2	sp|P12111|CO6A3_HUMAN	9.4	16.2	40.0	20
A6MFL2	sp|Q02388|CO7A1_HUMAN	4.76e-13	53.9	39.062	64
A6MFL2	sp|Q96NZ8|WFKN1_HUMAN	2.18e-12	52.0	39.623	53
A6MFL2	sp|Q96NZ8|WFKN1_HUMAN	2.97e-06	34.7	30.508	59
A6MFL2	sp|P02760|AMBP_HUMAN	3.03e-12	51.6	39.683	63
A6MFL2	sp|P02760|AMBP_HUMAN	2.25e-10	46.2	35.849	53
A6MFL2	sp|P02760|AMBP_HUMAN	1.5	18.5	36.0	25
A6MFL2	sp|P02760|AMBP_HUMAN	8.6	16.2	42.857	14
A6MFL2	sp|O95925|EPPI_HUMAN	3.09e-12	49.7	36.364	55
A6MFL2	sp|Q8TEU8|WFKN2_HUMAN	1.38e-11	49.7	39.216	51
A6MFL2	sp|Q8TEU8|WFKN2_HUMAN	8.18e-09	42.0	37.255	51
A6MFL2	sp|P05067|A4_HUMAN	2.13e-11	49.3	37.5	48
A6MFL2	sp|P49223|SPIT3_HUMAN	3.1e-11	46.2	34.848	66
A6MFL2	sp|O43278|SPIT1_HUMAN	6.04e-11	47.8	34.921	63
A6MFL2	sp|O43278|SPIT1_HUMAN	8.08e-10	44.7	40.426	47
A6MFL2	sp|O43278|SPIT1_HUMAN	7.2	16.5	30.233	43
A6MFL2	sp|P48307|TFPI2_HUMAN	8.64e-11	47.4	41.509	53
A6MFL2	sp|P48307|TFPI2_HUMAN	1.32e-10	46.6	39.623	53
A6MFL2	sp|P48307|TFPI2_HUMAN	0.004	25.8	31.034	58
A6MFL2	sp|O95428|PPN_HUMAN	1.05e-10	47.4	37.037	54
A6MFL2	sp|O43291|SPIT2_HUMAN	2.26e-10	46.2	37.037	54
A6MFL2	sp|O43291|SPIT2_HUMAN	2.84e-08	40.0	30.189	53
A6MFL2	sp|Q06481|APLP2_HUMAN	2.86e-10	45.8	31.667	60
A6MFL2	sp|Q2UY09|COSA1_HUMAN	4.88e-10	45.4	38.095	63
A6MFL2	sp|Q6UDR6|SPIT4_HUMAN	6.38e-10	43.1	35.526	76
A6MFL2	sp|Q8IUA0|WFDC8_HUMAN	3.38e-08	40.0	33.962	53
A6MFL2	sp|Q9BQY6|WFDC6_HUMAN	0.000868	27.3	46.154	26
A6MFL3	sp|P12111|CO6A3_HUMAN	5.09e-19	70.9	50.0	54
A6MFL3	sp|P10646|TFPI1_HUMAN	3.3e-17	65.1	43.333	60
A6MFL3	sp|P10646|TFPI1_HUMAN	2.71e-16	62.8	37.5	72
A6MFL3	sp|P10646|TFPI1_HUMAN	2.84e-13	54.3	43.056	72
A6MFL3	sp|O95925|EPPI_HUMAN	1.04e-16	61.2	43.396	53
A6MFL3	sp|P48307|TFPI2_HUMAN	1.28e-16	63.2	52.83	53
A6MFL3	sp|P48307|TFPI2_HUMAN	8.9e-11	47.0	36.364	55
A6MFL3	sp|P48307|TFPI2_HUMAN	0.000214	29.3	30.508	59
A6MFL3	sp|P49223|SPIT3_HUMAN	1.82e-16	59.7	40.909	66
A6MFL3	sp|Q8TEU8|WFKN2_HUMAN	1.29e-14	58.2	49.02	51
A6MFL3	sp|Q8TEU8|WFKN2_HUMAN	3.93e-05	31.6	29.412	51
A6MFL3	sp|P02760|AMBP_HUMAN	3.9e-14	57.0	42.308	52
A6MFL3	sp|P02760|AMBP_HUMAN	7.19e-13	53.1	41.27	63
A6MFL3	sp|P05067|A4_HUMAN	9.38e-14	55.8	46.809	47
A6MFL3	sp|P05067|A4_HUMAN	0.5	20.0	31.25	32
A6MFL3	sp|O43291|SPIT2_HUMAN	1.52e-13	54.7	39.655	58
A6MFL3	sp|O43291|SPIT2_HUMAN	1.04e-10	47.0	35.849	53
A6MFL3	sp|Q02388|CO7A1_HUMAN	2.18e-13	55.1	40.625	64
A6MFL3	sp|Q96NZ8|WFKN1_HUMAN	2.57e-13	54.7	43.396	53
A6MFL3	sp|Q96NZ8|WFKN1_HUMAN	5.9e-07	36.6	35.556	45
A6MFL3	sp|Q2UY09|COSA1_HUMAN	5.74e-13	53.5	35.938	64
A6MFL3	sp|Q06481|APLP2_HUMAN	4.67e-12	51.2	34.483	58
A6MFL3	sp|Q06481|APLP2_HUMAN	0.12	21.6	40.0	30
A6MFL3	sp|Q06481|APLP2_HUMAN	7.7	16.5	38.889	18
A6MFL3	sp|O95428|PPN_HUMAN	4.59e-11	48.1	37.931	58
A6MFL3	sp|O43278|SPIT1_HUMAN	7.21e-11	47.8	36.508	63
A6MFL3	sp|O43278|SPIT1_HUMAN	1.12e-08	41.6	35.714	56
A6MFL3	sp|Q6UDR6|SPIT4_HUMAN	5.67e-10	43.1	34.667	75
A6MFL3	sp|Q8IUA0|WFDC8_HUMAN	5.59e-08	39.3	33.962	53
A6MFL3	sp|Q9BQY6|WFDC6_HUMAN	0.000168	29.3	46.429	28
A6MFL4	sp|P10646|TFPI1_HUMAN	7.33e-18	67.0	43.077	65
A6MFL4	sp|P10646|TFPI1_HUMAN	3.55e-17	65.1	43.056	72
A6MFL4	sp|P10646|TFPI1_HUMAN	1.59e-12	52.4	44.643	56
A6MFL4	sp|P12111|CO6A3_HUMAN	1.12e-15	61.2	38.71	62
A6MFL4	sp|O95925|EPPI_HUMAN	9.76e-15	56.2	41.071	56
A6MFL4	sp|Q8TEU8|WFKN2_HUMAN	1.12e-14	58.5	49.02	51
A6MFL4	sp|Q8TEU8|WFKN2_HUMAN	2.5e-07	37.7	33.333	51
A6MFL4	sp|P48307|TFPI2_HUMAN	2.21e-14	57.0	49.057	53
A6MFL4	sp|P48307|TFPI2_HUMAN	3.99e-10	45.4	42.0	50
A6MFL4	sp|P48307|TFPI2_HUMAN	0.013	24.3	29.31	58
A6MFL4	sp|Q06481|APLP2_HUMAN	2.03e-13	55.1	36.207	58
A6MFL4	sp|Q06481|APLP2_HUMAN	7.8	16.5	26.667	30
A6MFL4	sp|P02760|AMBP_HUMAN	3.09e-13	54.3	42.105	57
A6MFL4	sp|P02760|AMBP_HUMAN	1.73e-11	49.3	35.849	53
A6MFL4	sp|O43291|SPIT2_HUMAN	5.71e-13	53.1	39.623	53
A6MFL4	sp|O43291|SPIT2_HUMAN	2.2e-11	48.9	38.889	54
A6MFL4	sp|P49223|SPIT3_HUMAN	5.96e-13	50.8	38.889	54
A6MFL4	sp|Q96NZ8|WFKN1_HUMAN	1.3e-12	52.8	43.396	53
A6MFL4	sp|Q96NZ8|WFKN1_HUMAN	2.05e-06	35.0	30.435	46
A6MFL4	sp|P05067|A4_HUMAN	1.59e-12	52.4	37.5	48
A6MFL4	sp|O95428|PPN_HUMAN	2.15e-12	52.0	42.593	54
A6MFL4	sp|Q02388|CO7A1_HUMAN	6.41e-12	50.8	36.765	68
A6MFL4	sp|O43278|SPIT1_HUMAN	6.97e-12	50.4	42.105	57
A6MFL4	sp|O43278|SPIT1_HUMAN	7.1e-12	50.4	35.938	64
A6MFL4	sp|Q2UY09|COSA1_HUMAN	1.02e-09	44.3	33.871	62
A6MFL4	sp|Q6UDR6|SPIT4_HUMAN	3.9e-09	41.2	34.483	58
A6MFL4	sp|Q8IUA0|WFDC8_HUMAN	4e-07	37.0	35.849	53
A6MFL4	sp|Q9BQY6|WFDC6_HUMAN	3.16e-05	31.2	57.692	26
A6MGX9	sp|P12111|CO6A3_HUMAN	1.25e-17	67.0	44.444	54
A6MGX9	sp|P12111|CO6A3_HUMAN	0.08	22.3	32.0	25
A6MGX9	sp|P10646|TFPI1_HUMAN	1.35e-16	63.5	46.552	58
A6MGX9	sp|P10646|TFPI1_HUMAN	3.9e-13	53.9	41.429	70
A6MGX9	sp|P10646|TFPI1_HUMAN	4.81e-13	53.5	39.623	53
A6MGX9	sp|P02760|AMBP_HUMAN	2.4e-12	52.0	39.683	63
A6MGX9	sp|P02760|AMBP_HUMAN	2.51e-10	46.2	35.849	53
A6MGX9	sp|P02760|AMBP_HUMAN	1.6	18.5	36.0	25
A6MGX9	sp|P02760|AMBP_HUMAN	8.6	16.2	42.857	14
A6MGX9	sp|P48307|TFPI2_HUMAN	2.79e-12	51.2	43.396	53
A6MGX9	sp|P48307|TFPI2_HUMAN	2.12e-11	48.9	39.623	53
A6MGX9	sp|P48307|TFPI2_HUMAN	0.007	25.0	31.034	58
A6MGX9	sp|Q02388|CO7A1_HUMAN	3.08e-12	51.6	37.5	64
A6MGX9	sp|Q96NZ8|WFKN1_HUMAN	1.13e-11	50.1	39.623	53
A6MGX9	sp|Q96NZ8|WFKN1_HUMAN	1.93e-07	38.1	33.898	59
A6MGX9	sp|O43278|SPIT1_HUMAN	1.82e-11	49.3	34.921	63
A6MGX9	sp|O43278|SPIT1_HUMAN	1.76e-10	46.6	40.426	47
A6MGX9	sp|O95925|EPPI_HUMAN	1.92e-11	47.8	32.727	55
A6MGX9	sp|P05067|A4_HUMAN	4.26e-11	48.5	35.417	48
A6MGX9	sp|O43291|SPIT2_HUMAN	8.37e-11	47.4	37.037	54
A6MGX9	sp|O43291|SPIT2_HUMAN	4.74e-08	39.7	28.302	53
A6MGX9	sp|P49223|SPIT3_HUMAN	1.5e-10	44.7	33.333	66
A6MGX9	sp|Q8TEU8|WFKN2_HUMAN	2.37e-10	46.2	37.255	51
A6MGX9	sp|Q8TEU8|WFKN2_HUMAN	9.94e-08	38.9	35.294	51
A6MGX9	sp|Q06481|APLP2_HUMAN	7.47e-10	44.7	30.0	60
A6MGX9	sp|O95428|PPN_HUMAN	9.44e-10	44.7	37.037	54
A6MGX9	sp|Q6UDR6|SPIT4_HUMAN	9.69e-10	42.7	36.842	76
A6MGX9	sp|Q2UY09|COSA1_HUMAN	7.06e-09	42.0	34.921	63
A6MGX9	sp|Q8IUA0|WFDC8_HUMAN	2.07e-07	37.7	33.962	53
A6MGX9	sp|Q9BQY6|WFDC6_HUMAN	0.000553	27.7	46.429	28
A6MGY1	sp|P12111|CO6A3_HUMAN	5.09e-19	70.9	50.0	54
A6MGY1	sp|P10646|TFPI1_HUMAN	1.23e-17	66.6	44.828	58
A6MGY1	sp|P10646|TFPI1_HUMAN	9.11e-16	61.2	43.396	53
A6MGY1	sp|P10646|TFPI1_HUMAN	3.57e-13	53.9	44.286	70
A6MGY1	sp|O95925|EPPI_HUMAN	7.07e-17	62.0	41.818	55
A6MGY1	sp|P48307|TFPI2_HUMAN	1.02e-16	63.2	52.83	53
A6MGY1	sp|P48307|TFPI2_HUMAN	6.01e-10	44.7	36.364	55
A6MGY1	sp|P48307|TFPI2_HUMAN	0.000317	28.9	31.034	58
A6MGY1	sp|P49223|SPIT3_HUMAN	1.73e-15	57.4	39.394	66
A6MGY1	sp|Q8TEU8|WFKN2_HUMAN	1.36e-14	58.2	49.02	51
A6MGY1	sp|Q8TEU8|WFKN2_HUMAN	3.23e-05	31.6	29.412	51
A6MGY1	sp|P02760|AMBP_HUMAN	3.72e-14	57.0	41.509	53
A6MGY1	sp|P02760|AMBP_HUMAN	6.78e-13	53.5	41.27	63
A6MGY1	sp|P02760|AMBP_HUMAN	2.6	17.7	32.0	25
A6MGY1	sp|P05067|A4_HUMAN	5.81e-14	56.6	45.833	48
A6MGY1	sp|P05067|A4_HUMAN	2.5	17.7	29.032	31
A6MGY1	sp|Q02388|CO7A1_HUMAN	1.61e-13	55.1	40.625	64
A6MGY1	sp|Q02388|CO7A1_HUMAN	7.2	16.5	40.909	22
A6MGY1	sp|Q96NZ8|WFKN1_HUMAN	3.31e-13	54.3	43.396	53
A6MGY1	sp|Q96NZ8|WFKN1_HUMAN	6.9e-07	36.6	35.556	45
A6MGY1	sp|Q2UY09|COSA1_HUMAN	3.52e-13	54.3	37.097	62
A6MGY1	sp|O43291|SPIT2_HUMAN	3.59e-13	53.9	42.593	54
A6MGY1	sp|O43291|SPIT2_HUMAN	1.51e-10	46.6	35.849	53
A6MGY1	sp|Q06481|APLP2_HUMAN	4.19e-12	51.2	35.0	60
A6MGY1	sp|Q06481|APLP2_HUMAN	0.11	21.6	40.0	30
A6MGY1	sp|O95428|PPN_HUMAN	6.73e-11	47.8	38.889	54
A6MGY1	sp|O43278|SPIT1_HUMAN	9.03e-11	47.4	36.508	63
A6MGY1	sp|O43278|SPIT1_HUMAN	7.3e-09	42.0	35.714	56
A6MGY1	sp|Q6UDR6|SPIT4_HUMAN	8.71e-10	42.7	35.526	76
A6MGY1	sp|Q8IUA0|WFDC8_HUMAN	6.6e-08	39.3	33.962	53
A6MGY1	sp|Q9BQY6|WFDC6_HUMAN	0.000202	28.9	50.0	26
A7X3V4	sp|P10646|TFPI1_HUMAN	8.85e-17	64.3	45.902	61
A7X3V4	sp|P10646|TFPI1_HUMAN	1.23e-16	63.9	42.623	61
A7X3V4	sp|P10646|TFPI1_HUMAN	2.42e-15	60.5	51.852	54
A7X3V4	sp|Q8TEU8|WFKN2_HUMAN	1.13e-16	64.3	50.0	54
A7X3V4	sp|Q8TEU8|WFKN2_HUMAN	9.38e-10	44.7	34.545	55
A7X3V4	sp|O95925|EPPI_HUMAN	6.26e-16	59.7	43.636	55
A7X3V4	sp|Q06481|APLP2_HUMAN	2.22e-15	60.8	41.791	67
A7X3V4	sp|P49223|SPIT3_HUMAN	3.61e-15	56.6	42.593	54
A7X3V4	sp|P12111|CO6A3_HUMAN	1.02e-14	58.9	42.373	59
A7X3V4	sp|O43291|SPIT2_HUMAN	8.61e-14	55.8	38.71	62
A7X3V4	sp|O43291|SPIT2_HUMAN	5.05e-11	48.1	39.623	53
A7X3V4	sp|P05067|A4_HUMAN	9.22e-14	56.2	44.681	47
A7X3V4	sp|Q96NZ8|WFKN1_HUMAN	1.33e-13	55.8	44.444	54
A7X3V4	sp|Q96NZ8|WFKN1_HUMAN	2.89e-05	32.0	29.63	54
A7X3V4	sp|P02760|AMBP_HUMAN	1.67e-13	55.5	47.059	51
A7X3V4	sp|P02760|AMBP_HUMAN	4.45e-11	48.5	38.889	54
A7X3V4	sp|P48307|TFPI2_HUMAN	3.39e-13	53.9	49.02	51
A7X3V4	sp|P48307|TFPI2_HUMAN	3.15e-12	51.6	44.0	50
A7X3V4	sp|P48307|TFPI2_HUMAN	0.000165	29.6	32.308	65
A7X3V4	sp|O43278|SPIT1_HUMAN	9.36e-13	53.5	46.429	56
A7X3V4	sp|O43278|SPIT1_HUMAN	5.94e-10	45.4	33.333	63
A7X3V4	sp|Q6UDR6|SPIT4_HUMAN	2.63e-12	49.7	39.024	82
A7X3V4	sp|O95428|PPN_HUMAN	4.67e-11	48.5	38.889	54
A7X3V4	sp|O95428|PPN_HUMAN	2.8	18.1	25.714	35
A7X3V4	sp|O95428|PPN_HUMAN	3.4	17.7	42.857	14
A7X3V4	sp|O95428|PPN_HUMAN	9.5	16.2	40.0	15
A7X3V4	sp|Q2UY09|COSA1_HUMAN	2.29e-10	46.6	33.333	63
A7X3V4	sp|Q02388|CO7A1_HUMAN	2.95e-10	46.2	40.678	59
A7X3V4	sp|Q02388|CO7A1_HUMAN	2.6	18.1	45.0	20
A7X3V4	sp|Q8IUA0|WFDC8_HUMAN	1.54e-08	41.2	34.615	52
A7X3V4	sp|Q9BQY6|WFDC6_HUMAN	1.71e-07	37.7	48.387	31
A7X3V7	sp|P12111|CO6A3_HUMAN	8.53e-19	70.9	45.0	60
A7X3V7	sp|P12111|CO6A3_HUMAN	3.6	17.7	87.5	8
A7X3V7	sp|P12111|CO6A3_HUMAN	5.1	17.3	52.941	17
A7X3V7	sp|P49223|SPIT3_HUMAN	2.45e-16	60.1	49.02	51
A7X3V7	sp|Q8TEU8|WFKN2_HUMAN	2.44e-15	61.2	40.984	61
A7X3V7	sp|Q8TEU8|WFKN2_HUMAN	4.97e-09	43.1	28.09	89
A7X3V7	sp|P10646|TFPI1_HUMAN	6.66e-15	59.7	38.356	73
A7X3V7	sp|P10646|TFPI1_HUMAN	5.17e-13	54.3	49.02	51
A7X3V7	sp|P10646|TFPI1_HUMAN	5.21e-09	43.1	43.137	51
A7X3V7	sp|P48307|TFPI2_HUMAN	1.62e-14	58.2	44.928	69
A7X3V7	sp|P48307|TFPI2_HUMAN	1.93e-07	38.5	36.735	49
A7X3V7	sp|P48307|TFPI2_HUMAN	2.06e-05	32.7	36.735	49
A7X3V7	sp|P02760|AMBP_HUMAN	4.1e-14	57.4	42.647	68
A7X3V7	sp|P02760|AMBP_HUMAN	5.35e-11	48.5	36.842	57
A7X3V7	sp|O95428|PPN_HUMAN	1.95e-13	55.8	45.098	51
A7X3V7	sp|O95428|PPN_HUMAN	2.8	18.1	23.256	43
A7X3V7	sp|O43278|SPIT1_HUMAN	3.15e-13	55.1	51.064	47
A7X3V7	sp|O43278|SPIT1_HUMAN	4.47e-08	40.4	40.909	44
A7X3V7	sp|Q06481|APLP2_HUMAN	4.3e-13	54.7	41.176	51
A7X3V7	sp|O95925|EPPI_HUMAN	4.8e-13	52.4	41.935	62
A7X3V7	sp|Q96NZ8|WFKN1_HUMAN	6.08e-13	54.3	44.444	54
A7X3V7	sp|Q96NZ8|WFKN1_HUMAN	0.000581	28.5	28.261	46
A7X3V7	sp|Q6UDR6|SPIT4_HUMAN	1.03e-12	50.8	47.17	53
A7X3V7	sp|P05067|A4_HUMAN	1.33e-12	53.1	43.75	48
A7X3V7	sp|Q02388|CO7A1_HUMAN	2.1e-12	52.8	42.593	54
A7X3V7	sp|Q8IUA0|WFDC8_HUMAN	2.06e-11	49.7	40.0	65
A7X3V7	sp|O43291|SPIT2_HUMAN	9.79e-11	47.8	36.667	60
A7X3V7	sp|O43291|SPIT2_HUMAN	3.22e-10	46.2	33.898	59
A7X3V7	sp|Q2UY09|COSA1_HUMAN	5.61e-10	45.8	32.759	58
A7X3V7	sp|Q2UY09|COSA1_HUMAN	4.0	17.7	31.034	29
A7X3V7	sp|Q9BQY6|WFDC6_HUMAN	0.000171	29.6	46.667	30
B2BS84	sp|O43291|SPIT2_HUMAN	1.19e-58	179.0	40.435	230
B2BS84	sp|O43278|SPIT1_HUMAN	1.53e-25	95.9	27.208	283
B2BS84	sp|O43278|SPIT1_HUMAN	1.69e-18	75.5	48.718	78
B2BS84	sp|O43278|SPIT1_HUMAN	4.31e-12	56.2	37.349	83
B2BS84	sp|P02760|AMBP_HUMAN	1.39e-23	89.0	35.099	151
B2BS84	sp|P48307|TFPI2_HUMAN	3.25e-22	83.6	32.447	188
B2BS84	sp|P48307|TFPI2_HUMAN	5.78e-13	57.8	47.17	53
B2BS84	sp|P10646|TFPI1_HUMAN	6.05e-21	81.3	29.936	157
B2BS84	sp|P10646|TFPI1_HUMAN	4.23e-19	75.9	29.605	152
B2BS84	sp|P10646|TFPI1_HUMAN	2.53e-12	56.6	44.643	56
B2BS84	sp|P10646|TFPI1_HUMAN	3.85e-12	55.8	43.86	57
B2BS84	sp|Q8TEU8|WFKN2_HUMAN	2.91e-17	71.6	27.397	146
B2BS84	sp|Q8TEU8|WFKN2_HUMAN	6.82e-15	64.7	43.75	64
B2BS84	sp|O95925|EPPI_HUMAN	9.28e-15	60.8	41.071	56
B2BS84	sp|O95925|EPPI_HUMAN	3.32e-14	59.3	49.02	51
B2BS84	sp|Q06481|APLP2_HUMAN	9.87e-15	64.3	49.057	53
B2BS84	sp|Q06481|APLP2_HUMAN	4.31e-11	53.5	43.137	51
B2BS84	sp|Q96NZ8|WFKN1_HUMAN	2.99e-14	62.8	29.412	136
B2BS84	sp|Q96NZ8|WFKN1_HUMAN	6.78e-13	58.9	42.188	64
B2BS84	sp|Q96NZ8|WFKN1_HUMAN	0.005	28.5	27.419	62
B2BS84	sp|P05067|A4_HUMAN	3.88e-14	62.8	41.892	74
B2BS84	sp|P05067|A4_HUMAN	1.69e-10	51.6	34.177	79
B2BS84	sp|P49223|SPIT3_HUMAN	5.36e-14	57.8	47.059	51
B2BS84	sp|P49223|SPIT3_HUMAN	4.26e-12	52.4	40.741	54
B2BS84	sp|O95428|PPN_HUMAN	4.69e-12	56.6	28.571	196
B2BS84	sp|O95428|PPN_HUMAN	8.41e-09	46.6	28.07	114
B2BS84	sp|P12111|CO6A3_HUMAN	5.34e-11	53.5	37.736	53
B2BS84	sp|P12111|CO6A3_HUMAN	2.54e-10	51.2	39.216	51
B2BS84	sp|Q2UY09|COSA1_HUMAN	2.54e-10	51.2	36.765	68
B2BS84	sp|Q2UY09|COSA1_HUMAN	1.43e-06	39.7	34.091	44
B2BS84	sp|Q8IUA0|WFDC8_HUMAN	1.24e-09	48.1	41.818	55
B2BS84	sp|Q8IUA0|WFDC8_HUMAN	3.17e-07	40.8	26.804	97
B2BS84	sp|Q6UDR6|SPIT4_HUMAN	7.05e-09	43.5	43.182	44
B2BS84	sp|Q6UDR6|SPIT4_HUMAN	3.54e-06	36.2	31.707	41
B2BS84	sp|Q02388|CO7A1_HUMAN	3.03e-08	45.1	37.037	54
B2BS84	sp|Q02388|CO7A1_HUMAN	7.49e-08	43.9	38.889	54
B2BS84	sp|Q02388|CO7A1_HUMAN	4.0	19.2	56.25	16
B2BS84	sp|Q02388|CO7A1_HUMAN	8.8	18.5	50.0	16
B2BS84	sp|Q9BQY6|WFDC6_HUMAN	7.62e-07	38.5	33.962	53
B2BS84	sp|Q9BQY6|WFDC6_HUMAN	7.1e-05	32.7	43.333	30
B2KTG2	sp|P12111|CO6A3_HUMAN	2.34e-13	55.1	43.137	51
B2KTG2	sp|P12111|CO6A3_HUMAN	2.9	17.7	35.714	14
B2KTG2	sp|Q06481|APLP2_HUMAN	3.37e-12	51.6	41.176	51
B2KTG2	sp|O43278|SPIT1_HUMAN	1.76e-11	49.7	39.216	51
B2KTG2	sp|O43278|SPIT1_HUMAN	1.21e-09	44.3	31.746	63
B2KTG2	sp|Q2UY09|COSA1_HUMAN	9.41e-11	47.4	34.375	64
B2KTG2	sp|P05067|A4_HUMAN	4.98e-10	45.4	34.783	46
B2KTG2	sp|P10646|TFPI1_HUMAN	5.21e-10	45.4	35.385	65
B2KTG2	sp|P10646|TFPI1_HUMAN	7.42e-09	42.0	42.553	47
B2KTG2	sp|P10646|TFPI1_HUMAN	1.34e-08	41.2	30.882	68
B2KTG2	sp|Q8TEU8|WFKN2_HUMAN	1.56e-09	43.9	28.986	69
B2KTG2	sp|Q8TEU8|WFKN2_HUMAN	1.54e-08	41.2	35.294	51
B2KTG2	sp|P02760|AMBP_HUMAN	3.36e-09	43.1	39.216	51
B2KTG2	sp|P02760|AMBP_HUMAN	8e-07	36.2	30.159	63
B2KTG2	sp|P02760|AMBP_HUMAN	4.5	16.9	30.769	26
B2KTG2	sp|P48307|TFPI2_HUMAN	1.05e-08	41.6	40.426	47
B2KTG2	sp|P48307|TFPI2_HUMAN	4.4e-08	39.7	39.216	51
B2KTG2	sp|O43291|SPIT2_HUMAN	2.2e-08	40.4	34.615	52
B2KTG2	sp|O43291|SPIT2_HUMAN	4.55e-08	39.7	32.258	62
B2KTG2	sp|Q96NZ8|WFKN1_HUMAN	2.65e-08	40.4	39.216	51
B2KTG2	sp|Q96NZ8|WFKN1_HUMAN	0.002	26.6	24.051	79
B2KTG2	sp|O95925|EPPI_HUMAN	4.89e-08	38.9	36.17	47
B2KTG2	sp|Q02388|CO7A1_HUMAN	6.36e-08	39.7	33.333	54
B2KTG2	sp|O95428|PPN_HUMAN	1.08e-07	38.9	35.294	51
B2KTG2	sp|O95428|PPN_HUMAN	4.5	17.3	75.0	8
B2KTG2	sp|Q6UDR6|SPIT4_HUMAN	8.39e-07	35.0	35.714	42
B2KTG2	sp|P49223|SPIT3_HUMAN	3.19e-06	33.5	27.273	66
B2KTG2	sp|Q9BQY6|WFDC6_HUMAN	3.31e-06	33.9	39.394	33
B2KTG2	sp|Q8IUA0|WFDC8_HUMAN	8.04e-06	33.5	30.769	52
B2KTG3	sp|P12111|CO6A3_HUMAN	1.3e-12	52.8	41.176	51
B2KTG3	sp|Q06481|APLP2_HUMAN	6.18e-12	50.8	40.385	52
B2KTG3	sp|Q2UY09|COSA1_HUMAN	6.46e-12	50.8	37.097	62
B2KTG3	sp|O43278|SPIT1_HUMAN	2.05e-11	49.3	40.385	52
B2KTG3	sp|O43278|SPIT1_HUMAN	1.59e-09	43.9	31.25	64
B2KTG3	sp|O43278|SPIT1_HUMAN	8.9	16.2	40.909	22
B2KTG3	sp|Q8TEU8|WFKN2_HUMAN	1.05e-09	44.3	30.769	65
B2KTG3	sp|Q8TEU8|WFKN2_HUMAN	1.21e-08	41.6	37.255	51
B2KTG3	sp|P10646|TFPI1_HUMAN	1.18e-09	44.3	33.333	69
B2KTG3	sp|P10646|TFPI1_HUMAN	2.14e-08	40.8	39.623	53
B2KTG3	sp|P10646|TFPI1_HUMAN	2.57e-07	37.7	28.788	66
B2KTG3	sp|P05067|A4_HUMAN	2.43e-09	43.5	34.783	46
B2KTG3	sp|P02760|AMBP_HUMAN	3.05e-09	43.1	39.216	51
B2KTG3	sp|P02760|AMBP_HUMAN	9e-08	38.9	29.825	57
B2KTG3	sp|P02760|AMBP_HUMAN	6.4	16.5	34.615	26
B2KTG3	sp|Q02388|CO7A1_HUMAN	1.28e-08	41.6	35.185	54
B2KTG3	sp|O95925|EPPI_HUMAN	1.3e-08	40.4	36.538	52
B2KTG3	sp|O95428|PPN_HUMAN	2.35e-08	40.8	34.615	52
B2KTG3	sp|O95428|PPN_HUMAN	5.0	16.9	50.0	12
B2KTG3	sp|P48307|TFPI2_HUMAN	2.38e-08	40.4	40.426	47
B2KTG3	sp|P48307|TFPI2_HUMAN	1.02e-07	38.9	40.426	47
B2KTG3	sp|O43291|SPIT2_HUMAN	3.19e-08	40.0	35.294	51
B2KTG3	sp|O43291|SPIT2_HUMAN	2.42e-07	37.7	31.148	61
B2KTG3	sp|Q96NZ8|WFKN1_HUMAN	2.24e-07	37.7	37.255	51
B2KTG3	sp|Q96NZ8|WFKN1_HUMAN	0.002	26.6	22.667	75
B2KTG3	sp|P49223|SPIT3_HUMAN	3.47e-07	35.8	28.358	67
B2KTG3	sp|Q9BQY6|WFDC6_HUMAN	9.53e-06	32.7	37.5	32
B2KTG3	sp|Q6UDR6|SPIT4_HUMAN	1.54e-05	32.0	32.308	65
B2KTG3	sp|Q8IUA0|WFDC8_HUMAN	3.05e-05	31.6	29.412	51
B2ZBB6	sp|P12111|CO6A3_HUMAN	1.14e-18	70.1	43.836	73
B2ZBB6	sp|Q02388|CO7A1_HUMAN	3.55e-17	65.9	51.786	56
B2ZBB6	sp|Q02388|CO7A1_HUMAN	7.0	16.5	41.176	17
B2ZBB6	sp|P05067|A4_HUMAN	5.15e-16	62.4	52.941	51
B2ZBB6	sp|Q8TEU8|WFKN2_HUMAN	6.86e-16	62.0	48.214	56
B2ZBB6	sp|Q8TEU8|WFKN2_HUMAN	1.74e-08	41.2	39.216	51
B2ZBB6	sp|Q8TEU8|WFKN2_HUMAN	1.6	18.5	28.333	60
B2ZBB6	sp|Q8TEU8|WFKN2_HUMAN	2.8	17.7	33.333	18
B2ZBB6	sp|O43291|SPIT2_HUMAN	1.7e-14	57.8	41.27	63
B2ZBB6	sp|O43291|SPIT2_HUMAN	4.24e-14	56.6	44.615	65
B2ZBB6	sp|Q06481|APLP2_HUMAN	4.71e-14	57.0	46.154	52
B2ZBB6	sp|P49223|SPIT3_HUMAN	1.02e-13	52.8	45.283	53
B2ZBB6	sp|P10646|TFPI1_HUMAN	1.16e-13	55.8	47.17	53
B2ZBB6	sp|P10646|TFPI1_HUMAN	2.56e-13	54.7	42.593	54
B2ZBB6	sp|P10646|TFPI1_HUMAN	3.86e-11	48.5	43.396	53
B2ZBB6	sp|P02760|AMBP_HUMAN	3.68e-13	54.3	43.636	55
B2ZBB6	sp|P02760|AMBP_HUMAN	1.11e-12	53.1	41.509	53
B2ZBB6	sp|O95925|EPPI_HUMAN	5.44e-13	52.0	38.596	57
B2ZBB6	sp|O43278|SPIT1_HUMAN	2.01e-12	52.4	47.826	46
B2ZBB6	sp|O43278|SPIT1_HUMAN	1.63e-11	49.7	41.509	53
B2ZBB6	sp|O95428|PPN_HUMAN	2.02e-12	52.4	45.098	51
B2ZBB6	sp|O95428|PPN_HUMAN	2.6	18.1	40.0	20
B2ZBB6	sp|Q96NZ8|WFKN1_HUMAN	7.55e-12	50.8	41.071	56
B2ZBB6	sp|Q96NZ8|WFKN1_HUMAN	0.002	26.9	32.432	37
B2ZBB6	sp|P48307|TFPI2_HUMAN	1.68e-11	49.3	43.636	55
B2ZBB6	sp|P48307|TFPI2_HUMAN	1.74e-11	49.3	51.064	47
B2ZBB6	sp|P48307|TFPI2_HUMAN	7.41e-07	36.6	41.071	56
B2ZBB6	sp|Q2UY09|COSA1_HUMAN	4.98e-10	45.4	36.364	44
B2ZBB6	sp|Q8IUA0|WFDC8_HUMAN	5.21e-09	42.4	36.842	57
B2ZBB6	sp|Q6UDR6|SPIT4_HUMAN	1.63e-06	34.7	32.609	46
B2ZBB6	sp|Q9BQY6|WFDC6_HUMAN	2.52e-06	34.3	46.667	30
B2ZBB9	sp|P12111|CO6A3_HUMAN	1.41e-17	67.0	44.0	75
B2ZBB9	sp|Q02388|CO7A1_HUMAN	7.02e-16	62.4	45.588	68
B2ZBB9	sp|O95925|EPPI_HUMAN	7.44e-14	54.3	39.655	58
B2ZBB9	sp|P05067|A4_HUMAN	2.71e-12	52.0	46.939	49
B2ZBB9	sp|P05067|A4_HUMAN	8.3	16.5	50.0	8
B2ZBB9	sp|Q06481|APLP2_HUMAN	3.23e-12	51.6	41.379	58
B2ZBB9	sp|P02760|AMBP_HUMAN	7.07e-12	50.8	41.509	53
B2ZBB9	sp|P02760|AMBP_HUMAN	1.21e-11	50.1	41.818	55
B2ZBB9	sp|O43291|SPIT2_HUMAN	5.43e-11	48.1	41.509	53
B2ZBB9	sp|O43291|SPIT2_HUMAN	7.59e-09	42.0	37.037	54
B2ZBB9	sp|O95428|PPN_HUMAN	6.87e-11	48.1	41.176	51
B2ZBB9	sp|O95428|PPN_HUMAN	1.3	18.9	52.941	17
B2ZBB9	sp|O95428|PPN_HUMAN	6.0	16.9	34.783	23
B2ZBB9	sp|P49223|SPIT3_HUMAN	1.07e-10	45.1	37.736	53
B2ZBB9	sp|Q8TEU8|WFKN2_HUMAN	4.41e-10	45.8	39.286	56
B2ZBB9	sp|Q8TEU8|WFKN2_HUMAN	1.48e-06	35.8	39.216	51
B2ZBB9	sp|Q8TEU8|WFKN2_HUMAN	2.5	18.1	27.273	22
B2ZBB9	sp|P10646|TFPI1_HUMAN	4.66e-09	42.7	35.849	53
B2ZBB9	sp|P10646|TFPI1_HUMAN	5.65e-08	39.7	33.333	54
B2ZBB9	sp|P10646|TFPI1_HUMAN	2.6e-07	37.7	35.849	53
B2ZBB9	sp|Q2UY09|COSA1_HUMAN	7.91e-09	42.0	34.043	47
B2ZBB9	sp|P48307|TFPI2_HUMAN	2.41e-08	40.4	38.71	62
B2ZBB9	sp|P48307|TFPI2_HUMAN	3.81e-06	34.3	39.583	48
B2ZBB9	sp|P48307|TFPI2_HUMAN	0.000117	30.0	39.286	56
B2ZBB9	sp|O43278|SPIT1_HUMAN	7.35e-08	39.3	36.957	46
B2ZBB9	sp|O43278|SPIT1_HUMAN	1.34e-07	38.5	39.623	53
B2ZBB9	sp|Q8IUA0|WFDC8_HUMAN	1.28e-07	38.5	38.596	57
B2ZBB9	sp|Q9BQY6|WFDC6_HUMAN	3.62e-07	36.6	35.417	48
B2ZBB9	sp|Q96NZ8|WFKN1_HUMAN	4.92e-07	37.0	35.714	56
B2ZBB9	sp|Q96NZ8|WFKN1_HUMAN	0.013	24.6	30.769	39
B2ZBB9	sp|Q6UDR6|SPIT4_HUMAN	0.000796	27.3	30.357	56
B2ZBC0	sp|P12111|CO6A3_HUMAN	1.06e-17	67.4	44.0	75
B2ZBC0	sp|P12111|CO6A3_HUMAN	2.7	17.7	45.455	11
B2ZBC0	sp|Q02388|CO7A1_HUMAN	2.49e-15	60.5	45.588	68
B2ZBC0	sp|Q02388|CO7A1_HUMAN	5.9	16.9	83.333	6
B2ZBC0	sp|O95925|EPPI_HUMAN	6.69e-14	54.3	39.655	58
B2ZBC0	sp|Q06481|APLP2_HUMAN	2.32e-12	52.0	41.379	58
B2ZBC0	sp|P05067|A4_HUMAN	2.71e-12	52.0	46.939	49
B2ZBC0	sp|P05067|A4_HUMAN	8.3	16.5	50.0	8
B2ZBC0	sp|P02760|AMBP_HUMAN	2.16e-11	49.3	41.818	55
B2ZBC0	sp|P02760|AMBP_HUMAN	1.76e-10	46.6	39.623	53
B2ZBC0	sp|O43291|SPIT2_HUMAN	3.64e-11	48.5	41.509	53
B2ZBC0	sp|O43291|SPIT2_HUMAN	4.87e-09	42.7	37.037	54
B2ZBC0	sp|O95428|PPN_HUMAN	9.58e-11	47.8	41.176	51
B2ZBC0	sp|O95428|PPN_HUMAN	1.6	18.5	52.941	17
B2ZBC0	sp|O95428|PPN_HUMAN	7.8	16.5	34.783	23
B2ZBC0	sp|P49223|SPIT3_HUMAN	1.75e-10	44.7	37.736	53
B2ZBC0	sp|Q8TEU8|WFKN2_HUMAN	6.27e-10	45.1	39.286	56
B2ZBC0	sp|Q8TEU8|WFKN2_HUMAN	8.16e-08	39.3	41.176	51
B2ZBC0	sp|Q8TEU8|WFKN2_HUMAN	1.7	18.5	27.273	33
B2ZBC0	sp|Q8TEU8|WFKN2_HUMAN	6.4	16.9	50.0	16
B2ZBC0	sp|P10646|TFPI1_HUMAN	3.34e-09	43.1	35.849	53
B2ZBC0	sp|P10646|TFPI1_HUMAN	3.97e-08	40.0	33.333	54
B2ZBC0	sp|P10646|TFPI1_HUMAN	1.88e-07	38.1	35.849	53
B2ZBC0	sp|O43278|SPIT1_HUMAN	6.07e-09	42.4	38.298	47
B2ZBC0	sp|O43278|SPIT1_HUMAN	1.26e-07	38.9	39.623	53
B2ZBC0	sp|Q2UY09|COSA1_HUMAN	7.91e-09	42.0	34.043	47
B2ZBC0	sp|P48307|TFPI2_HUMAN	3.24e-08	40.0	42.593	54
B2ZBC0	sp|P48307|TFPI2_HUMAN	2.68e-06	34.7	39.583	48
B2ZBC0	sp|P48307|TFPI2_HUMAN	0.000119	30.0	45.0	40
B2ZBC0	sp|Q96NZ8|WFKN1_HUMAN	2.14e-07	38.1	35.714	56
B2ZBC0	sp|Q96NZ8|WFKN1_HUMAN	0.016	24.3	31.579	38
B2ZBC0	sp|Q8IUA0|WFDC8_HUMAN	3.33e-07	37.4	38.596	57
B2ZBC0	sp|Q9BQY6|WFDC6_HUMAN	5.71e-07	36.2	50.0	28
B2ZBC0	sp|Q6UDR6|SPIT4_HUMAN	0.001	26.9	30.357	56
B5G6G6	sp|P10646|TFPI1_HUMAN	1.59e-18	68.9	50.0	58
B5G6G6	sp|P10646|TFPI1_HUMAN	3.77e-17	65.1	50.943	53
B5G6G6	sp|P10646|TFPI1_HUMAN	3.14e-13	54.3	41.558	77
B5G6G6	sp|P12111|CO6A3_HUMAN	5.71e-18	67.8	46.296	54
B5G6G6	sp|P12111|CO6A3_HUMAN	0.56	19.6	38.889	18
B5G6G6	sp|O43278|SPIT1_HUMAN	1.02e-14	58.5	41.27	63
B5G6G6	sp|O43278|SPIT1_HUMAN	7.32e-12	50.4	42.857	56
B5G6G6	sp|Q06481|APLP2_HUMAN	3.43e-14	57.0	45.652	46
B5G6G6	sp|Q96NZ8|WFKN1_HUMAN	3.5e-14	57.0	47.17	53
B5G6G6	sp|Q96NZ8|WFKN1_HUMAN	1.91e-06	35.0	33.962	53
B5G6G6	sp|O95925|EPPI_HUMAN	5.85e-14	54.3	41.071	56
B5G6G6	sp|P02760|AMBP_HUMAN	7.25e-14	56.2	44.444	63
B5G6G6	sp|P02760|AMBP_HUMAN	1.17e-11	49.7	39.623	53
B5G6G6	sp|P48307|TFPI2_HUMAN	7.32e-14	55.5	47.17	53
B5G6G6	sp|P48307|TFPI2_HUMAN	2.81e-11	48.5	41.818	55
B5G6G6	sp|P48307|TFPI2_HUMAN	0.009	24.6	31.667	60
B5G6G6	sp|Q8TEU8|WFKN2_HUMAN	1.05e-13	55.8	43.137	51
B5G6G6	sp|Q8TEU8|WFKN2_HUMAN	4.2e-06	34.3	28.302	53
B5G6G6	sp|P49223|SPIT3_HUMAN	6.72e-13	50.4	37.037	54
B5G6G6	sp|P05067|A4_HUMAN	1.76e-12	52.4	39.583	48
B5G6G6	sp|O43291|SPIT2_HUMAN	4.72e-12	50.8	42.593	54
B5G6G6	sp|O43291|SPIT2_HUMAN	4.09e-11	48.1	35.849	53
B5G6G6	sp|Q02388|CO7A1_HUMAN	1.95e-11	49.3	39.062	64
B5G6G6	sp|Q02388|CO7A1_HUMAN	3.5	17.3	40.909	22
B5G6G6	sp|Q02388|CO7A1_HUMAN	6.8	16.5	83.333	6
B5G6G6	sp|O95428|PPN_HUMAN	2.25e-11	49.3	40.299	67
B5G6G6	sp|Q6UDR6|SPIT4_HUMAN	5.05e-11	45.8	33.333	72
B5G6G6	sp|Q2UY09|COSA1_HUMAN	1.5e-07	38.5	32.258	62
B5G6G6	sp|Q8IUA0|WFDC8_HUMAN	2.5e-07	37.4	37.255	51
B5G6G6	sp|Q9BQY6|WFDC6_HUMAN	4.91e-06	33.5	57.143	28
B5KF94	sp|P10646|TFPI1_HUMAN	5.58e-17	64.7	40.625	64
B5KF94	sp|P10646|TFPI1_HUMAN	1.43e-15	60.8	43.396	53
B5KF94	sp|P10646|TFPI1_HUMAN	1.06e-13	55.5	42.857	70
B5KF94	sp|P12111|CO6A3_HUMAN	4.26e-15	59.7	40.741	54
B5KF94	sp|P48307|TFPI2_HUMAN	1.64e-13	54.7	49.057	53
B5KF94	sp|P48307|TFPI2_HUMAN	5.5e-11	47.8	43.396	53
B5KF94	sp|P48307|TFPI2_HUMAN	0.003	26.2	31.034	58
B5KF94	sp|P02760|AMBP_HUMAN	2.57e-13	54.7	38.462	65
B5KF94	sp|P02760|AMBP_HUMAN	2.28e-12	52.0	41.509	53
B5KF94	sp|P02760|AMBP_HUMAN	4.5	16.9	42.857	14
B5KF94	sp|P05067|A4_HUMAN	6.02e-12	50.8	40.816	49
B5KF94	sp|Q06481|APLP2_HUMAN	7.32e-12	50.4	35.0	60
B5KF94	sp|Q8TEU8|WFKN2_HUMAN	1.05e-11	50.1	43.137	51
B5KF94	sp|Q8TEU8|WFKN2_HUMAN	2.2e-06	35.0	30.189	53
B5KF94	sp|Q02388|CO7A1_HUMAN	1.82e-11	49.3	38.235	68
B5KF94	sp|Q02388|CO7A1_HUMAN	0.4	20.0	45.0	20
B5KF94	sp|Q02388|CO7A1_HUMAN	9.8	16.2	41.667	12
B5KF94	sp|Q96NZ8|WFKN1_HUMAN	2.69e-11	48.9	39.623	53
B5KF94	sp|Q96NZ8|WFKN1_HUMAN	1.27e-05	32.7	31.111	45
B5KF94	sp|Q96NZ8|WFKN1_HUMAN	0.24	20.8	36.364	22
B5KF94	sp|O95925|EPPI_HUMAN	4.95e-11	46.6	36.364	55
B5KF94	sp|P49223|SPIT3_HUMAN	5.16e-11	45.8	35.185	54
B5KF94	sp|O43291|SPIT2_HUMAN	2.65e-10	45.8	35.849	53
B5KF94	sp|O43291|SPIT2_HUMAN	5.53e-10	45.1	38.889	54
B5KF94	sp|O43278|SPIT1_HUMAN	4.9e-10	45.4	37.5	56
B5KF94	sp|O43278|SPIT1_HUMAN	1.57e-09	43.9	32.812	64
B5KF94	sp|Q2UY09|COSA1_HUMAN	1.32e-09	44.3	32.258	62
B5KF94	sp|O95428|PPN_HUMAN	9.7e-09	41.6	35.185	54
B5KF94	sp|O95428|PPN_HUMAN	2.5	17.7	31.25	32
B5KF94	sp|Q8IUA0|WFDC8_HUMAN	1.66e-08	40.8	33.962	53
B5KF94	sp|Q6UDR6|SPIT4_HUMAN	3.07e-08	38.9	32.759	58
B5KF94	sp|Q9BQY6|WFDC6_HUMAN	0.003	25.8	46.154	26
B5KF95	sp|P10646|TFPI1_HUMAN	4.51e-18	67.8	51.786	56
B5KF95	sp|P10646|TFPI1_HUMAN	2.47e-17	65.5	43.056	72
B5KF95	sp|P10646|TFPI1_HUMAN	1.69e-12	52.4	44.643	56
B5KF95	sp|P12111|CO6A3_HUMAN	8.68e-16	61.6	35.714	70
B5KF95	sp|P48307|TFPI2_HUMAN	4.84e-15	58.9	50.943	53
B5KF95	sp|P48307|TFPI2_HUMAN	4.32e-10	45.4	42.0	50
B5KF95	sp|P48307|TFPI2_HUMAN	0.012	24.3	29.31	58
B5KF95	sp|O95925|EPPI_HUMAN	9.25e-15	56.2	41.071	56
B5KF95	sp|Q8TEU8|WFKN2_HUMAN	1.04e-14	58.5	49.02	51
B5KF95	sp|Q8TEU8|WFKN2_HUMAN	6.59e-08	39.3	35.294	51
B5KF95	sp|P02760|AMBP_HUMAN	9.17e-14	55.8	43.86	57
B5KF95	sp|P02760|AMBP_HUMAN	1.5e-11	49.7	35.849	53
B5KF95	sp|Q06481|APLP2_HUMAN	1.86e-13	55.1	36.207	58
B5KF95	sp|Q06481|APLP2_HUMAN	7.8	16.5	26.667	30
B5KF95	sp|P05067|A4_HUMAN	3.31e-13	54.3	39.583	48
B5KF95	sp|O43291|SPIT2_HUMAN	5.06e-13	53.5	39.623	53
B5KF95	sp|O43291|SPIT2_HUMAN	4.4e-12	50.8	40.741	54
B5KF95	sp|P49223|SPIT3_HUMAN	5.83e-13	50.8	38.889	54
B5KF95	sp|Q96NZ8|WFKN1_HUMAN	1.02e-12	52.8	43.396	53
B5KF95	sp|Q96NZ8|WFKN1_HUMAN	4.53e-07	37.0	32.609	46
B5KF95	sp|Q02388|CO7A1_HUMAN	1.87e-12	52.4	39.062	64
B5KF95	sp|O95428|PPN_HUMAN	2.11e-12	52.0	42.593	54
B5KF95	sp|O43278|SPIT1_HUMAN	7.53e-12	50.4	36.508	63
B5KF95	sp|O43278|SPIT1_HUMAN	7.83e-12	50.4	42.105	57
B5KF95	sp|Q2UY09|COSA1_HUMAN	1.05e-09	44.3	33.871	62
B5KF95	sp|Q6UDR6|SPIT4_HUMAN	3.05e-09	41.6	32.468	77
B5KF95	sp|Q8IUA0|WFDC8_HUMAN	2.89e-07	37.4	35.849	53
B5KF95	sp|Q9BQY6|WFDC6_HUMAN	7.4e-06	33.1	61.538	26
B5KF96	sp|P10646|TFPI1_HUMAN	7.19e-18	67.0	51.786	56
B5KF96	sp|P10646|TFPI1_HUMAN	2.39e-17	65.5	43.056	72
B5KF96	sp|P10646|TFPI1_HUMAN	5.5e-12	50.8	36.709	79
B5KF96	sp|P12111|CO6A3_HUMAN	5.44e-17	65.1	37.143	70
B5KF96	sp|P12111|CO6A3_HUMAN	5.2	16.9	46.154	13
B5KF96	sp|P48307|TFPI2_HUMAN	7.45e-15	58.2	50.943	53
B5KF96	sp|P48307|TFPI2_HUMAN	3.04e-11	48.5	44.0	50
B5KF96	sp|P48307|TFPI2_HUMAN	0.009	24.6	29.31	58
B5KF96	sp|O95925|EPPI_HUMAN	4.93e-14	54.7	39.286	56
B5KF96	sp|Q8TEU8|WFKN2_HUMAN	5.9e-14	56.6	47.059	51
B5KF96	sp|Q8TEU8|WFKN2_HUMAN	6.15e-07	36.6	33.333	51
B5KF96	sp|P02760|AMBP_HUMAN	1.14e-13	55.5	43.86	57
B5KF96	sp|P02760|AMBP_HUMAN	3.18e-11	48.5	35.849	53
B5KF96	sp|Q96NZ8|WFKN1_HUMAN	1.47e-13	55.5	45.283	53
B5KF96	sp|Q96NZ8|WFKN1_HUMAN	7.03e-08	39.3	34.783	46
B5KF96	sp|Q06481|APLP2_HUMAN	2.24e-13	54.7	36.207	58
B5KF96	sp|P05067|A4_HUMAN	4.02e-13	53.9	39.583	48
B5KF96	sp|O43278|SPIT1_HUMAN	5.88e-13	53.5	37.5	64
B5KF96	sp|O43278|SPIT1_HUMAN	6.36e-13	53.5	43.86	57
B5KF96	sp|P49223|SPIT3_HUMAN	7.57e-13	50.4	38.889	54
B5KF96	sp|O43291|SPIT2_HUMAN	2.56e-12	51.6	37.736	53
B5KF96	sp|O43291|SPIT2_HUMAN	3.98e-12	50.8	40.741	54
B5KF96	sp|O95428|PPN_HUMAN	6.69e-12	50.8	42.593	54
B5KF96	sp|O95428|PPN_HUMAN	7.1	16.5	37.5	16
B5KF96	sp|Q02388|CO7A1_HUMAN	9.2e-12	50.4	39.062	64
B5KF96	sp|Q6UDR6|SPIT4_HUMAN	2.71e-09	41.6	32.468	77
B5KF96	sp|Q2UY09|COSA1_HUMAN	1.16e-08	41.6	32.258	62
B5KF96	sp|Q8IUA0|WFDC8_HUMAN	3.81e-07	37.0	35.849	53
B5KF96	sp|Q9BQY6|WFDC6_HUMAN	6.15e-06	33.1	61.538	26
B5KL27	sp|P12111|CO6A3_HUMAN	7.65e-17	64.7	48.077	52
B5KL27	sp|P12111|CO6A3_HUMAN	2.7	17.7	20.37	54
B5KL27	sp|Q96NZ8|WFKN1_HUMAN	1.24e-15	61.2	52.941	51
B5KL27	sp|Q96NZ8|WFKN1_HUMAN	1.91e-08	40.8	37.255	51
B5KL27	sp|P48307|TFPI2_HUMAN	4.1e-15	58.9	49.057	53
B5KL27	sp|P48307|TFPI2_HUMAN	8.55e-11	47.4	41.509	53
B5KL27	sp|P48307|TFPI2_HUMAN	0.006	25.0	31.034	58
B5KL27	sp|P10646|TFPI1_HUMAN	6.72e-15	58.9	49.057	53
B5KL27	sp|P10646|TFPI1_HUMAN	1.26e-14	58.2	38.462	65
B5KL27	sp|P10646|TFPI1_HUMAN	5.66e-11	47.8	38.889	72
B5KL27	sp|Q8TEU8|WFKN2_HUMAN	2.07e-14	57.8	47.059	51
B5KL27	sp|Q8TEU8|WFKN2_HUMAN	4.12e-07	37.0	32.075	53
B5KL27	sp|P49223|SPIT3_HUMAN	1.45e-12	49.7	40.741	54
B5KL27	sp|O95428|PPN_HUMAN	1.65e-12	52.4	42.593	54
B5KL27	sp|O95925|EPPI_HUMAN	1.99e-12	50.4	38.462	52
B5KL27	sp|P05067|A4_HUMAN	2.29e-12	52.0	40.816	49
B5KL27	sp|Q06481|APLP2_HUMAN	4.72e-12	51.2	35.0	60
B5KL27	sp|P02760|AMBP_HUMAN	8.99e-12	50.1	38.462	65
B5KL27	sp|P02760|AMBP_HUMAN	2.46e-11	48.9	38.462	52
B5KL27	sp|P02760|AMBP_HUMAN	7.2	16.5	50.0	10
B5KL27	sp|O43278|SPIT1_HUMAN	1.41e-11	49.7	37.5	64
B5KL27	sp|O43278|SPIT1_HUMAN	8.65e-10	44.7	37.5	56
B5KL27	sp|Q02388|CO7A1_HUMAN	1.88e-11	49.3	38.235	68
B5KL27	sp|O43291|SPIT2_HUMAN	6.21e-11	47.8	39.623	53
B5KL27	sp|O43291|SPIT2_HUMAN	1.81e-09	43.5	33.962	53
B5KL27	sp|Q8IUA0|WFDC8_HUMAN	4.87e-10	45.1	41.176	51
B5KL27	sp|Q2UY09|COSA1_HUMAN	8.2e-10	44.7	30.645	62
B5KL27	sp|Q6UDR6|SPIT4_HUMAN	1.31e-09	42.4	35.849	53
B5KL27	sp|Q9BQY6|WFDC6_HUMAN	6.34e-06	33.1	53.571	28
B5KL28	sp|P12111|CO6A3_HUMAN	8.35e-16	61.6	46.154	52
B5KL28	sp|P12111|CO6A3_HUMAN	2.7	17.7	20.37	54
B5KL28	sp|Q96NZ8|WFKN1_HUMAN	1.37e-15	61.2	52.941	51
B5KL28	sp|Q96NZ8|WFKN1_HUMAN	1.54e-08	41.2	37.255	51
B5KL28	sp|P48307|TFPI2_HUMAN	2.72e-15	59.3	49.057	53
B5KL28	sp|P48307|TFPI2_HUMAN	2.04e-10	46.2	41.509	53
B5KL28	sp|P48307|TFPI2_HUMAN	0.007	25.0	31.034	58
B5KL28	sp|Q8TEU8|WFKN2_HUMAN	1.38e-14	58.2	47.059	51
B5KL28	sp|Q8TEU8|WFKN2_HUMAN	2.13e-07	37.7	32.075	53
B5KL28	sp|P10646|TFPI1_HUMAN	4.87e-14	56.6	47.17	53
B5KL28	sp|P10646|TFPI1_HUMAN	9.56e-14	55.8	36.923	65
B5KL28	sp|P10646|TFPI1_HUMAN	5.16e-10	45.1	37.5	72
B5KL28	sp|O95925|EPPI_HUMAN	1.99e-12	50.4	38.462	52
B5KL28	sp|P05067|A4_HUMAN	2.16e-12	52.0	40.816	49
B5KL28	sp|P49223|SPIT3_HUMAN	3.2e-12	48.9	40.0	55
B5KL28	sp|Q06481|APLP2_HUMAN	4.49e-12	51.2	35.0	60
B5KL28	sp|O95428|PPN_HUMAN	1.68e-11	49.7	40.741	54
B5KL28	sp|Q02388|CO7A1_HUMAN	2.31e-11	49.3	38.235	68
B5KL28	sp|P02760|AMBP_HUMAN	8.63e-11	47.4	36.923	65
B5KL28	sp|P02760|AMBP_HUMAN	2.41e-10	46.2	36.538	52
B5KL28	sp|P02760|AMBP_HUMAN	7.2	16.5	50.0	10
B5KL28	sp|O43278|SPIT1_HUMAN	1.25e-10	47.0	35.938	64
B5KL28	sp|O43278|SPIT1_HUMAN	2.44e-09	43.5	37.5	56
B5KL28	sp|Q8IUA0|WFDC8_HUMAN	2.9e-10	45.8	41.176	51
B5KL28	sp|O43291|SPIT2_HUMAN	6.16e-10	45.1	37.736	53
B5KL28	sp|O43291|SPIT2_HUMAN	1.28e-09	43.9	33.962	53
B5KL28	sp|Q2UY09|COSA1_HUMAN	1.1e-08	41.6	29.032	62
B5KL28	sp|Q6UDR6|SPIT4_HUMAN	1.39e-08	39.7	33.962	53
B5KL28	sp|Q9BQY6|WFDC6_HUMAN	7.55e-06	33.1	53.571	28
B5KL29	sp|P12111|CO6A3_HUMAN	6.23e-17	65.1	48.077	52
B5KL29	sp|P12111|CO6A3_HUMAN	2.6	17.7	20.37	54
B5KL29	sp|Q96NZ8|WFKN1_HUMAN	4.09e-15	59.7	50.98	51
B5KL29	sp|Q96NZ8|WFKN1_HUMAN	3.51e-08	40.0	37.255	51
B5KL29	sp|P10646|TFPI1_HUMAN	1.07e-14	58.2	38.462	65
B5KL29	sp|P10646|TFPI1_HUMAN	2.55e-14	57.4	47.17	53
B5KL29	sp|P10646|TFPI1_HUMAN	5.55e-11	47.8	38.889	72
B5KL29	sp|P48307|TFPI2_HUMAN	1.59e-14	57.4	47.17	53
B5KL29	sp|P48307|TFPI2_HUMAN	7.74e-11	47.4	41.509	53
B5KL29	sp|P48307|TFPI2_HUMAN	0.008	25.0	31.034	58
B5KL29	sp|Q8TEU8|WFKN2_HUMAN	6.9e-14	56.2	45.098	51
B5KL29	sp|Q8TEU8|WFKN2_HUMAN	4.45e-07	37.0	32.075	53
B5KL29	sp|P49223|SPIT3_HUMAN	1.21e-12	50.1	40.741	54
B5KL29	sp|P05067|A4_HUMAN	1.49e-12	52.4	40.816	49
B5KL29	sp|O95428|PPN_HUMAN	1.77e-12	52.4	42.593	54
B5KL29	sp|O95925|EPPI_HUMAN	3.15e-12	49.7	38.462	52
B5KL29	sp|Q06481|APLP2_HUMAN	3.19e-12	51.6	35.0	60
B5KL29	sp|P02760|AMBP_HUMAN	6.64e-12	50.4	38.462	65
B5KL29	sp|P02760|AMBP_HUMAN	2.83e-11	48.9	38.462	52
B5KL29	sp|P02760|AMBP_HUMAN	5.3	16.9	30.0	30
B5KL29	sp|O43278|SPIT1_HUMAN	1.28e-11	49.7	37.5	64
B5KL29	sp|O43278|SPIT1_HUMAN	7.47e-10	44.7	37.5	56
B5KL29	sp|Q02388|CO7A1_HUMAN	1.51e-11	49.7	38.235	68
B5KL29	sp|O43291|SPIT2_HUMAN	1.27e-10	47.0	39.623	53
B5KL29	sp|O43291|SPIT2_HUMAN	8.72e-10	44.3	33.962	53
B5KL29	sp|Q2UY09|COSA1_HUMAN	8.12e-10	44.7	30.645	62
B5KL29	sp|Q6UDR6|SPIT4_HUMAN	1.59e-09	42.0	35.849	53
B5KL29	sp|Q8IUA0|WFDC8_HUMAN	2.1e-09	43.5	39.216	51
B5KL29	sp|Q9BQY6|WFDC6_HUMAN	8.81e-06	32.7	57.692	26
B5KL30	sp|P10646|TFPI1_HUMAN	1.57e-17	66.2	45.312	64
B5KL30	sp|P10646|TFPI1_HUMAN	7.11e-17	64.3	45.614	57
B5KL30	sp|P10646|TFPI1_HUMAN	1.93e-14	57.8	44.286	70
B5KL30	sp|P12111|CO6A3_HUMAN	2.28e-16	63.2	44.444	54
B5KL30	sp|P48307|TFPI2_HUMAN	1.36e-15	60.5	48.214	56
B5KL30	sp|P48307|TFPI2_HUMAN	7.31e-13	52.8	43.396	53
B5KL30	sp|P48307|TFPI2_HUMAN	0.003	25.8	28.0	50
B5KL30	sp|Q06481|APLP2_HUMAN	3.2e-14	57.4	40.0	60
B5KL30	sp|P02760|AMBP_HUMAN	3.75e-14	57.0	41.27	63
B5KL30	sp|P02760|AMBP_HUMAN	2.54e-12	51.6	40.385	52
B5KL30	sp|P02760|AMBP_HUMAN	2.3	18.1	42.857	14
B5KL30	sp|Q96NZ8|WFKN1_HUMAN	1.11e-13	55.8	45.283	53
B5KL30	sp|Q96NZ8|WFKN1_HUMAN	3.18e-06	34.7	33.333	51
B5KL30	sp|O95925|EPPI_HUMAN	1.71e-13	53.1	40.741	54
B5KL30	sp|O43278|SPIT1_HUMAN	2.61e-13	54.7	38.095	63
B5KL30	sp|O43278|SPIT1_HUMAN	8.98e-12	50.1	44.0	50
B5KL30	sp|P05067|A4_HUMAN	9.5e-13	53.1	40.816	49
B5KL30	sp|Q8TEU8|WFKN2_HUMAN	1.53e-12	52.4	41.176	51
B5KL30	sp|Q8TEU8|WFKN2_HUMAN	3.35e-06	34.7	30.189	53
B5KL30	sp|O43291|SPIT2_HUMAN	2.77e-12	51.2	35.714	56
B5KL30	sp|O43291|SPIT2_HUMAN	4.1e-12	50.8	38.889	54
B5KL30	sp|Q02388|CO7A1_HUMAN	6.28e-12	50.8	39.062	64
B5KL30	sp|Q02388|CO7A1_HUMAN	3.9	17.3	40.0	20
B5KL30	sp|P49223|SPIT3_HUMAN	6.82e-12	48.1	34.848	66
B5KL30	sp|O95428|PPN_HUMAN	2.18e-10	46.2	39.655	58
B5KL30	sp|O95428|PPN_HUMAN	4.6	16.9	50.0	12
B5KL30	sp|Q6UDR6|SPIT4_HUMAN	8.25e-10	42.7	34.211	76
B5KL30	sp|Q2UY09|COSA1_HUMAN	3.7e-08	40.0	32.258	62
B5KL30	sp|Q8IUA0|WFDC8_HUMAN	1.54e-07	38.1	37.736	53
B5KL30	sp|Q9BQY6|WFDC6_HUMAN	1.69e-05	32.0	50.0	30
B5KL31	sp|P10646|TFPI1_HUMAN	4.94e-18	67.4	42.188	64
B5KL31	sp|P10646|TFPI1_HUMAN	2.82e-16	62.8	45.283	53
B5KL31	sp|P10646|TFPI1_HUMAN	6.53e-13	53.5	42.857	70
B5KL31	sp|P12111|CO6A3_HUMAN	6.61e-16	62.0	42.308	52
B5KL31	sp|P02760|AMBP_HUMAN	3.12e-12	51.6	36.923	65
B5KL31	sp|P02760|AMBP_HUMAN	1.13e-11	50.1	39.623	53
B5KL31	sp|P48307|TFPI2_HUMAN	3.18e-12	51.2	41.071	56
B5KL31	sp|P48307|TFPI2_HUMAN	9.65e-11	47.0	42.0	50
B5KL31	sp|P48307|TFPI2_HUMAN	0.000681	27.7	32.759	58
B5KL31	sp|P05067|A4_HUMAN	4.63e-12	51.2	38.776	49
B5KL31	sp|Q06481|APLP2_HUMAN	6.38e-12	50.8	33.333	60
B5KL31	sp|Q96NZ8|WFKN1_HUMAN	1.8e-11	49.3	43.137	51
B5KL31	sp|Q96NZ8|WFKN1_HUMAN	9.18e-06	33.1	31.111	45
B5KL31	sp|O43278|SPIT1_HUMAN	5.7e-11	48.1	35.938	64
B5KL31	sp|O43278|SPIT1_HUMAN	1.22e-09	44.3	36.842	57
B5KL31	sp|P49223|SPIT3_HUMAN	9.96e-11	45.1	35.185	54
B5KL31	sp|Q8TEU8|WFKN2_HUMAN	2.37e-10	46.2	41.176	51
B5KL31	sp|Q8TEU8|WFKN2_HUMAN	9.3e-06	33.1	30.189	53
B5KL31	sp|O95925|EPPI_HUMAN	2.37e-10	45.1	34.545	55
B5KL31	sp|O43291|SPIT2_HUMAN	7.22e-10	44.7	33.962	53
B5KL31	sp|O43291|SPIT2_HUMAN	7.74e-09	42.0	37.736	53
B5KL31	sp|Q02388|CO7A1_HUMAN	1.15e-09	44.3	36.765	68
B5KL31	sp|Q02388|CO7A1_HUMAN	0.4	20.0	45.0	20
B5KL31	sp|Q02388|CO7A1_HUMAN	8.5	16.2	41.667	12
B5KL31	sp|Q2UY09|COSA1_HUMAN	1.27e-08	41.2	30.645	62
B5KL31	sp|O95428|PPN_HUMAN	3.17e-08	40.0	35.185	54
B5KL31	sp|O95428|PPN_HUMAN	9.4	16.2	62.5	8
B5KL31	sp|Q6UDR6|SPIT4_HUMAN	2.44e-07	36.6	32.075	53
B5KL31	sp|Q8IUA0|WFDC8_HUMAN	2.92e-07	37.4	33.333	51
B5KL31	sp|Q9BQY6|WFDC6_HUMAN	0.015	23.9	42.308	26
B5KL32	sp|P12111|CO6A3_HUMAN	3.65e-15	60.1	44.231	52
B5KL32	sp|P10646|TFPI1_HUMAN	3.73e-15	59.7	40.0	65
B5KL32	sp|P10646|TFPI1_HUMAN	4.42e-15	59.3	43.396	53
B5KL32	sp|P10646|TFPI1_HUMAN	6.83e-14	56.2	44.286	70
B5KL32	sp|P48307|TFPI2_HUMAN	8.26e-15	58.2	45.455	55
B5KL32	sp|P48307|TFPI2_HUMAN	6.54e-13	53.1	43.396	53
B5KL32	sp|P48307|TFPI2_HUMAN	0.000606	28.1	32.759	58
B5KL32	sp|P02760|AMBP_HUMAN	1.63e-14	57.8	41.538	65
B5KL32	sp|P02760|AMBP_HUMAN	2.65e-12	51.6	42.308	52
B5KL32	sp|O43278|SPIT1_HUMAN	4.98e-13	53.9	44.643	56
B5KL32	sp|O43278|SPIT1_HUMAN	1.7e-11	49.3	34.921	63
B5KL32	sp|O95925|EPPI_HUMAN	5.9e-13	51.6	41.071	56
B5KL32	sp|Q06481|APLP2_HUMAN	1.02e-12	52.8	38.333	60
B5KL32	sp|Q06481|APLP2_HUMAN	3.4	17.3	42.857	14
B5KL32	sp|Q02388|CO7A1_HUMAN	1.06e-12	52.8	38.235	68
B5KL32	sp|Q02388|CO7A1_HUMAN	5.2	16.9	38.889	18
B5KL32	sp|O43291|SPIT2_HUMAN	1.63e-12	52.0	41.509	53
B5KL32	sp|O43291|SPIT2_HUMAN	1.48e-10	46.6	34.615	52
B5KL32	sp|Q8TEU8|WFKN2_HUMAN	1.87e-12	52.0	41.176	51
B5KL32	sp|Q8TEU8|WFKN2_HUMAN	3.66e-07	37.4	28.302	53
B5KL32	sp|P49223|SPIT3_HUMAN	2.31e-12	49.3	38.889	54
B5KL32	sp|Q96NZ8|WFKN1_HUMAN	3.26e-12	51.6	41.176	51
B5KL32	sp|Q96NZ8|WFKN1_HUMAN	6.5e-07	36.6	32.609	46
B5KL32	sp|P05067|A4_HUMAN	2.19e-11	49.3	39.583	48
B5KL32	sp|Q2UY09|COSA1_HUMAN	2.91e-10	45.8	32.258	62
B5KL32	sp|O95428|PPN_HUMAN	3.8e-10	45.8	38.889	54
B5KL32	sp|O95428|PPN_HUMAN	7.7	16.5	33.333	21
B5KL32	sp|Q8IUA0|WFDC8_HUMAN	3.24e-09	42.7	39.216	51
B5KL32	sp|Q6UDR6|SPIT4_HUMAN	2.94e-08	38.9	35.849	53
B5KL32	sp|Q9BQY6|WFDC6_HUMAN	7.59e-07	35.8	50.0	40
B5KL33	sp|P10646|TFPI1_HUMAN	1.74e-18	68.9	50.0	52
B5KL33	sp|P10646|TFPI1_HUMAN	2.44e-17	65.5	42.188	64
B5KL33	sp|P10646|TFPI1_HUMAN	1.45e-14	58.2	44.286	70
B5KL33	sp|P12111|CO6A3_HUMAN	1.09e-16	64.3	44.444	54
B5KL33	sp|P48307|TFPI2_HUMAN	4.43e-16	61.6	48.214	56
B5KL33	sp|P48307|TFPI2_HUMAN	1.11e-12	52.4	43.396	53
B5KL33	sp|P48307|TFPI2_HUMAN	0.002	26.2	28.0	50
B5KL33	sp|P02760|AMBP_HUMAN	8.18e-15	58.9	40.0	65
B5KL33	sp|P02760|AMBP_HUMAN	1.69e-12	52.4	40.385	52
B5KL33	sp|P02760|AMBP_HUMAN	2.2	18.1	42.857	14
B5KL33	sp|Q06481|APLP2_HUMAN	1.53e-14	58.2	40.0	60
B5KL33	sp|Q96NZ8|WFKN1_HUMAN	9.77e-14	55.8	47.059	51
B5KL33	sp|Q96NZ8|WFKN1_HUMAN	3.03e-06	34.7	33.333	51
B5KL33	sp|O95925|EPPI_HUMAN	1.62e-13	53.1	40.741	54
B5KL33	sp|O43278|SPIT1_HUMAN	3.09e-13	54.3	37.5	64
B5KL33	sp|O43278|SPIT1_HUMAN	5.56e-12	50.8	44.0	50
B5KL33	sp|P05067|A4_HUMAN	6.68e-13	53.5	40.816	49
B5KL33	sp|Q8TEU8|WFKN2_HUMAN	1.4e-12	52.4	41.176	51
B5KL33	sp|Q8TEU8|WFKN2_HUMAN	2.68e-06	34.7	30.189	53
B5KL33	sp|Q02388|CO7A1_HUMAN	1.68e-12	52.4	38.235	68
B5KL33	sp|Q02388|CO7A1_HUMAN	3.2	17.7	40.0	20
B5KL33	sp|O43291|SPIT2_HUMAN	2.18e-12	51.6	35.714	56
B5KL33	sp|O43291|SPIT2_HUMAN	2.58e-12	51.6	38.889	54
B5KL33	sp|P49223|SPIT3_HUMAN	1.57e-11	47.0	35.185	54
B5KL33	sp|O95428|PPN_HUMAN	7.42e-11	47.8	39.655	58
B5KL33	sp|Q6UDR6|SPIT4_HUMAN	2.89e-09	41.6	32.759	58
B5KL33	sp|Q2UY09|COSA1_HUMAN	1.12e-08	41.6	32.258	62
B5KL33	sp|Q8IUA0|WFDC8_HUMAN	1.3e-07	38.5	37.736	53
B5KL33	sp|Q9BQY6|WFDC6_HUMAN	2.07e-06	34.7	53.333	30
B5KL34	sp|P10646|TFPI1_HUMAN	1.41e-16	63.5	50.0	56
B5KL34	sp|P10646|TFPI1_HUMAN	7.76e-16	61.6	41.667	72
B5KL34	sp|P10646|TFPI1_HUMAN	6.01e-11	47.8	44.444	54
B5KL34	sp|P12111|CO6A3_HUMAN	5.14e-14	56.6	34.286	70
B5KL34	sp|P48307|TFPI2_HUMAN	1.54e-13	54.7	49.057	53
B5KL34	sp|P48307|TFPI2_HUMAN	1.4e-08	41.2	40.0	50
B5KL34	sp|P48307|TFPI2_HUMAN	0.37	20.0	27.586	58
B5KL34	sp|O95925|EPPI_HUMAN	2.51e-13	52.8	39.286	56
B5KL34	sp|Q8TEU8|WFKN2_HUMAN	2.84e-13	54.7	47.059	51
B5KL34	sp|Q8TEU8|WFKN2_HUMAN	1.88e-06	35.0	33.333	51
B5KL34	sp|P02760|AMBP_HUMAN	2.65e-12	51.6	42.105	57
B5KL34	sp|P02760|AMBP_HUMAN	4.83e-10	45.4	33.962	53
B5KL34	sp|Q06481|APLP2_HUMAN	1.14e-11	50.1	34.483	58
B5KL34	sp|Q06481|APLP2_HUMAN	7.6	16.5	26.667	30
B5KL34	sp|P05067|A4_HUMAN	1.97e-11	49.3	37.5	48
B5KL34	sp|P49223|SPIT3_HUMAN	2.34e-11	46.6	37.037	54
B5KL34	sp|O43291|SPIT2_HUMAN	2.43e-11	48.9	37.736	53
B5KL34	sp|O43291|SPIT2_HUMAN	1.77e-10	46.2	38.889	54
B5KL34	sp|Q96NZ8|WFKN1_HUMAN	2.69e-11	48.9	41.509	53
B5KL34	sp|Q96NZ8|WFKN1_HUMAN	1.53e-05	32.7	30.435	46
B5KL34	sp|O95428|PPN_HUMAN	8.1e-11	47.8	40.741	54
B5KL34	sp|Q02388|CO7A1_HUMAN	1.31e-10	47.0	38.462	65
B5KL34	sp|O43278|SPIT1_HUMAN	2.38e-10	46.2	40.351	57
B5KL34	sp|O43278|SPIT1_HUMAN	2.5e-10	46.2	34.921	63
B5KL34	sp|Q2UY09|COSA1_HUMAN	6.59e-08	39.3	32.258	62
B5KL34	sp|Q6UDR6|SPIT4_HUMAN	1.5e-07	37.0	31.169	77
B5KL34	sp|Q8IUA0|WFDC8_HUMAN	8.09e-06	33.1	33.962	53
B5KL34	sp|Q9BQY6|WFDC6_HUMAN	3.19e-05	31.2	62.5	24
B5KL35	sp|P10646|TFPI1_HUMAN	3.68e-18	67.8	44.615	65
B5KL35	sp|P10646|TFPI1_HUMAN	1.2e-16	63.5	43.056	72
B5KL35	sp|P10646|TFPI1_HUMAN	1.04e-11	50.1	42.857	56
B5KL35	sp|P12111|CO6A3_HUMAN	4.84e-15	59.7	38.71	62
B5KL35	sp|Q8TEU8|WFKN2_HUMAN	4.99e-15	59.3	49.02	51
B5KL35	sp|Q8TEU8|WFKN2_HUMAN	2.84e-09	43.1	35.849	53
B5KL35	sp|P48307|TFPI2_HUMAN	6.07e-15	58.5	50.943	53
B5KL35	sp|P48307|TFPI2_HUMAN	3.8e-10	45.4	42.0	50
B5KL35	sp|P48307|TFPI2_HUMAN	0.011	24.3	29.31	58
B5KL35	sp|O43291|SPIT2_HUMAN	1.42e-14	57.8	41.509	53
B5KL35	sp|O43291|SPIT2_HUMAN	5.01e-12	50.8	40.741	54
B5KL35	sp|O95925|EPPI_HUMAN	2.11e-14	55.5	41.071	56
B5KL35	sp|Q06481|APLP2_HUMAN	1.89e-13	55.1	36.207	58
B5KL35	sp|Q06481|APLP2_HUMAN	7.8	16.5	26.667	30
B5KL35	sp|P02760|AMBP_HUMAN	1.9e-13	55.1	43.86	57
B5KL35	sp|P02760|AMBP_HUMAN	2.88e-11	48.9	35.849	53
B5KL35	sp|P05067|A4_HUMAN	3.37e-13	54.3	39.583	48
B5KL35	sp|O43278|SPIT1_HUMAN	8.61e-13	53.1	37.5	64
B5KL35	sp|O43278|SPIT1_HUMAN	1.34e-11	49.7	42.105	57
B5KL35	sp|P49223|SPIT3_HUMAN	2.39e-12	49.3	38.889	54
B5KL35	sp|O95428|PPN_HUMAN	2.42e-12	52.0	42.593	54
B5KL35	sp|Q96NZ8|WFKN1_HUMAN	2.81e-12	51.6	45.098	51
B5KL35	sp|Q96NZ8|WFKN1_HUMAN	4.4e-06	34.3	32.609	46
B5KL35	sp|Q02388|CO7A1_HUMAN	1.25e-11	50.1	36.765	68
B5KL35	sp|Q6UDR6|SPIT4_HUMAN	1.02e-09	42.7	34.483	58
B5KL35	sp|Q2UY09|COSA1_HUMAN	2.04e-09	43.5	33.871	62
B5KL35	sp|Q8IUA0|WFDC8_HUMAN	1.56e-07	38.1	35.849	53
B5KL35	sp|Q9BQY6|WFDC6_HUMAN	2.34e-06	34.3	61.538	26
B5KL36	sp|P10646|TFPI1_HUMAN	1.85e-18	68.6	44.615	65
B5KL36	sp|P10646|TFPI1_HUMAN	3.65e-17	65.1	43.056	72
B5KL36	sp|P10646|TFPI1_HUMAN	1.74e-12	52.0	44.643	56
B5KL36	sp|P12111|CO6A3_HUMAN	1.03e-15	61.6	38.71	62
B5KL36	sp|P48307|TFPI2_HUMAN	4.15e-15	58.9	50.943	53
B5KL36	sp|P48307|TFPI2_HUMAN	4.73e-10	45.1	42.0	50
B5KL36	sp|P48307|TFPI2_HUMAN	0.01	24.6	29.31	58
B5KL36	sp|O95925|EPPI_HUMAN	1.01e-14	56.2	41.071	56
B5KL36	sp|Q8TEU8|WFKN2_HUMAN	1.11e-14	58.5	49.02	51
B5KL36	sp|Q8TEU8|WFKN2_HUMAN	5.16e-08	39.7	35.294	51
B5KL36	sp|P02760|AMBP_HUMAN	7.61e-14	56.2	43.86	57
B5KL36	sp|P02760|AMBP_HUMAN	1.7e-11	49.3	35.849	53
B5KL36	sp|Q06481|APLP2_HUMAN	2.07e-13	55.1	36.207	58
B5KL36	sp|Q06481|APLP2_HUMAN	7.9	16.5	26.667	30
B5KL36	sp|P05067|A4_HUMAN	3.31e-13	54.3	39.583	48
B5KL36	sp|O43291|SPIT2_HUMAN	6.01e-13	53.1	39.623	53
B5KL36	sp|O43291|SPIT2_HUMAN	4.72e-12	50.8	40.741	54
B5KL36	sp|P49223|SPIT3_HUMAN	7.02e-13	50.4	38.889	54
B5KL36	sp|Q96NZ8|WFKN1_HUMAN	1.26e-12	52.8	43.396	53
B5KL36	sp|Q96NZ8|WFKN1_HUMAN	4.94e-07	37.0	32.609	46
B5KL36	sp|O95428|PPN_HUMAN	3.51e-12	51.6	42.593	54
B5KL36	sp|Q02388|CO7A1_HUMAN	3.82e-12	51.2	38.235	68
B5KL36	sp|O43278|SPIT1_HUMAN	6.77e-12	50.4	35.938	64
B5KL36	sp|O43278|SPIT1_HUMAN	8.98e-12	50.1	42.105	57
B5KL36	sp|Q2UY09|COSA1_HUMAN	1.76e-09	43.9	33.871	62
B5KL36	sp|Q6UDR6|SPIT4_HUMAN	3.43e-09	41.2	34.483	58
B5KL36	sp|Q8IUA0|WFDC8_HUMAN	2.57e-07	37.4	35.849	53
B5KL36	sp|Q9BQY6|WFDC6_HUMAN	7.55e-06	33.1	61.538	26
B5KL37	sp|P10646|TFPI1_HUMAN	1.43e-18	68.9	46.154	65
B5KL37	sp|P10646|TFPI1_HUMAN	1.42e-15	60.8	41.667	72
B5KL37	sp|P10646|TFPI1_HUMAN	5.46e-13	53.5	44.643	56
B5KL37	sp|P12111|CO6A3_HUMAN	6.35e-16	62.0	40.323	62
B5KL37	sp|O43291|SPIT2_HUMAN	1.62e-14	57.4	44.444	54
B5KL37	sp|O43291|SPIT2_HUMAN	9.08e-13	52.8	35.849	53
B5KL37	sp|Q8TEU8|WFKN2_HUMAN	2.65e-14	57.4	47.059	51
B5KL37	sp|Q8TEU8|WFKN2_HUMAN	5.69e-09	42.4	33.962	53
B5KL37	sp|O43278|SPIT1_HUMAN	4.92e-14	56.6	39.062	64
B5KL37	sp|O43278|SPIT1_HUMAN	7.57e-11	47.8	40.351	57
B5KL37	sp|Q02388|CO7A1_HUMAN	2.73e-13	54.7	39.706	68
B5KL37	sp|O95925|EPPI_HUMAN	4.15e-13	52.0	39.286	56
B5KL37	sp|P48307|TFPI2_HUMAN	5.17e-13	53.1	45.283	53
B5KL37	sp|P48307|TFPI2_HUMAN	7.35e-12	50.1	44.0	50
B5KL37	sp|P48307|TFPI2_HUMAN	0.002	26.6	31.034	58
B5KL37	sp|P02760|AMBP_HUMAN	2.09e-12	52.0	43.86	57
B5KL37	sp|P02760|AMBP_HUMAN	1.12e-09	44.3	33.962	53
B5KL37	sp|Q96NZ8|WFKN1_HUMAN	3.32e-12	51.6	43.396	53
B5KL37	sp|Q96NZ8|WFKN1_HUMAN	2.89e-06	34.7	32.203	59
B5KL37	sp|O95428|PPN_HUMAN	3.51e-12	51.6	44.444	54
B5KL37	sp|O95428|PPN_HUMAN	7.2	16.5	33.333	21
B5KL37	sp|Q06481|APLP2_HUMAN	6.08e-12	50.8	35.849	53
B5KL37	sp|P05067|A4_HUMAN	1.16e-11	50.1	37.5	48
B5KL37	sp|P49223|SPIT3_HUMAN	1.16e-11	47.4	37.037	54
B5KL37	sp|Q6UDR6|SPIT4_HUMAN	6.06e-11	45.8	37.931	58
B5KL37	sp|Q2UY09|COSA1_HUMAN	2.29e-09	43.5	32.258	62
B5KL37	sp|Q8IUA0|WFDC8_HUMAN	2.61e-09	43.1	35.294	51
B5KL37	sp|Q9BQY6|WFDC6_HUMAN	1.57e-06	34.7	61.538	26
B5KL38	sp|P12111|CO6A3_HUMAN	9.76e-17	64.3	46.296	54
B5KL38	sp|P12111|CO6A3_HUMAN	2.4	18.1	45.455	22
B5KL38	sp|P12111|CO6A3_HUMAN	3.9	17.3	75.0	8
B5KL38	sp|O43278|SPIT1_HUMAN	5.58e-16	62.0	40.625	64
B5KL38	sp|O43278|SPIT1_HUMAN	1.19e-12	52.8	44.643	56
B5KL38	sp|P10646|TFPI1_HUMAN	4.12e-15	59.3	37.5	64
B5KL38	sp|P10646|TFPI1_HUMAN	7.65e-15	58.9	45.283	53
B5KL38	sp|P10646|TFPI1_HUMAN	6.4e-13	53.5	42.857	70
B5KL38	sp|O43291|SPIT2_HUMAN	2.2e-14	57.0	40.741	54
B5KL38	sp|O43291|SPIT2_HUMAN	2e-13	54.7	39.623	53
B5KL38	sp|Q96NZ8|WFKN1_HUMAN	9.12e-14	55.8	45.283	53
B5KL38	sp|Q96NZ8|WFKN1_HUMAN	3.04e-05	31.6	33.333	36
B5KL38	sp|Q06481|APLP2_HUMAN	1.28e-13	55.5	40.0	60
B5KL38	sp|P48307|TFPI2_HUMAN	5.07e-13	53.1	41.071	56
B5KL38	sp|P48307|TFPI2_HUMAN	8.43e-13	52.8	43.396	53
B5KL38	sp|P48307|TFPI2_HUMAN	0.002	26.2	28.0	50
B5KL38	sp|Q8TEU8|WFKN2_HUMAN	9.36e-13	53.1	45.098	51
B5KL38	sp|Q8TEU8|WFKN2_HUMAN	1.58e-05	32.7	28.302	53
B5KL38	sp|Q8TEU8|WFKN2_HUMAN	5.6	16.9	45.455	11
B5KL38	sp|O95925|EPPI_HUMAN	1.09e-12	51.2	40.0	55
B5KL38	sp|Q02388|CO7A1_HUMAN	9.57e-12	50.1	38.235	68
B5KL38	sp|P02760|AMBP_HUMAN	2.59e-11	48.9	38.462	65
B5KL38	sp|P02760|AMBP_HUMAN	2.05e-08	40.8	35.849	53
B5KL38	sp|P02760|AMBP_HUMAN	3.9	17.3	42.857	14
B5KL38	sp|P05067|A4_HUMAN	6.87e-11	47.8	38.776	49
B5KL38	sp|P49223|SPIT3_HUMAN	8.99e-10	42.7	35.185	54
B5KL38	sp|Q6UDR6|SPIT4_HUMAN	1.84e-09	42.0	36.207	58
B5KL38	sp|O95428|PPN_HUMAN	2.97e-09	43.1	38.889	54
B5KL38	sp|Q2UY09|COSA1_HUMAN	3.29e-08	40.0	32.258	62
B5KL38	sp|Q2UY09|COSA1_HUMAN	1.6	18.5	47.059	17
B5KL38	sp|Q8IUA0|WFDC8_HUMAN	5.07e-07	36.6	35.849	53
B5KL38	sp|Q9BQY6|WFDC6_HUMAN	1.52e-06	34.7	57.143	28
B5KL39	sp|P10646|TFPI1_HUMAN	1.06e-18	69.3	52.83	53
B5KL39	sp|P10646|TFPI1_HUMAN	3.06e-15	59.7	37.5	64
B5KL39	sp|P10646|TFPI1_HUMAN	2.05e-13	54.7	44.286	70
B5KL39	sp|P12111|CO6A3_HUMAN	3.9e-16	62.8	44.231	52
B5KL39	sp|P48307|TFPI2_HUMAN	5.91e-16	61.2	49.057	53
B5KL39	sp|P48307|TFPI2_HUMAN	5.02e-13	53.1	46.0	50
B5KL39	sp|P48307|TFPI2_HUMAN	0.002	26.6	30.0	50
B5KL39	sp|O95925|EPPI_HUMAN	1.35e-15	58.5	49.02	51
B5KL39	sp|Q06481|APLP2_HUMAN	1.76e-15	60.8	41.667	60
B5KL39	sp|Q8TEU8|WFKN2_HUMAN	2.95e-14	57.4	47.059	51
B5KL39	sp|Q8TEU8|WFKN2_HUMAN	5.64e-06	33.9	28.302	53
B5KL39	sp|Q96NZ8|WFKN1_HUMAN	1.7e-13	55.1	45.098	51
B5KL39	sp|Q96NZ8|WFKN1_HUMAN	3.12e-07	37.4	33.333	51
B5KL39	sp|P05067|A4_HUMAN	1.9e-13	55.1	42.857	49
B5KL39	sp|P02760|AMBP_HUMAN	2.09e-13	54.7	42.308	52
B5KL39	sp|P02760|AMBP_HUMAN	3.62e-13	54.3	36.923	65
B5KL39	sp|P02760|AMBP_HUMAN	9.7	16.2	35.714	14
B5KL39	sp|O43291|SPIT2_HUMAN	3.97e-13	53.9	39.623	53
B5KL39	sp|O43291|SPIT2_HUMAN	7.81e-13	52.8	39.623	53
B5KL39	sp|Q02388|CO7A1_HUMAN	8.07e-13	53.1	39.706	68
B5KL39	sp|Q02388|CO7A1_HUMAN	5.0	16.9	35.0	20
B5KL39	sp|O43278|SPIT1_HUMAN	1.12e-12	52.8	35.938	64
B5KL39	sp|O43278|SPIT1_HUMAN	4.03e-12	51.2	42.857	56
B5KL39	sp|P49223|SPIT3_HUMAN	1.77e-11	47.0	35.185	54
B5KL39	sp|O95428|PPN_HUMAN	1.28e-10	47.0	40.741	54
B5KL39	sp|O95428|PPN_HUMAN	7.4	16.5	35.294	17
B5KL39	sp|Q6UDR6|SPIT4_HUMAN	1.71e-09	42.0	33.962	53
B5KL39	sp|Q2UY09|COSA1_HUMAN	2.55e-09	43.5	30.645	62
B5KL39	sp|Q8IUA0|WFDC8_HUMAN	8.06e-09	41.6	41.176	51
B5KL39	sp|Q9BQY6|WFDC6_HUMAN	3.25e-06	33.9	53.571	28
B5KL40	sp|P10646|TFPI1_HUMAN	8.61e-17	64.3	41.538	65
B5KL40	sp|P10646|TFPI1_HUMAN	9.91e-17	63.9	49.057	53
B5KL40	sp|P10646|TFPI1_HUMAN	3.92e-15	59.7	45.714	70
B5KL40	sp|P12111|CO6A3_HUMAN	4.26e-16	62.4	42.593	54
B5KL40	sp|O43278|SPIT1_HUMAN	6.93e-14	56.2	37.5	64
B5KL40	sp|O43278|SPIT1_HUMAN	2.55e-12	51.6	42.857	56
B5KL40	sp|Q96NZ8|WFKN1_HUMAN	7.29e-14	56.2	43.396	53
B5KL40	sp|Q96NZ8|WFKN1_HUMAN	1.84e-07	38.1	32.609	46
B5KL40	sp|P48307|TFPI2_HUMAN	1.3e-13	55.1	45.283	53
B5KL40	sp|P48307|TFPI2_HUMAN	1.77e-12	52.0	41.818	55
B5KL40	sp|P48307|TFPI2_HUMAN	0.002	26.2	28.0	50
B5KL40	sp|Q02388|CO7A1_HUMAN	2.12e-13	55.1	39.706	68
B5KL40	sp|O43291|SPIT2_HUMAN	2.97e-13	53.9	40.741	54
B5KL40	sp|O43291|SPIT2_HUMAN	2.27e-11	48.9	35.849	53
B5KL40	sp|Q06481|APLP2_HUMAN	3.51e-13	54.3	36.667	60
B5KL40	sp|Q8TEU8|WFKN2_HUMAN	3.66e-13	54.3	45.098	51
B5KL40	sp|Q8TEU8|WFKN2_HUMAN	1.11e-06	35.8	31.373	51
B5KL40	sp|O95925|EPPI_HUMAN	2.66e-12	50.1	37.5	56
B5KL40	sp|P02760|AMBP_HUMAN	3.45e-12	51.2	40.0	65
B5KL40	sp|P02760|AMBP_HUMAN	5.5e-11	48.1	37.736	53
B5KL40	sp|P02760|AMBP_HUMAN	5.2	16.9	42.857	14
B5KL40	sp|P05067|A4_HUMAN	8.48e-12	50.4	36.735	49
B5KL40	sp|P49223|SPIT3_HUMAN	4.99e-11	45.8	35.185	54
B5KL40	sp|O95428|PPN_HUMAN	5.32e-11	48.1	44.444	54
B5KL40	sp|O95428|PPN_HUMAN	2.2	18.1	41.176	17
B5KL40	sp|Q8IUA0|WFDC8_HUMAN	2.02e-10	46.2	39.623	53
B5KL40	sp|Q6UDR6|SPIT4_HUMAN	5.26e-10	43.5	36.207	58
B5KL40	sp|Q2UY09|COSA1_HUMAN	2.27e-09	43.5	32.258	62
B5KL40	sp|Q9BQY6|WFDC6_HUMAN	5.11e-06	33.5	61.538	26
B5KL41	sp|P10646|TFPI1_HUMAN	3.06e-15	59.7	45.283	53
B5KL41	sp|P10646|TFPI1_HUMAN	7e-15	58.9	45.714	70
B5KL41	sp|P10646|TFPI1_HUMAN	1.03e-14	58.5	37.5	64
B5KL41	sp|P48307|TFPI2_HUMAN	7.37e-15	58.2	45.455	55
B5KL41	sp|P48307|TFPI2_HUMAN	3.27e-13	53.9	47.059	51
B5KL41	sp|P48307|TFPI2_HUMAN	0.005	25.4	31.034	58
B5KL41	sp|P12111|CO6A3_HUMAN	1.11e-14	58.5	40.741	54
B5KL41	sp|P02760|AMBP_HUMAN	4.7e-14	56.6	40.299	67
B5KL41	sp|P02760|AMBP_HUMAN	2.49e-11	48.9	38.462	52
B5KL41	sp|O43291|SPIT2_HUMAN	1.32e-12	52.4	38.182	55
B5KL41	sp|O43291|SPIT2_HUMAN	1e-09	44.3	32.692	52
B5KL41	sp|Q02388|CO7A1_HUMAN	1.76e-12	52.4	38.235	68
B5KL41	sp|Q02388|CO7A1_HUMAN	2.3	18.1	38.889	18
B5KL41	sp|Q8TEU8|WFKN2_HUMAN	1.8e-12	52.4	43.137	51
B5KL41	sp|Q8TEU8|WFKN2_HUMAN	1.6e-05	32.7	26.415	53
B5KL41	sp|Q96NZ8|WFKN1_HUMAN	3.1e-12	51.6	41.176	51
B5KL41	sp|Q96NZ8|WFKN1_HUMAN	1.21e-07	38.5	34.783	46
B5KL41	sp|O43278|SPIT1_HUMAN	8.23e-12	50.4	42.857	56
B5KL41	sp|O43278|SPIT1_HUMAN	4.42e-11	48.1	32.812	64
B5KL41	sp|P49223|SPIT3_HUMAN	8.29e-12	47.8	37.037	54
B5KL41	sp|O95925|EPPI_HUMAN	1.01e-11	48.5	36.842	57
B5KL41	sp|Q06481|APLP2_HUMAN	1.24e-11	49.7	36.207	58
B5KL41	sp|P05067|A4_HUMAN	8.61e-11	47.4	37.5	48
B5KL41	sp|Q2UY09|COSA1_HUMAN	1e-10	47.4	33.871	62
B5KL41	sp|O95428|PPN_HUMAN	6.14e-10	45.1	38.889	54
B5KL41	sp|O95428|PPN_HUMAN	5.3	16.9	33.333	21
B5KL41	sp|O95428|PPN_HUMAN	7.4	16.5	35.294	17
B5KL41	sp|Q8IUA0|WFDC8_HUMAN	2.16e-09	43.5	41.176	51
B5KL41	sp|Q6UDR6|SPIT4_HUMAN	2.48e-08	38.9	35.849	53
B5KL41	sp|Q9BQY6|WFDC6_HUMAN	2.47e-05	31.6	45.0	40
B5L5M7	sp|P10646|TFPI1_HUMAN	3.49e-21	76.3	56.14	57
B5L5M7	sp|P10646|TFPI1_HUMAN	6.16e-17	64.7	47.17	53
B5L5M7	sp|P10646|TFPI1_HUMAN	4.03e-15	59.7	51.852	54
B5L5M7	sp|P49223|SPIT3_HUMAN	3.64e-17	61.6	46.296	54
B5L5M7	sp|Q8TEU8|WFKN2_HUMAN	7.23e-17	64.7	52.941	51
B5L5M7	sp|Q8TEU8|WFKN2_HUMAN	8.4e-09	42.0	33.962	53
B5L5M7	sp|Q06481|APLP2_HUMAN	9.73e-17	64.3	43.86	57
B5L5M7	sp|P12111|CO6A3_HUMAN	1.7e-16	63.9	45.098	51
B5L5M7	sp|P05067|A4_HUMAN	1.07e-15	61.6	48.936	47
B5L5M7	sp|O43278|SPIT1_HUMAN	6.45e-15	59.3	40.845	71
B5L5M7	sp|O43278|SPIT1_HUMAN	8.97e-12	50.4	33.846	65
B5L5M7	sp|O43278|SPIT1_HUMAN	6.6	16.5	41.176	17
B5L5M7	sp|P48307|TFPI2_HUMAN	8.65e-15	58.2	46.0	50
B5L5M7	sp|P48307|TFPI2_HUMAN	9.2e-15	58.2	47.17	53
B5L5M7	sp|P48307|TFPI2_HUMAN	2.74e-07	37.4	36.667	60
B5L5M7	sp|P02760|AMBP_HUMAN	2.41e-14	57.4	49.02	51
B5L5M7	sp|P02760|AMBP_HUMAN	5.99e-11	47.8	41.176	51
B5L5M7	sp|Q6UDR6|SPIT4_HUMAN	7.59e-14	53.1	41.558	77
B5L5M7	sp|O95428|PPN_HUMAN	7.93e-14	56.2	42.857	56
B5L5M7	sp|O95925|EPPI_HUMAN	1.51e-13	53.1	42.593	54
B5L5M7	sp|O43291|SPIT2_HUMAN	1.82e-13	54.7	37.736	53
B5L5M7	sp|O43291|SPIT2_HUMAN	2.2e-13	54.3	43.396	53
B5L5M7	sp|Q96NZ8|WFKN1_HUMAN	1.91e-13	55.1	47.059	51
B5L5M7	sp|Q96NZ8|WFKN1_HUMAN	8.21e-05	30.4	28.889	45
B5L5M7	sp|Q96NZ8|WFKN1_HUMAN	5.5	16.9	38.095	21
B5L5M7	sp|Q2UY09|COSA1_HUMAN	3.49e-13	54.3	34.921	63
B5L5M7	sp|Q02388|CO7A1_HUMAN	1.79e-11	49.7	35.938	64
B5L5M7	sp|Q02388|CO7A1_HUMAN	0.2	21.2	45.0	20
B5L5M7	sp|Q8IUA0|WFDC8_HUMAN	6.71e-09	42.0	36.538	52
B5L5M7	sp|Q9BQY6|WFDC6_HUMAN	9.33e-07	35.4	51.724	29
B5L5Q1	sp|P12111|CO6A3_HUMAN	3.86e-16	62.8	46.154	52
B5L5Q1	sp|P10646|TFPI1_HUMAN	3.02e-15	59.7	39.062	64
B5L5Q1	sp|P10646|TFPI1_HUMAN	2.2e-13	54.7	45.283	53
B5L5Q1	sp|P10646|TFPI1_HUMAN	7.48e-10	44.7	36.111	72
B5L5Q1	sp|P05067|A4_HUMAN	3.16e-12	51.6	39.583	48
B5L5Q1	sp|Q06481|APLP2_HUMAN	3.62e-12	51.2	35.0	60
B5L5Q1	sp|Q02388|CO7A1_HUMAN	3.71e-12	51.2	39.706	68
B5L5Q1	sp|O95428|PPN_HUMAN	5.56e-12	50.8	42.593	54
B5L5Q1	sp|Q8TEU8|WFKN2_HUMAN	1.96e-11	49.3	39.216	51
B5L5Q1	sp|Q8TEU8|WFKN2_HUMAN	4.12e-07	37.0	31.373	51
B5L5Q1	sp|P49223|SPIT3_HUMAN	3.1e-11	46.2	38.889	54
B5L5Q1	sp|O95925|EPPI_HUMAN	3.31e-11	47.4	40.385	52
B5L5Q1	sp|O43278|SPIT1_HUMAN	3.93e-11	48.5	41.176	51
B5L5Q1	sp|O43278|SPIT1_HUMAN	9.99e-09	41.6	32.812	64
B5L5Q1	sp|P48307|TFPI2_HUMAN	4.46e-11	48.1	46.0	50
B5L5Q1	sp|P48307|TFPI2_HUMAN	2.73e-10	45.8	40.0	55
B5L5Q1	sp|P48307|TFPI2_HUMAN	0.027	23.5	31.034	58
B5L5Q1	sp|O43291|SPIT2_HUMAN	5.97e-11	47.8	41.509	53
B5L5Q1	sp|O43291|SPIT2_HUMAN	4.01e-08	39.7	32.075	53
B5L5Q1	sp|Q2UY09|COSA1_HUMAN	1.29e-10	47.0	32.258	62
B5L5Q1	sp|Q96NZ8|WFKN1_HUMAN	2.84e-10	45.8	41.176	51
B5L5Q1	sp|Q96NZ8|WFKN1_HUMAN	1.41e-07	38.5	35.593	59
B5L5Q1	sp|P02760|AMBP_HUMAN	4.69e-10	45.4	38.462	65
B5L5Q1	sp|P02760|AMBP_HUMAN	9e-08	38.9	33.962	53
B5L5Q1	sp|P02760|AMBP_HUMAN	3.7	17.3	37.5	16
B5L5Q1	sp|Q6UDR6|SPIT4_HUMAN	1.01e-09	42.7	37.736	53
B5L5Q1	sp|Q8IUA0|WFDC8_HUMAN	9.05e-08	38.9	35.294	51
B5L5Q1	sp|Q9BQY6|WFDC6_HUMAN	2.68e-06	34.3	53.333	30
B5L5Q3	sp|Q96NZ8|WFKN1_HUMAN	1.04e-12	52.8	50.0	46
B5L5Q3	sp|Q96NZ8|WFKN1_HUMAN	3.97e-05	31.2	31.915	47
B5L5Q3	sp|P12111|CO6A3_HUMAN	3.46e-12	51.2	44.681	47
B5L5Q3	sp|P12111|CO6A3_HUMAN	3.0	17.7	55.556	9
B5L5Q3	sp|P12111|CO6A3_HUMAN	3.1	17.3	20.37	54
B5L5Q3	sp|Q8TEU8|WFKN2_HUMAN	6.57e-12	50.4	45.652	46
B5L5Q3	sp|Q8TEU8|WFKN2_HUMAN	3.4e-05	31.6	29.545	44
B5L5Q3	sp|P10646|TFPI1_HUMAN	1.73e-11	49.3	46.939	49
B5L5Q3	sp|P10646|TFPI1_HUMAN	8.25e-11	47.4	34.921	63
B5L5Q3	sp|P10646|TFPI1_HUMAN	1.18e-07	38.5	37.313	67
B5L5Q3	sp|P48307|TFPI2_HUMAN	1.76e-11	48.9	47.826	46
B5L5Q3	sp|P48307|TFPI2_HUMAN	4.01e-08	39.7	35.714	56
B5L5Q3	sp|P48307|TFPI2_HUMAN	5.0	16.9	26.829	41
B5L5Q3	sp|P05067|A4_HUMAN	1.46e-09	43.9	41.86	43
B5L5Q3	sp|O95925|EPPI_HUMAN	2.09e-09	42.4	36.957	46
B5L5Q3	sp|O95428|PPN_HUMAN	5.32e-09	42.4	40.0	45
B5L5Q3	sp|O95428|PPN_HUMAN	7.3	16.5	57.143	7
B5L5Q3	sp|P49223|SPIT3_HUMAN	6.43e-09	40.0	37.255	51
B5L5Q3	sp|O43278|SPIT1_HUMAN	3.95e-08	39.7	33.333	60
B5L5Q3	sp|O43278|SPIT1_HUMAN	5.25e-08	39.3	36.538	52
B5L5Q3	sp|Q06481|APLP2_HUMAN	6.07e-08	39.3	37.209	43
B5L5Q3	sp|Q06481|APLP2_HUMAN	3.0	17.3	35.294	17
B5L5Q3	sp|P02760|AMBP_HUMAN	6.37e-08	39.3	36.957	46
B5L5Q3	sp|P02760|AMBP_HUMAN	6.82e-08	38.9	36.066	61
B5L5Q3	sp|P02760|AMBP_HUMAN	4.8	16.9	25.0	20
B5L5Q3	sp|Q02388|CO7A1_HUMAN	1.56e-07	38.1	40.816	49
B5L5Q3	sp|O43291|SPIT2_HUMAN	1.63e-07	37.7	68.421	19
B5L5Q3	sp|O43291|SPIT2_HUMAN	7.46e-07	36.2	34.884	43
B5L5Q3	sp|Q8IUA0|WFDC8_HUMAN	2.16e-07	37.7	38.298	47
B5L5Q3	sp|Q2UY09|COSA1_HUMAN	7.97e-07	36.2	28.814	59
B5L5Q3	sp|Q9BQY6|WFDC6_HUMAN	9.15e-05	30.0	65.0	20
B5L5Q3	sp|Q6UDR6|SPIT4_HUMAN	0.000134	29.3	30.0	40
B5L5Q6	sp|Q96NZ8|WFKN1_HUMAN	6.44e-14	56.2	52.174	46
B5L5Q6	sp|Q96NZ8|WFKN1_HUMAN	1.78e-06	35.0	34.043	47
B5L5Q6	sp|P12111|CO6A3_HUMAN	7.57e-14	55.8	46.809	47
B5L5Q6	sp|P12111|CO6A3_HUMAN	2.8	17.7	55.556	9
B5L5Q6	sp|P12111|CO6A3_HUMAN	3.0	17.7	20.37	54
B5L5Q6	sp|Q8TEU8|WFKN2_HUMAN	4.05e-13	53.9	47.826	46
B5L5Q6	sp|Q8TEU8|WFKN2_HUMAN	1.57e-06	35.0	31.818	44
B5L5Q6	sp|P48307|TFPI2_HUMAN	5.77e-13	53.1	50.0	46
B5L5Q6	sp|P48307|TFPI2_HUMAN	2.03e-09	43.1	39.623	53
B5L5Q6	sp|P48307|TFPI2_HUMAN	0.29	20.4	29.268	41
B5L5Q6	sp|P10646|TFPI1_HUMAN	1.11e-12	52.4	48.98	49
B5L5Q6	sp|P10646|TFPI1_HUMAN	3.98e-12	50.8	36.508	63
B5L5Q6	sp|P10646|TFPI1_HUMAN	5.56e-09	42.0	38.806	67
B5L5Q6	sp|P05067|A4_HUMAN	3.8e-11	48.1	44.186	43
B5L5Q6	sp|O95925|EPPI_HUMAN	1.04e-10	45.8	39.13	46
B5L5Q6	sp|O95428|PPN_HUMAN	2.34e-10	46.2	42.222	45
B5L5Q6	sp|O95428|PPN_HUMAN	8.3	16.2	57.143	7
B5L5Q6	sp|P49223|SPIT3_HUMAN	2.73e-10	43.9	39.216	51
B5L5Q6	sp|Q06481|APLP2_HUMAN	1.45e-09	43.9	39.535	43
B5L5Q6	sp|Q06481|APLP2_HUMAN	3.0	17.3	35.294	17
B5L5Q6	sp|O43278|SPIT1_HUMAN	1.89e-09	43.5	35.0	60
B5L5Q6	sp|O43278|SPIT1_HUMAN	2.8e-09	43.1	38.462	52
B5L5Q6	sp|P02760|AMBP_HUMAN	2.91e-09	42.7	39.13	46
B5L5Q6	sp|P02760|AMBP_HUMAN	3.57e-09	42.7	37.705	61
B5L5Q6	sp|Q02388|CO7A1_HUMAN	4.26e-09	42.4	42.857	49
B5L5Q6	sp|O43291|SPIT2_HUMAN	6.05e-09	42.0	41.463	41
B5L5Q6	sp|O43291|SPIT2_HUMAN	2.53e-08	40.0	37.209	43
B5L5Q6	sp|Q8IUA0|WFDC8_HUMAN	1.85e-08	40.4	40.426	47
B5L5Q6	sp|Q2UY09|COSA1_HUMAN	2.22e-08	40.4	30.508	59
B5L5Q6	sp|Q6UDR6|SPIT4_HUMAN	3.6e-06	33.1	31.25	48
B5L5Q6	sp|Q9BQY6|WFDC6_HUMAN	1.79e-05	32.0	63.636	22
B5L5Q8	sp|P10646|TFPI1_HUMAN	6.49e-17	64.3	44.828	58
B5L5Q8	sp|P10646|TFPI1_HUMAN	1.83e-16	63.2	46.296	54
B5L5Q8	sp|P10646|TFPI1_HUMAN	6.28e-13	53.5	42.254	71
B5L5Q8	sp|P12111|CO6A3_HUMAN	1.88e-15	60.8	42.593	54
B5L5Q8	sp|O43278|SPIT1_HUMAN	4.87e-14	56.6	38.095	63
B5L5Q8	sp|O43278|SPIT1_HUMAN	1.07e-10	47.4	41.071	56
B5L5Q8	sp|P48307|TFPI2_HUMAN	1.34e-13	55.1	45.283	53
B5L5Q8	sp|P48307|TFPI2_HUMAN	4.49e-13	53.5	45.098	51
B5L5Q8	sp|P48307|TFPI2_HUMAN	0.007	25.0	29.31	58
B5L5Q8	sp|O95925|EPPI_HUMAN	1.71e-13	53.1	41.071	56
B5L5Q8	sp|P02760|AMBP_HUMAN	8.66e-13	53.1	41.27	63
B5L5Q8	sp|P02760|AMBP_HUMAN	1.17e-11	49.7	41.509	53
B5L5Q8	sp|Q06481|APLP2_HUMAN	2.18e-12	52.0	43.478	46
B5L5Q8	sp|Q96NZ8|WFKN1_HUMAN	3.77e-12	51.2	41.509	53
B5L5Q8	sp|Q96NZ8|WFKN1_HUMAN	1.63e-06	35.4	33.333	45
B5L5Q8	sp|O43291|SPIT2_HUMAN	6.24e-12	50.4	36.538	52
B5L5Q8	sp|O43291|SPIT2_HUMAN	9.14e-12	50.1	37.037	54
B5L5Q8	sp|P49223|SPIT3_HUMAN	2.08e-11	46.6	37.037	54
B5L5Q8	sp|Q8TEU8|WFKN2_HUMAN	2.67e-11	48.9	41.176	51
B5L5Q8	sp|Q8TEU8|WFKN2_HUMAN	5.55e-05	31.2	28.302	53
B5L5Q8	sp|P05067|A4_HUMAN	6.42e-11	47.8	37.5	48
B5L5Q8	sp|Q02388|CO7A1_HUMAN	1.82e-10	46.6	37.5	64
B5L5Q8	sp|Q02388|CO7A1_HUMAN	0.43	20.0	45.455	22
B5L5Q8	sp|O95428|PPN_HUMAN	6.95e-09	42.0	37.313	67
B5L5Q8	sp|Q2UY09|COSA1_HUMAN	1.08e-08	41.6	33.871	62
B5L5Q8	sp|Q6UDR6|SPIT4_HUMAN	1.82e-08	39.3	30.556	72
B5L5Q8	sp|Q9BQY6|WFDC6_HUMAN	5.07e-07	36.2	60.714	28
B5L5Q8	sp|Q8IUA0|WFDC8_HUMAN	7.29e-07	36.2	37.255	51
B5L5R0	sp|P10646|TFPI1_HUMAN	1.6e-18	68.9	50.0	58
B5L5R0	sp|P10646|TFPI1_HUMAN	3.81e-17	65.1	50.943	53
B5L5R0	sp|P10646|TFPI1_HUMAN	1.2e-13	55.5	41.558	77
B5L5R0	sp|P12111|CO6A3_HUMAN	7.15e-18	67.8	46.296	54
B5L5R0	sp|P12111|CO6A3_HUMAN	0.58	19.6	38.889	18
B5L5R0	sp|O43278|SPIT1_HUMAN	8.16e-15	58.9	41.27	63
B5L5R0	sp|O43278|SPIT1_HUMAN	5.46e-12	50.8	42.105	57
B5L5R0	sp|P02760|AMBP_HUMAN	1.52e-14	58.2	44.444	63
B5L5R0	sp|P02760|AMBP_HUMAN	1.44e-12	52.4	40.385	52
B5L5R0	sp|Q96NZ8|WFKN1_HUMAN	1.57e-14	58.2	47.17	53
B5L5R0	sp|Q96NZ8|WFKN1_HUMAN	1.34e-06	35.4	33.962	53
B5L5R0	sp|O95925|EPPI_HUMAN	3.11e-14	55.1	41.071	56
B5L5R0	sp|Q06481|APLP2_HUMAN	3.43e-14	57.0	45.652	46
B5L5R0	sp|P48307|TFPI2_HUMAN	4.96e-14	56.2	47.17	53
B5L5R0	sp|P48307|TFPI2_HUMAN	3.2e-11	48.5	41.818	55
B5L5R0	sp|P48307|TFPI2_HUMAN	0.011	24.6	31.667	60
B5L5R0	sp|Q8TEU8|WFKN2_HUMAN	1.05e-13	55.8	43.137	51
B5L5R0	sp|Q8TEU8|WFKN2_HUMAN	4.2e-06	34.3	28.302	53
B5L5R0	sp|P49223|SPIT3_HUMAN	4.8e-13	50.8	37.037	54
B5L5R0	sp|P05067|A4_HUMAN	1.76e-12	52.4	39.583	48
B5L5R0	sp|O43291|SPIT2_HUMAN	2.38e-12	51.6	42.593	54
B5L5R0	sp|O43291|SPIT2_HUMAN	3.42e-11	48.5	35.849	53
B5L5R0	sp|O95428|PPN_HUMAN	6.76e-12	50.4	40.299	67
B5L5R0	sp|O95428|PPN_HUMAN	7.5	16.5	33.333	21
B5L5R0	sp|Q02388|CO7A1_HUMAN	2.24e-11	49.3	36.62	71
B5L5R0	sp|Q02388|CO7A1_HUMAN	3.9	17.3	40.909	22
B5L5R0	sp|Q02388|CO7A1_HUMAN	7.5	16.5	83.333	6
B5L5R0	sp|Q6UDR6|SPIT4_HUMAN	7.68e-11	45.4	34.177	79
B5L5R0	sp|Q2UY09|COSA1_HUMAN	1.84e-07	38.1	32.258	62
B5L5R0	sp|Q8IUA0|WFDC8_HUMAN	2.52e-07	37.4	37.255	51
B5L5R0	sp|Q9BQY6|WFDC6_HUMAN	4.34e-06	33.5	57.143	28
B5L5R1	sp|P10646|TFPI1_HUMAN	2.13e-16	63.2	49.057	53
B5L5R1	sp|P10646|TFPI1_HUMAN	2.13e-15	60.5	43.103	58
B5L5R1	sp|P10646|TFPI1_HUMAN	7.1e-14	56.2	44.286	70
B5L5R1	sp|P12111|CO6A3_HUMAN	4.06e-16	62.8	42.593	54
B5L5R1	sp|P48307|TFPI2_HUMAN	5.67e-14	55.8	47.17	53
B5L5R1	sp|P48307|TFPI2_HUMAN	1.12e-13	55.1	43.636	55
B5L5R1	sp|P48307|TFPI2_HUMAN	0.002	26.6	28.0	50
B5L5R1	sp|O43278|SPIT1_HUMAN	1.03e-13	55.8	38.095	63
B5L5R1	sp|O43278|SPIT1_HUMAN	2.48e-11	48.9	41.071	56
B5L5R1	sp|Q96NZ8|WFKN1_HUMAN	3.55e-13	54.3	43.396	53
B5L5R1	sp|Q96NZ8|WFKN1_HUMAN	3.18e-06	34.7	29.412	51
B5L5R1	sp|O95925|EPPI_HUMAN	3.81e-13	52.4	39.286	56
B5L5R1	sp|Q02388|CO7A1_HUMAN	8.47e-13	53.1	40.625	64
B5L5R1	sp|Q06481|APLP2_HUMAN	4.28e-12	51.2	36.667	60
B5L5R1	sp|O43291|SPIT2_HUMAN	4.96e-12	50.8	37.037	54
B5L5R1	sp|O43291|SPIT2_HUMAN	4.7e-11	48.1	35.849	53
B5L5R1	sp|Q8TEU8|WFKN2_HUMAN	6.74e-12	50.4	43.137	51
B5L5R1	sp|Q8TEU8|WFKN2_HUMAN	4.12e-06	34.3	31.373	51
B5L5R1	sp|O95428|PPN_HUMAN	2.32e-11	49.3	40.299	67
B5L5R1	sp|O95428|PPN_HUMAN	2.7	17.7	28.571	35
B5L5R1	sp|O95428|PPN_HUMAN	8.7	16.2	35.294	17
B5L5R1	sp|P02760|AMBP_HUMAN	2.69e-11	48.9	39.683	63
B5L5R1	sp|P02760|AMBP_HUMAN	2.14e-10	46.2	37.736	53
B5L5R1	sp|P02760|AMBP_HUMAN	5.8	16.5	42.857	14
B5L5R1	sp|P05067|A4_HUMAN	1.04e-10	47.4	36.735	49
B5L5R1	sp|Q8IUA0|WFDC8_HUMAN	1.14e-09	44.3	41.509	53
B5L5R1	sp|P49223|SPIT3_HUMAN	1.73e-09	42.0	33.333	54
B5L5R1	sp|Q6UDR6|SPIT4_HUMAN	2.03e-09	42.0	31.944	72
B5L5R1	sp|Q2UY09|COSA1_HUMAN	1.16e-08	41.6	32.258	62
B5L5R1	sp|Q9BQY6|WFDC6_HUMAN	1.16e-06	35.0	57.143	28
B5L5R4	sp|P10646|TFPI1_HUMAN	6.24e-18	67.4	47.17	53
B5L5R4	sp|P10646|TFPI1_HUMAN	3.58e-17	65.1	44.068	59
B5L5R4	sp|P10646|TFPI1_HUMAN	1.7e-13	55.1	44.286	70
B5L5R4	sp|P12111|CO6A3_HUMAN	1.7e-16	63.5	46.154	52
B5L5R4	sp|P48307|TFPI2_HUMAN	2.26e-15	59.7	49.057	53
B5L5R4	sp|P48307|TFPI2_HUMAN	6.81e-13	53.1	43.396	53
B5L5R4	sp|P48307|TFPI2_HUMAN	0.000356	28.5	30.0	50
B5L5R4	sp|O95925|EPPI_HUMAN	8.05e-15	56.6	41.071	56
B5L5R4	sp|Q06481|APLP2_HUMAN	5.02e-14	56.6	40.0	60
B5L5R4	sp|Q96NZ8|WFKN1_HUMAN	5.03e-14	56.6	47.059	51
B5L5R4	sp|Q96NZ8|WFKN1_HUMAN	4.11e-06	34.3	33.333	51
B5L5R4	sp|P02760|AMBP_HUMAN	7.54e-14	56.2	41.27	63
B5L5R4	sp|P02760|AMBP_HUMAN	7.77e-12	50.4	39.623	53
B5L5R4	sp|P02760|AMBP_HUMAN	0.51	19.6	25.926	54
B5L5R4	sp|P49223|SPIT3_HUMAN	2.56e-13	51.6	34.848	66
B5L5R4	sp|O43278|SPIT1_HUMAN	3.72e-13	54.3	38.095	63
B5L5R4	sp|O43278|SPIT1_HUMAN	3.99e-12	51.2	41.071	56
B5L5R4	sp|Q8TEU8|WFKN2_HUMAN	5.36e-13	53.5	43.137	51
B5L5R4	sp|Q8TEU8|WFKN2_HUMAN	2.71e-05	32.0	29.412	51
B5L5R4	sp|O43291|SPIT2_HUMAN	5.49e-13	53.5	41.509	53
B5L5R4	sp|O43291|SPIT2_HUMAN	7.07e-11	47.4	35.849	53
B5L5R4	sp|P05067|A4_HUMAN	8.12e-13	53.1	40.816	49
B5L5R4	sp|Q02388|CO7A1_HUMAN	3.67e-12	51.2	39.062	64
B5L5R4	sp|Q02388|CO7A1_HUMAN	4.0	17.3	40.0	20
B5L5R4	sp|Q6UDR6|SPIT4_HUMAN	2.67e-10	44.3	34.211	76
B5L5R4	sp|O95428|PPN_HUMAN	3.48e-10	45.8	40.741	54
B5L5R4	sp|O95428|PPN_HUMAN	3.1	17.7	22.727	66
B5L5R4	sp|Q2UY09|COSA1_HUMAN	1e-08	41.6	32.258	62
B5L5R4	sp|Q8IUA0|WFDC8_HUMAN	2.7e-07	37.4	37.255	51
B5L5R4	sp|Q9BQY6|WFDC6_HUMAN	7.55e-06	33.1	53.571	28
B5L5R6	sp|P10646|TFPI1_HUMAN	1.8e-15	60.5	39.062	64
B5L5R6	sp|P10646|TFPI1_HUMAN	1.17e-13	55.5	43.396	53
B5L5R6	sp|P10646|TFPI1_HUMAN	4.61e-12	50.8	42.857	70
B5L5R6	sp|P12111|CO6A3_HUMAN	1.62e-12	52.4	38.889	54
B5L5R6	sp|P48307|TFPI2_HUMAN	1.32e-11	49.3	47.17	53
B5L5R6	sp|P48307|TFPI2_HUMAN	1.66e-08	40.8	39.623	53
B5L5R6	sp|P48307|TFPI2_HUMAN	0.13	21.2	31.667	60
B5L5R6	sp|P02760|AMBP_HUMAN	1.34e-11	49.7	44.231	52
B5L5R6	sp|P02760|AMBP_HUMAN	1.8e-11	49.3	38.462	65
B5L5R6	sp|P02760|AMBP_HUMAN	4.8	16.9	42.857	14
B5L5R6	sp|P05067|A4_HUMAN	4.21e-11	48.5	43.75	48
B5L5R6	sp|Q8TEU8|WFKN2_HUMAN	1.49e-10	46.6	43.137	51
B5L5R6	sp|Q8TEU8|WFKN2_HUMAN	1.53e-05	32.7	33.333	51
B5L5R6	sp|Q02388|CO7A1_HUMAN	1.54e-10	47.0	36.765	68
B5L5R6	sp|Q02388|CO7A1_HUMAN	0.42	20.0	45.0	20
B5L5R6	sp|Q02388|CO7A1_HUMAN	6.7	16.5	50.0	12
B5L5R6	sp|Q06481|APLP2_HUMAN	3.66e-10	45.8	34.483	58
B5L5R6	sp|O95925|EPPI_HUMAN	4.72e-10	44.3	36.207	58
B5L5R6	sp|P49223|SPIT3_HUMAN	5.42e-10	43.1	35.185	54
B5L5R6	sp|O43291|SPIT2_HUMAN	2.28e-09	43.1	35.849	53
B5L5R6	sp|O43291|SPIT2_HUMAN	4.97e-09	42.4	38.889	54
B5L5R6	sp|O43278|SPIT1_HUMAN	6.12e-09	42.4	29.577	71
B5L5R6	sp|O43278|SPIT1_HUMAN	5.33e-08	39.7	31.818	66
B5L5R6	sp|O95428|PPN_HUMAN	7.74e-09	42.0	37.5	56
B5L5R6	sp|O95428|PPN_HUMAN	4.9	16.9	71.429	7
B5L5R6	sp|Q96NZ8|WFKN1_HUMAN	8.56e-09	42.0	37.736	53
B5L5R6	sp|Q96NZ8|WFKN1_HUMAN	0.000382	28.5	31.429	35
B5L5R6	sp|Q96NZ8|WFKN1_HUMAN	0.21	20.8	36.364	22
B5L5R6	sp|Q2UY09|COSA1_HUMAN	4e-08	40.0	32.258	62
B5L5R6	sp|Q8IUA0|WFDC8_HUMAN	8.62e-07	36.2	33.962	53
B5L5R6	sp|Q6UDR6|SPIT4_HUMAN	4.65e-06	33.1	30.508	59
B5L5R6	sp|Q9BQY6|WFDC6_HUMAN	0.003	25.8	46.154	26
B5L5R7	sp|P10646|TFPI1_HUMAN	7.55e-17	64.3	43.75	64
B5L5R7	sp|P10646|TFPI1_HUMAN	2.93e-16	62.8	49.057	53
B5L5R7	sp|P10646|TFPI1_HUMAN	2.79e-14	57.0	44.286	70
B5L5R7	sp|P12111|CO6A3_HUMAN	1.65e-16	63.9	44.231	52
B5L5R7	sp|P12111|CO6A3_HUMAN	1.9	18.1	58.333	12
B5L5R7	sp|P12111|CO6A3_HUMAN	9.8	16.2	33.333	27
B5L5R7	sp|Q8TEU8|WFKN2_HUMAN	3.19e-14	57.4	45.098	51
B5L5R7	sp|Q8TEU8|WFKN2_HUMAN	1.75e-07	38.1	30.189	53
B5L5R7	sp|O43291|SPIT2_HUMAN	1.59e-13	54.7	41.509	53
B5L5R7	sp|O43291|SPIT2_HUMAN	6.5e-12	50.4	33.962	53
B5L5R7	sp|O43278|SPIT1_HUMAN	1.62e-13	55.1	38.095	63
B5L5R7	sp|O43278|SPIT1_HUMAN	5.4e-12	50.8	42.857	56
B5L5R7	sp|Q06481|APLP2_HUMAN	2.11e-13	55.1	36.667	60
B5L5R7	sp|P02760|AMBP_HUMAN	4.15e-13	53.9	40.0	65
B5L5R7	sp|P02760|AMBP_HUMAN	6.62e-11	47.8	36.538	52
B5L5R7	sp|P02760|AMBP_HUMAN	9.8	16.2	35.714	14
B5L5R7	sp|Q96NZ8|WFKN1_HUMAN	4.27e-13	53.9	45.098	51
B5L5R7	sp|Q96NZ8|WFKN1_HUMAN	2.07e-07	37.7	32.203	59
B5L5R7	sp|P48307|TFPI2_HUMAN	8.43e-13	52.8	43.396	53
B5L5R7	sp|P48307|TFPI2_HUMAN	1.82e-12	52.0	41.818	55
B5L5R7	sp|P48307|TFPI2_HUMAN	0.000675	27.7	30.0	50
B5L5R7	sp|Q02388|CO7A1_HUMAN	1.93e-12	52.4	38.235	68
B5L5R7	sp|O95925|EPPI_HUMAN	2.42e-12	50.1	41.176	51
B5L5R7	sp|O95428|PPN_HUMAN	4.8e-12	51.2	44.444	54
B5L5R7	sp|O95428|PPN_HUMAN	1.9	18.1	41.176	17
B5L5R7	sp|O95428|PPN_HUMAN	6.8	16.5	33.333	21
B5L5R7	sp|P49223|SPIT3_HUMAN	8.38e-12	47.8	35.185	54
B5L5R7	sp|P05067|A4_HUMAN	1.19e-11	50.1	36.735	49
B5L5R7	sp|Q8IUA0|WFDC8_HUMAN	2.42e-10	45.8	39.216	51
B5L5R7	sp|Q6UDR6|SPIT4_HUMAN	6.11e-10	43.1	37.736	53
B5L5R7	sp|Q2UY09|COSA1_HUMAN	8.61e-10	44.7	32.258	62
B5L5R7	sp|Q9BQY6|WFDC6_HUMAN	4.34e-06	33.5	61.538	26
C1IC51	sp|P12111|CO6A3_HUMAN	1.18e-17	67.0	44.231	52
C1IC51	sp|P12111|CO6A3_HUMAN	0.4	20.0	54.545	11
C1IC51	sp|P12111|CO6A3_HUMAN	5.8	16.9	45.455	11
C1IC51	sp|P10646|TFPI1_HUMAN	2.29e-16	62.8	43.636	55
C1IC51	sp|P10646|TFPI1_HUMAN	2.47e-15	60.1	51.852	54
C1IC51	sp|P10646|TFPI1_HUMAN	1.64e-14	57.8	37.097	62
C1IC51	sp|Q8TEU8|WFKN2_HUMAN	3.31e-15	60.1	46.552	58
C1IC51	sp|Q8TEU8|WFKN2_HUMAN	4.57e-05	31.2	26.415	53
C1IC51	sp|P49223|SPIT3_HUMAN	5.99e-15	55.8	40.741	54
C1IC51	sp|O43278|SPIT1_HUMAN	1.07e-14	58.5	50.0	52
C1IC51	sp|O43278|SPIT1_HUMAN	2.12e-10	46.2	43.478	46
C1IC51	sp|O95925|EPPI_HUMAN	4.17e-14	54.7	41.818	55
C1IC51	sp|P48307|TFPI2_HUMAN	4.38e-14	56.2	39.683	63
C1IC51	sp|P48307|TFPI2_HUMAN	2.09e-13	54.3	44.0	50
C1IC51	sp|P48307|TFPI2_HUMAN	0.000421	28.5	29.31	58
C1IC51	sp|Q06481|APLP2_HUMAN	5.43e-14	56.6	42.308	52
C1IC51	sp|P05067|A4_HUMAN	2.8e-13	54.3	48.936	47
C1IC51	sp|P05067|A4_HUMAN	6.0	16.5	55.556	9
C1IC51	sp|Q02388|CO7A1_HUMAN	3.35e-13	54.3	44.444	54
C1IC51	sp|P02760|AMBP_HUMAN	1.46e-12	52.4	40.984	61
C1IC51	sp|P02760|AMBP_HUMAN	2.52e-09	43.1	41.176	51
C1IC51	sp|O95428|PPN_HUMAN	1.53e-12	52.4	39.344	61
C1IC51	sp|O95428|PPN_HUMAN	7.7	16.5	32.258	31
C1IC51	sp|O43291|SPIT2_HUMAN	1.99e-12	51.6	42.308	52
C1IC51	sp|O43291|SPIT2_HUMAN	2.76e-10	45.8	35.294	51
C1IC51	sp|Q96NZ8|WFKN1_HUMAN	4.05e-12	51.2	43.137	51
C1IC51	sp|Q96NZ8|WFKN1_HUMAN	2.41e-05	32.0	28.302	53
C1IC51	sp|Q2UY09|COSA1_HUMAN	4.84e-12	50.8	36.508	63
C1IC51	sp|Q6UDR6|SPIT4_HUMAN	1.77e-10	44.7	37.736	53
C1IC51	sp|Q8IUA0|WFDC8_HUMAN	1.85e-08	40.8	36.538	52
C1IC51	sp|Q9BQY6|WFDC6_HUMAN	2.31e-05	31.6	53.846	26
C8YJ96	sp|O43291|SPIT2_HUMAN	5.99e-15	58.5	48.077	52
C8YJ96	sp|O43291|SPIT2_HUMAN	2.31e-10	45.8	37.255	51
C8YJ96	sp|Q06481|APLP2_HUMAN	7.04e-15	58.9	46.154	52
C8YJ96	sp|P05067|A4_HUMAN	1.35e-13	55.1	48.889	45
C8YJ96	sp|P12111|CO6A3_HUMAN	1.56e-13	55.1	38.333	60
C8YJ96	sp|P12111|CO6A3_HUMAN	0.47	19.6	46.154	13
C8YJ96	sp|P12111|CO6A3_HUMAN	1.5	18.5	38.462	13
C8YJ96	sp|P12111|CO6A3_HUMAN	2.8	17.7	71.429	7
C8YJ96	sp|O43278|SPIT1_HUMAN	6.91e-13	53.1	37.5	64
C8YJ96	sp|O43278|SPIT1_HUMAN	2.18e-10	45.8	38.983	59
C8YJ96	sp|Q8TEU8|WFKN2_HUMAN	8.78e-13	52.8	43.137	51
C8YJ96	sp|Q8TEU8|WFKN2_HUMAN	0.000179	29.3	27.451	51
C8YJ96	sp|O95428|PPN_HUMAN	7.91e-12	50.1	43.137	51
C8YJ96	sp|P02760|AMBP_HUMAN	1.61e-11	49.3	37.097	62
C8YJ96	sp|P02760|AMBP_HUMAN	1.91e-07	37.7	34.615	52
C8YJ96	sp|P10646|TFPI1_HUMAN	3.79e-11	48.1	48.889	45
C8YJ96	sp|P10646|TFPI1_HUMAN	1.27e-10	46.6	36.508	63
C8YJ96	sp|P10646|TFPI1_HUMAN	1.51e-10	46.2	39.437	71
C8YJ96	sp|Q02388|CO7A1_HUMAN	4.07e-11	48.1	40.678	59
C8YJ96	sp|O95925|EPPI_HUMAN	4.41e-11	46.6	35.484	62
C8YJ96	sp|P48307|TFPI2_HUMAN	9e-11	47.0	46.809	47
C8YJ96	sp|P48307|TFPI2_HUMAN	9.92e-10	43.9	38.462	52
C8YJ96	sp|P48307|TFPI2_HUMAN	0.000119	29.6	41.304	46
C8YJ96	sp|P49223|SPIT3_HUMAN	1.26e-10	44.7	42.308	52
C8YJ96	sp|Q96NZ8|WFKN1_HUMAN	3.53e-09	42.7	36.667	60
C8YJ96	sp|Q96NZ8|WFKN1_HUMAN	0.019	23.5	45.0	20
C8YJ96	sp|Q2UY09|COSA1_HUMAN	4.46e-09	42.4	30.357	56
C8YJ96	sp|Q2UY09|COSA1_HUMAN	3.6	17.3	29.63	27
C8YJ96	sp|Q6UDR6|SPIT4_HUMAN	3.71e-08	38.5	33.929	56
C8YJ96	sp|Q8IUA0|WFDC8_HUMAN	3.93e-05	31.2	31.373	51
C8YJ96	sp|Q9BQY6|WFDC6_HUMAN	0.000398	28.1	32.609	46
C8YJ97	sp|Q06481|APLP2_HUMAN	1.21e-16	63.9	50.0	52
C8YJ97	sp|O43291|SPIT2_HUMAN	5.53e-16	61.2	50.0	52
C8YJ97	sp|O43291|SPIT2_HUMAN	4.94e-12	50.4	45.238	42
C8YJ97	sp|P05067|A4_HUMAN	2.08e-14	57.4	51.163	43
C8YJ97	sp|Q8TEU8|WFKN2_HUMAN	5.52e-14	56.2	45.098	51
C8YJ97	sp|Q8TEU8|WFKN2_HUMAN	2.75e-06	34.3	29.412	51
C8YJ97	sp|O43278|SPIT1_HUMAN	2.89e-13	54.3	37.5	64
C8YJ97	sp|O43278|SPIT1_HUMAN	1.61e-10	46.2	38.983	59
C8YJ97	sp|P12111|CO6A3_HUMAN	2.99e-13	54.3	38.333	60
C8YJ97	sp|P12111|CO6A3_HUMAN	0.98	18.9	71.429	7
C8YJ97	sp|P12111|CO6A3_HUMAN	2.6	17.7	41.667	12
C8YJ97	sp|P12111|CO6A3_HUMAN	2.8	17.7	71.429	7
C8YJ97	sp|O95428|PPN_HUMAN	3.12e-12	51.2	45.098	51
C8YJ97	sp|P10646|TFPI1_HUMAN	3.16e-12	51.2	53.488	43
C8YJ97	sp|P10646|TFPI1_HUMAN	1.94e-11	48.9	40.845	71
C8YJ97	sp|P10646|TFPI1_HUMAN	3.94e-11	48.1	50.0	42
C8YJ97	sp|P49223|SPIT3_HUMAN	1.19e-11	47.0	44.231	52
C8YJ97	sp|O95925|EPPI_HUMAN	1.37e-11	47.8	35.484	62
C8YJ97	sp|P02760|AMBP_HUMAN	1.78e-11	48.9	37.097	62
C8YJ97	sp|P02760|AMBP_HUMAN	2.14e-08	40.4	36.538	52
C8YJ97	sp|Q02388|CO7A1_HUMAN	4.03e-11	48.1	38.983	59
C8YJ97	sp|P48307|TFPI2_HUMAN	1.74e-10	46.2	44.681	47
C8YJ97	sp|P48307|TFPI2_HUMAN	8.12e-10	44.3	38.462	52
C8YJ97	sp|P48307|TFPI2_HUMAN	5.99e-05	30.4	41.304	46
C8YJ97	sp|Q96NZ8|WFKN1_HUMAN	1.52e-09	43.5	36.667	60
C8YJ97	sp|Q96NZ8|WFKN1_HUMAN	0.000362	28.5	33.333	36
C8YJ97	sp|Q96NZ8|WFKN1_HUMAN	4.3	16.9	40.0	10
C8YJ97	sp|Q2UY09|COSA1_HUMAN	4.04e-09	42.4	30.357	56
C8YJ97	sp|Q2UY09|COSA1_HUMAN	1.8	18.1	29.63	27
C8YJ97	sp|Q6UDR6|SPIT4_HUMAN	1.65e-08	39.3	33.929	56
C8YJ97	sp|Q9BQY6|WFDC6_HUMAN	3.15e-06	33.9	38.298	47
C8YJ97	sp|Q8IUA0|WFDC8_HUMAN	5.61e-05	30.8	31.373	51
D2Y2C2	sp|P12111|CO6A3_HUMAN	3.67e-18	68.6	44.0	75
D2Y2C2	sp|Q02388|CO7A1_HUMAN	6.75e-15	59.3	48.214	56
D2Y2C2	sp|O95925|EPPI_HUMAN	3.37e-14	55.1	40.351	57
D2Y2C2	sp|P05067|A4_HUMAN	1.85e-12	52.4	46.0	50
D2Y2C2	sp|P05067|A4_HUMAN	8.3	16.5	50.0	8
D2Y2C2	sp|Q06481|APLP2_HUMAN	5.92e-12	50.8	39.655	58
D2Y2C2	sp|O95428|PPN_HUMAN	1.48e-11	50.1	43.137	51
D2Y2C2	sp|O95428|PPN_HUMAN	1.5	18.5	52.941	17
D2Y2C2	sp|P02760|AMBP_HUMAN	1.99e-11	49.3	41.818	55
D2Y2C2	sp|P02760|AMBP_HUMAN	6.51e-11	48.1	39.623	53
D2Y2C2	sp|O43291|SPIT2_HUMAN	3.95e-11	48.5	35.714	70
D2Y2C2	sp|O43291|SPIT2_HUMAN	4.24e-09	42.7	37.037	54
D2Y2C2	sp|P49223|SPIT3_HUMAN	2.81e-10	43.9	37.736	53
D2Y2C2	sp|Q8TEU8|WFKN2_HUMAN	6.91e-10	45.1	37.5	56
D2Y2C2	sp|Q8TEU8|WFKN2_HUMAN	1.09e-06	36.2	39.216	51
D2Y2C2	sp|Q8TEU8|WFKN2_HUMAN	1.8	18.5	27.273	22
D2Y2C2	sp|P10646|TFPI1_HUMAN	3.58e-09	43.1	35.849	53
D2Y2C2	sp|P10646|TFPI1_HUMAN	1.8e-08	41.2	33.333	54
D2Y2C2	sp|P10646|TFPI1_HUMAN	1.39e-07	38.5	35.849	53
D2Y2C2	sp|Q2UY09|COSA1_HUMAN	7.91e-09	42.0	34.043	47
D2Y2C2	sp|P48307|TFPI2_HUMAN	1.27e-08	41.2	38.71	62
D2Y2C2	sp|P48307|TFPI2_HUMAN	1.92e-06	35.0	39.583	48
D2Y2C2	sp|P48307|TFPI2_HUMAN	2.32e-05	32.3	41.071	56
D2Y2C2	sp|O43278|SPIT1_HUMAN	4.42e-08	40.0	39.623	53
D2Y2C2	sp|O43278|SPIT1_HUMAN	5.99e-08	39.7	36.957	46
D2Y2C2	sp|Q96NZ8|WFKN1_HUMAN	7.52e-08	39.3	35.714	56
D2Y2C2	sp|Q96NZ8|WFKN1_HUMAN	0.017	24.3	25.275	91
D2Y2C2	sp|Q8IUA0|WFDC8_HUMAN	2.23e-07	37.7	38.596	57
D2Y2C2	sp|Q9BQY6|WFDC6_HUMAN	5.2e-07	36.2	50.0	28
D2Y2C2	sp|Q6UDR6|SPIT4_HUMAN	0.000404	28.1	30.357	56
D2Y2F3	sp|P12111|CO6A3_HUMAN	4.25e-18	68.6	44.0	75
D2Y2F3	sp|Q02388|CO7A1_HUMAN	7.81e-15	59.3	48.214	56
D2Y2F3	sp|O95925|EPPI_HUMAN	4.41e-14	54.7	40.351	57
D2Y2F3	sp|P05067|A4_HUMAN	9.18e-12	50.4	44.0	50
D2Y2F3	sp|P05067|A4_HUMAN	8.3	16.5	50.0	8
D2Y2F3	sp|P02760|AMBP_HUMAN	2.81e-11	48.9	41.818	55
D2Y2F3	sp|P02760|AMBP_HUMAN	9.44e-11	47.4	39.623	53
D2Y2F3	sp|Q06481|APLP2_HUMAN	2.94e-11	48.9	37.931	58
D2Y2F3	sp|O95428|PPN_HUMAN	7.08e-11	48.1	41.176	51
D2Y2F3	sp|O95428|PPN_HUMAN	1.5	18.5	52.941	17
D2Y2F3	sp|O43291|SPIT2_HUMAN	1.77e-10	46.6	34.286	70
D2Y2F3	sp|O43291|SPIT2_HUMAN	6.17e-09	42.4	37.037	54
D2Y2F3	sp|P49223|SPIT3_HUMAN	2.44e-10	44.3	37.736	53
D2Y2F3	sp|Q8TEU8|WFKN2_HUMAN	7.77e-10	45.1	37.5	56
D2Y2F3	sp|Q8TEU8|WFKN2_HUMAN	4.68e-06	34.3	37.255	51
D2Y2F3	sp|Q8TEU8|WFKN2_HUMAN	1.7	18.5	27.273	22
D2Y2F3	sp|P10646|TFPI1_HUMAN	4.89e-09	42.7	35.849	53
D2Y2F3	sp|P10646|TFPI1_HUMAN	2.56e-08	40.4	33.333	54
D2Y2F3	sp|P10646|TFPI1_HUMAN	1.85e-07	38.1	35.849	53
D2Y2F3	sp|P48307|TFPI2_HUMAN	1.22e-08	41.6	38.71	62
D2Y2F3	sp|P48307|TFPI2_HUMAN	2.08e-06	35.0	39.583	48
D2Y2F3	sp|P48307|TFPI2_HUMAN	9.58e-05	30.4	39.286	56
D2Y2F3	sp|Q2UY09|COSA1_HUMAN	1.45e-08	41.6	34.043	47
D2Y2F3	sp|O43278|SPIT1_HUMAN	2.85e-08	40.4	39.623	53
D2Y2F3	sp|O43278|SPIT1_HUMAN	8.6e-08	39.3	36.957	46
D2Y2F3	sp|Q96NZ8|WFKN1_HUMAN	9.7e-08	38.9	35.714	56
D2Y2F3	sp|Q96NZ8|WFKN1_HUMAN	0.03	23.5	25.275	91
D2Y2F3	sp|Q8IUA0|WFDC8_HUMAN	2.9e-07	37.7	38.596	57
D2Y2F3	sp|Q9BQY6|WFDC6_HUMAN	8.46e-07	35.8	50.0	28
D2Y2F3	sp|Q6UDR6|SPIT4_HUMAN	0.00014	29.3	32.143	56
D2Y2F4	sp|P12111|CO6A3_HUMAN	5.01e-18	68.2	44.0	75
D2Y2F4	sp|Q02388|CO7A1_HUMAN	9.87e-15	58.9	48.214	56
D2Y2F4	sp|O95925|EPPI_HUMAN	4.96e-14	54.7	40.351	57
D2Y2F4	sp|P05067|A4_HUMAN	2.71e-12	52.0	46.0	50
D2Y2F4	sp|P05067|A4_HUMAN	8.3	16.5	50.0	8
D2Y2F4	sp|Q06481|APLP2_HUMAN	8.66e-12	50.4	39.655	58
D2Y2F4	sp|O95428|PPN_HUMAN	2.17e-11	49.3	43.137	51
D2Y2F4	sp|O95428|PPN_HUMAN	1.5	18.5	52.941	17
D2Y2F4	sp|P02760|AMBP_HUMAN	2.89e-11	48.9	41.818	55
D2Y2F4	sp|P02760|AMBP_HUMAN	9.16e-11	47.4	39.623	53
D2Y2F4	sp|O43291|SPIT2_HUMAN	5.48e-11	48.1	35.714	70
D2Y2F4	sp|O43291|SPIT2_HUMAN	5.99e-09	42.4	37.037	54
D2Y2F4	sp|P49223|SPIT3_HUMAN	3.1e-10	43.9	37.736	53
D2Y2F4	sp|Q8TEU8|WFKN2_HUMAN	9.63e-10	44.7	37.5	56
D2Y2F4	sp|Q8TEU8|WFKN2_HUMAN	1.48e-06	35.8	39.216	51
D2Y2F4	sp|Q8TEU8|WFKN2_HUMAN	2.4	18.1	27.273	22
D2Y2F4	sp|P10646|TFPI1_HUMAN	5.24e-09	42.4	35.849	53
D2Y2F4	sp|P10646|TFPI1_HUMAN	2.48e-08	40.8	33.333	54
D2Y2F4	sp|P10646|TFPI1_HUMAN	1.98e-07	38.1	35.849	53
D2Y2F4	sp|Q2UY09|COSA1_HUMAN	1.16e-08	41.6	34.043	47
D2Y2F4	sp|P48307|TFPI2_HUMAN	1.7e-08	40.8	38.71	62
D2Y2F4	sp|P48307|TFPI2_HUMAN	2.81e-06	34.7	39.583	48
D2Y2F4	sp|P48307|TFPI2_HUMAN	2.87e-05	32.0	41.071	56
D2Y2F4	sp|O43278|SPIT1_HUMAN	6.41e-08	39.7	39.623	53
D2Y2F4	sp|O43278|SPIT1_HUMAN	8.35e-08	39.3	36.957	46
D2Y2F4	sp|Q96NZ8|WFKN1_HUMAN	1.21e-07	38.9	35.714	56
D2Y2F4	sp|Q96NZ8|WFKN1_HUMAN	0.025	23.9	25.275	91
D2Y2F4	sp|Q8IUA0|WFDC8_HUMAN	2.9e-07	37.7	38.596	57
D2Y2F4	sp|Q9BQY6|WFDC6_HUMAN	5.54e-07	36.2	50.0	28
D2Y2F4	sp|Q6UDR6|SPIT4_HUMAN	0.000573	27.7	32.558	43
D2Y2F5	sp|P12111|CO6A3_HUMAN	2.82e-18	68.9	44.0	75
D2Y2F5	sp|P12111|CO6A3_HUMAN	2.5	18.1	32.0	25
D2Y2F5	sp|P12111|CO6A3_HUMAN	8.0	16.5	35.0	20
D2Y2F5	sp|Q02388|CO7A1_HUMAN	8.78e-15	58.9	48.214	56
D2Y2F5	sp|Q02388|CO7A1_HUMAN	7.3	16.5	41.176	17
D2Y2F5	sp|O95925|EPPI_HUMAN	3.19e-13	52.8	38.596	57
D2Y2F5	sp|P05067|A4_HUMAN	1.07e-12	53.1	46.0	50
D2Y2F5	sp|P05067|A4_HUMAN	8.3	16.5	50.0	8
D2Y2F5	sp|Q06481|APLP2_HUMAN	4.63e-12	51.2	39.655	58
D2Y2F5	sp|O95428|PPN_HUMAN	7.27e-12	50.8	43.137	51
D2Y2F5	sp|O95428|PPN_HUMAN	1.8	18.5	52.941	17
D2Y2F5	sp|O43291|SPIT2_HUMAN	4.23e-11	48.5	35.714	70
D2Y2F5	sp|O43291|SPIT2_HUMAN	2.59e-09	43.5	37.037	54
D2Y2F5	sp|P02760|AMBP_HUMAN	5.3e-11	48.1	41.818	55
D2Y2F5	sp|P02760|AMBP_HUMAN	2.63e-10	46.2	39.623	53
D2Y2F5	sp|P49223|SPIT3_HUMAN	2.06e-10	44.3	37.736	53
D2Y2F5	sp|Q8TEU8|WFKN2_HUMAN	6.84e-10	45.1	37.5	56
D2Y2F5	sp|Q8TEU8|WFKN2_HUMAN	1.66e-06	35.4	37.255	51
D2Y2F5	sp|Q8TEU8|WFKN2_HUMAN	8.9	16.2	25.0	16
D2Y2F5	sp|P10646|TFPI1_HUMAN	3.79e-09	43.1	35.849	53
D2Y2F5	sp|P10646|TFPI1_HUMAN	1.05e-08	41.6	33.333	54
D2Y2F5	sp|P10646|TFPI1_HUMAN	1.3e-07	38.5	35.849	53
D2Y2F5	sp|Q2UY09|COSA1_HUMAN	5.4e-09	42.7	34.043	47
D2Y2F5	sp|P48307|TFPI2_HUMAN	8.52e-09	42.0	38.71	62
D2Y2F5	sp|P48307|TFPI2_HUMAN	2.91e-07	37.4	41.667	48
D2Y2F5	sp|P48307|TFPI2_HUMAN	8.03e-05	30.8	39.286	56
D2Y2F5	sp|O43278|SPIT1_HUMAN	2.9e-08	40.4	39.623	53
D2Y2F5	sp|O43278|SPIT1_HUMAN	4.01e-08	40.0	36.957	46
D2Y2F5	sp|Q96NZ8|WFKN1_HUMAN	1.07e-07	38.9	35.714	56
D2Y2F5	sp|Q96NZ8|WFKN1_HUMAN	0.005	25.8	29.787	47
D2Y2F5	sp|Q8IUA0|WFDC8_HUMAN	3.17e-07	37.4	38.596	57
D2Y2F5	sp|Q9BQY6|WFDC6_HUMAN	5.65e-07	36.2	50.0	28
D2Y2F5	sp|Q6UDR6|SPIT4_HUMAN	0.000421	28.1	30.357	56
D2Y2F6	sp|P12111|CO6A3_HUMAN	4.5e-18	68.6	44.0	75
D2Y2F6	sp|Q02388|CO7A1_HUMAN	3.15e-15	60.5	48.214	56
D2Y2F6	sp|O95925|EPPI_HUMAN	9.83e-15	56.6	42.105	57
D2Y2F6	sp|P05067|A4_HUMAN	7.55e-12	50.8	44.0	50
D2Y2F6	sp|P05067|A4_HUMAN	8.3	16.5	50.0	8
D2Y2F6	sp|Q06481|APLP2_HUMAN	2.41e-11	49.3	37.931	58
D2Y2F6	sp|O95428|PPN_HUMAN	5.28e-11	48.5	41.176	51
D2Y2F6	sp|O95428|PPN_HUMAN	1.4	18.9	52.941	17
D2Y2F6	sp|P49223|SPIT3_HUMAN	6.77e-11	45.8	39.623	53
D2Y2F6	sp|P02760|AMBP_HUMAN	6.97e-11	47.8	40.0	55
D2Y2F6	sp|P02760|AMBP_HUMAN	2.27e-10	46.6	37.736	53
D2Y2F6	sp|O43291|SPIT2_HUMAN	1.44e-10	47.0	34.286	70
D2Y2F6	sp|O43291|SPIT2_HUMAN	1.26e-09	44.3	38.889	54
D2Y2F6	sp|Q8TEU8|WFKN2_HUMAN	2.73e-10	46.2	37.5	56
D2Y2F6	sp|Q8TEU8|WFKN2_HUMAN	8.21e-07	36.6	39.216	51
D2Y2F6	sp|Q8TEU8|WFKN2_HUMAN	1.8	18.5	27.273	22
D2Y2F6	sp|P10646|TFPI1_HUMAN	3.15e-09	43.1	35.849	53
D2Y2F6	sp|P10646|TFPI1_HUMAN	5.19e-09	42.7	35.185	54
D2Y2F6	sp|P10646|TFPI1_HUMAN	1.21e-07	38.5	35.849	53
D2Y2F6	sp|P48307|TFPI2_HUMAN	1.16e-08	41.6	38.71	62
D2Y2F6	sp|P48307|TFPI2_HUMAN	8.75e-07	36.2	39.583	48
D2Y2F6	sp|P48307|TFPI2_HUMAN	7.5e-05	30.8	39.286	56
D2Y2F6	sp|O43278|SPIT1_HUMAN	2.17e-08	40.8	37.736	53
D2Y2F6	sp|O43278|SPIT1_HUMAN	1.13e-07	38.9	34.783	46
D2Y2F6	sp|Q2UY09|COSA1_HUMAN	3.23e-08	40.4	31.915	47
D2Y2F6	sp|Q96NZ8|WFKN1_HUMAN	1.29e-07	38.5	35.714	56
D2Y2F6	sp|Q96NZ8|WFKN1_HUMAN	0.012	24.6	30.769	39
D2Y2F6	sp|Q8IUA0|WFDC8_HUMAN	8.31e-07	36.2	36.842	57
D2Y2F6	sp|Q9BQY6|WFDC6_HUMAN	2.1e-06	34.7	46.429	28
D2Y2F6	sp|Q6UDR6|SPIT4_HUMAN	0.000147	29.3	32.609	46
D2Y2F7	sp|P12111|CO6A3_HUMAN	6.64e-17	65.1	50.943	53
D2Y2F7	sp|Q02388|CO7A1_HUMAN	2.59e-14	57.8	48.148	54
D2Y2F7	sp|O95925|EPPI_HUMAN	8.02e-14	54.3	40.351	57
D2Y2F7	sp|P05067|A4_HUMAN	1.24e-12	52.8	46.0	50
D2Y2F7	sp|Q06481|APLP2_HUMAN	3.49e-12	51.6	39.655	58
D2Y2F7	sp|P02760|AMBP_HUMAN	1.06e-11	50.1	41.818	55
D2Y2F7	sp|P02760|AMBP_HUMAN	1.91e-10	46.6	39.216	51
D2Y2F7	sp|O95428|PPN_HUMAN	1.5e-11	50.1	43.137	51
D2Y2F7	sp|O95428|PPN_HUMAN	6.5	16.9	47.059	17
D2Y2F7	sp|O95428|PPN_HUMAN	8.3	16.5	34.783	23
D2Y2F7	sp|O43291|SPIT2_HUMAN	1.1e-10	47.4	43.137	51
D2Y2F7	sp|O43291|SPIT2_HUMAN	2.7e-08	40.4	40.0	45
D2Y2F7	sp|Q8TEU8|WFKN2_HUMAN	4.12e-10	45.8	37.5	56
D2Y2F7	sp|Q8TEU8|WFKN2_HUMAN	9.41e-07	36.2	39.216	51
D2Y2F7	sp|Q8TEU8|WFKN2_HUMAN	1.8	18.5	27.273	22
D2Y2F7	sp|P49223|SPIT3_HUMAN	6.86e-10	43.1	37.736	53
D2Y2F7	sp|P10646|TFPI1_HUMAN	3.98e-09	42.7	35.849	53
D2Y2F7	sp|P10646|TFPI1_HUMAN	3.78e-08	40.0	33.333	54
D2Y2F7	sp|P10646|TFPI1_HUMAN	7.7e-07	36.6	35.294	51
D2Y2F7	sp|Q2UY09|COSA1_HUMAN	5.84e-09	42.4	34.043	47
D2Y2F7	sp|O43278|SPIT1_HUMAN	2.32e-08	40.8	33.898	59
D2Y2F7	sp|O43278|SPIT1_HUMAN	1.49e-07	38.5	34.783	69
D2Y2F7	sp|P48307|TFPI2_HUMAN	3.57e-08	40.0	38.71	62
D2Y2F7	sp|P48307|TFPI2_HUMAN	8.61e-06	33.5	36.735	49
D2Y2F7	sp|P48307|TFPI2_HUMAN	4.33e-05	31.6	41.071	56
D2Y2F7	sp|Q9BQY6|WFDC6_HUMAN	1.66e-07	37.7	53.571	28
D2Y2F7	sp|Q8IUA0|WFDC8_HUMAN	4.43e-07	37.0	41.176	51
D2Y2F7	sp|Q96NZ8|WFKN1_HUMAN	5.92e-07	37.0	35.294	51
D2Y2F7	sp|Q96NZ8|WFKN1_HUMAN	0.015	24.3	31.579	38
D2Y2F7	sp|Q6UDR6|SPIT4_HUMAN	0.002	26.2	29.63	54
D2Y2F8	sp|P12111|CO6A3_HUMAN	1.18e-17	67.4	42.667	75
D2Y2F8	sp|Q02388|CO7A1_HUMAN	8.36e-15	59.3	48.214	56
D2Y2F8	sp|O95925|EPPI_HUMAN	1.48e-13	53.5	38.596	57
D2Y2F8	sp|P05067|A4_HUMAN	1.91e-12	52.4	46.0	50
D2Y2F8	sp|P05067|A4_HUMAN	8.3	16.5	50.0	8
D2Y2F8	sp|Q06481|APLP2_HUMAN	6.09e-12	50.8	39.655	58
D2Y2F8	sp|O95428|PPN_HUMAN	1.63e-11	49.7	43.137	51
D2Y2F8	sp|P02760|AMBP_HUMAN	1.83e-11	49.7	41.818	55
D2Y2F8	sp|P02760|AMBP_HUMAN	2.45e-11	49.3	41.509	53
D2Y2F8	sp|O43291|SPIT2_HUMAN	4.67e-11	48.1	35.714	70
D2Y2F8	sp|O43291|SPIT2_HUMAN	4.5e-09	42.7	37.037	54
D2Y2F8	sp|P49223|SPIT3_HUMAN	1.17e-09	42.4	35.849	53
D2Y2F8	sp|Q8TEU8|WFKN2_HUMAN	3.47e-09	43.1	35.714	56
D2Y2F8	sp|Q8TEU8|WFKN2_HUMAN	3.94e-07	37.4	41.176	51
D2Y2F8	sp|Q8TEU8|WFKN2_HUMAN	0.5	20.0	31.818	22
D2Y2F8	sp|O43278|SPIT1_HUMAN	5.9e-09	42.4	39.623	53
D2Y2F8	sp|O43278|SPIT1_HUMAN	2.88e-08	40.4	36.957	46
D2Y2F8	sp|P10646|TFPI1_HUMAN	7.45e-09	42.0	33.962	53
D2Y2F8	sp|P10646|TFPI1_HUMAN	1.76e-08	41.2	33.333	54
D2Y2F8	sp|P10646|TFPI1_HUMAN	6.15e-07	36.6	33.962	53
D2Y2F8	sp|Q2UY09|COSA1_HUMAN	8.64e-09	42.0	34.043	47
D2Y2F8	sp|P48307|TFPI2_HUMAN	1.75e-08	40.8	37.097	62
D2Y2F8	sp|P48307|TFPI2_HUMAN	7.65e-06	33.5	37.5	48
D2Y2F8	sp|P48307|TFPI2_HUMAN	9.58e-05	30.4	39.286	56
D2Y2F8	sp|Q96NZ8|WFKN1_HUMAN	9.42e-08	38.9	35.714	56
D2Y2F8	sp|Q96NZ8|WFKN1_HUMAN	0.013	24.6	25.556	90
D2Y2F8	sp|Q96NZ8|WFKN1_HUMAN	2.0	18.1	26.087	23
D2Y2F8	sp|Q8IUA0|WFDC8_HUMAN	2.53e-07	37.7	38.596	57
D2Y2F8	sp|Q9BQY6|WFDC6_HUMAN	4.94e-07	36.2	50.0	28
D2Y2F8	sp|Q6UDR6|SPIT4_HUMAN	0.000425	28.1	32.558	43
D2Y2F9	sp|P12111|CO6A3_HUMAN	4.12e-17	65.9	42.667	75
D2Y2F9	sp|O95925|EPPI_HUMAN	8.65e-14	53.9	40.351	57
D2Y2F9	sp|Q02388|CO7A1_HUMAN	1.29e-13	55.8	46.429	56
D2Y2F9	sp|P05067|A4_HUMAN	4.55e-12	51.2	47.917	48
D2Y2F9	sp|P05067|A4_HUMAN	8.3	16.5	50.0	8
D2Y2F9	sp|Q06481|APLP2_HUMAN	5.16e-12	51.2	39.655	58
D2Y2F9	sp|O95428|PPN_HUMAN	9.74e-12	50.4	43.137	51
D2Y2F9	sp|O95428|PPN_HUMAN	1.6	18.5	52.941	17
D2Y2F9	sp|P02760|AMBP_HUMAN	2.4e-11	49.3	41.818	55
D2Y2F9	sp|P02760|AMBP_HUMAN	7.76e-11	47.8	39.623	53
D2Y2F9	sp|O43291|SPIT2_HUMAN	3.36e-11	48.5	35.714	70
D2Y2F9	sp|O43291|SPIT2_HUMAN	4.08e-09	42.7	37.037	54
D2Y2F9	sp|Q8TEU8|WFKN2_HUMAN	8.32e-10	45.1	37.5	56
D2Y2F9	sp|Q8TEU8|WFKN2_HUMAN	8.43e-06	33.5	37.255	51
D2Y2F9	sp|Q8TEU8|WFKN2_HUMAN	1.8	18.5	27.273	22
D2Y2F9	sp|P49223|SPIT3_HUMAN	1.25e-09	42.4	37.736	53
D2Y2F9	sp|Q2UY09|COSA1_HUMAN	7.91e-09	42.0	34.043	47
D2Y2F9	sp|P10646|TFPI1_HUMAN	3.82e-08	40.0	33.962	53
D2Y2F9	sp|P10646|TFPI1_HUMAN	1.92e-07	38.1	31.481	54
D2Y2F9	sp|P10646|TFPI1_HUMAN	1.5e-06	35.4	33.962	53
D2Y2F9	sp|O43278|SPIT1_HUMAN	5.65e-08	39.7	39.623	53
D2Y2F9	sp|O43278|SPIT1_HUMAN	3.99e-07	37.4	35.556	45
D2Y2F9	sp|Q96NZ8|WFKN1_HUMAN	9.14e-08	39.3	35.714	56
D2Y2F9	sp|Q96NZ8|WFKN1_HUMAN	0.017	24.3	25.275	91
D2Y2F9	sp|P48307|TFPI2_HUMAN	1.05e-07	38.9	37.097	62
D2Y2F9	sp|P48307|TFPI2_HUMAN	1.55e-05	32.7	37.5	48
D2Y2F9	sp|P48307|TFPI2_HUMAN	1.98e-05	32.3	41.071	56
D2Y2F9	sp|Q8IUA0|WFDC8_HUMAN	2.12e-07	38.1	38.596	57
D2Y2F9	sp|Q9BQY6|WFDC6_HUMAN	5.71e-07	36.2	50.0	28
D2Y2F9	sp|Q6UDR6|SPIT4_HUMAN	0.000669	27.3	30.357	56
D2Y2G0	sp|P12111|CO6A3_HUMAN	3.28e-16	63.2	42.667	75
D2Y2G0	sp|P12111|CO6A3_HUMAN	9.9	16.2	31.579	19
D2Y2G0	sp|Q02388|CO7A1_HUMAN	1.72e-13	55.5	50.877	57
D2Y2G0	sp|O95925|EPPI_HUMAN	1.35e-12	50.8	38.596	57
D2Y2G0	sp|P05067|A4_HUMAN	1.67e-10	47.0	44.0	50
D2Y2G0	sp|P05067|A4_HUMAN	8.3	16.5	50.0	8
D2Y2G0	sp|P02760|AMBP_HUMAN	2.32e-10	46.6	39.623	53
D2Y2G0	sp|P02760|AMBP_HUMAN	1.59e-09	43.9	40.0	55
D2Y2G0	sp|Q06481|APLP2_HUMAN	5.34e-10	45.4	37.931	58
D2Y2G0	sp|O95428|PPN_HUMAN	1.02e-09	44.7	41.176	51
D2Y2G0	sp|O95428|PPN_HUMAN	1.4	18.9	52.941	17
D2Y2G0	sp|O43291|SPIT2_HUMAN	3.16e-09	43.1	34.286	70
D2Y2G0	sp|O43291|SPIT2_HUMAN	1.8e-07	38.1	35.185	54
D2Y2G0	sp|P10646|TFPI1_HUMAN	1.46e-08	41.2	35.849	53
D2Y2G0	sp|P10646|TFPI1_HUMAN	1.83e-08	40.8	36.364	55
D2Y2G0	sp|P10646|TFPI1_HUMAN	5.86e-07	36.6	35.849	53
D2Y2G0	sp|P48307|TFPI2_HUMAN	1.77e-08	40.8	37.879	66
D2Y2G0	sp|P48307|TFPI2_HUMAN	9.04e-06	33.5	39.583	48
D2Y2G0	sp|P48307|TFPI2_HUMAN	5.12e-05	31.2	39.286	56
D2Y2G0	sp|P49223|SPIT3_HUMAN	2.08e-08	39.3	35.849	53
D2Y2G0	sp|Q8TEU8|WFKN2_HUMAN	3.66e-08	40.0	35.714	56
D2Y2G0	sp|Q8TEU8|WFKN2_HUMAN	6.45e-05	31.2	37.255	51
D2Y2G0	sp|Q8TEU8|WFKN2_HUMAN	2.6	18.1	27.273	22
D2Y2G0	sp|Q96NZ8|WFKN1_HUMAN	3.23e-07	37.7	38.596	57
D2Y2G0	sp|Q96NZ8|WFKN1_HUMAN	0.48	20.0	35.714	28
D2Y2G0	sp|O43278|SPIT1_HUMAN	4.91e-07	37.0	37.736	53
D2Y2G0	sp|O43278|SPIT1_HUMAN	2.44e-06	35.0	34.783	46
D2Y2G0	sp|Q9BQY6|WFDC6_HUMAN	4.94e-07	36.2	50.0	28
D2Y2G0	sp|Q2UY09|COSA1_HUMAN	7.19e-07	36.6	31.915	47
D2Y2G0	sp|Q8IUA0|WFDC8_HUMAN	1.54e-05	32.7	36.842	57
D2Y2G0	sp|Q6UDR6|SPIT4_HUMAN	0.001	26.9	35.088	57
D2Y2G1	sp|P12111|CO6A3_HUMAN	7.91e-17	65.1	41.096	73
D2Y2G1	sp|P12111|CO6A3_HUMAN	6.8	16.5	42.857	14
D2Y2G1	sp|Q02388|CO7A1_HUMAN	2.67e-16	63.5	51.786	56
D2Y2G1	sp|O43291|SPIT2_HUMAN	9.53e-14	55.5	42.857	63
D2Y2G1	sp|O43291|SPIT2_HUMAN	1.44e-12	52.4	52.273	44
D2Y2G1	sp|P05067|A4_HUMAN	1.54e-13	55.5	48.0	50
D2Y2G1	sp|P10646|TFPI1_HUMAN	7.51e-13	53.5	40.741	54
D2Y2G1	sp|P10646|TFPI1_HUMAN	9.94e-12	50.1	43.396	53
D2Y2G1	sp|P10646|TFPI1_HUMAN	7.52e-09	42.0	39.623	53
D2Y2G1	sp|Q8TEU8|WFKN2_HUMAN	8.17e-13	53.5	44.643	56
D2Y2G1	sp|Q8TEU8|WFKN2_HUMAN	1.8e-06	35.4	35.294	51
D2Y2G1	sp|Q8TEU8|WFKN2_HUMAN	2.5	18.1	26.923	26
D2Y2G1	sp|Q8TEU8|WFKN2_HUMAN	9.4	16.2	44.444	9
D2Y2G1	sp|Q06481|APLP2_HUMAN	1.31e-12	52.8	43.137	51
D2Y2G1	sp|P02760|AMBP_HUMAN	4.01e-12	51.2	43.396	53
D2Y2G1	sp|P02760|AMBP_HUMAN	5.1e-11	48.1	40.0	55
D2Y2G1	sp|O95428|PPN_HUMAN	6.72e-12	50.8	45.098	51
D2Y2G1	sp|O95428|PPN_HUMAN	7.7	16.5	47.059	17
D2Y2G1	sp|O95925|EPPI_HUMAN	1.08e-11	48.5	38.596	57
D2Y2G1	sp|P49223|SPIT3_HUMAN	1.19e-11	47.8	41.509	53
D2Y2G1	sp|O43278|SPIT1_HUMAN	7.33e-11	47.8	45.652	46
D2Y2G1	sp|O43278|SPIT1_HUMAN	7.47e-11	47.8	40.0	65
D2Y2G1	sp|P48307|TFPI2_HUMAN	2.44e-09	43.5	46.809	47
D2Y2G1	sp|P48307|TFPI2_HUMAN	8.52e-09	42.0	43.396	53
D2Y2G1	sp|P48307|TFPI2_HUMAN	2.21e-07	37.7	39.474	76
D2Y2G1	sp|Q96NZ8|WFKN1_HUMAN	6.09e-09	42.4	37.736	53
D2Y2G1	sp|Q96NZ8|WFKN1_HUMAN	0.11	21.9	34.483	29
D2Y2G1	sp|Q2UY09|COSA1_HUMAN	1.95e-08	41.2	34.043	47
D2Y2G1	sp|Q8IUA0|WFDC8_HUMAN	6.14e-08	39.3	38.596	57
D2Y2G1	sp|Q9BQY6|WFDC6_HUMAN	6.88e-07	35.8	50.0	28
D2Y2G1	sp|Q6UDR6|SPIT4_HUMAN	1.9e-05	31.6	33.929	56
D2Y2G2	sp|P12111|CO6A3_HUMAN	7.83e-17	65.1	42.667	75
D2Y2G2	sp|Q02388|CO7A1_HUMAN	1.45e-13	55.5	46.429	56
D2Y2G2	sp|O95925|EPPI_HUMAN	4.03e-13	52.4	39.655	58
D2Y2G2	sp|P02760|AMBP_HUMAN	1.53e-11	49.7	41.818	55
D2Y2G2	sp|P02760|AMBP_HUMAN	4.51e-10	45.4	39.623	53
D2Y2G2	sp|P05067|A4_HUMAN	3.97e-11	48.5	44.0	50
D2Y2G2	sp|P05067|A4_HUMAN	8.3	16.5	50.0	8
D2Y2G2	sp|Q06481|APLP2_HUMAN	1.27e-10	47.4	37.931	58
D2Y2G2	sp|O95428|PPN_HUMAN	4.67e-10	45.8	41.176	51
D2Y2G2	sp|O95428|PPN_HUMAN	1.8	18.5	52.941	17
D2Y2G2	sp|Q8TEU8|WFKN2_HUMAN	8.4e-10	45.1	37.5	56
D2Y2G2	sp|Q8TEU8|WFKN2_HUMAN	9.2e-06	33.5	39.216	51
D2Y2G2	sp|O43291|SPIT2_HUMAN	1.16e-09	44.3	34.286	70
D2Y2G2	sp|O43291|SPIT2_HUMAN	2.81e-08	40.4	37.037	54
D2Y2G2	sp|P49223|SPIT3_HUMAN	2.83e-09	41.6	37.736	53
D2Y2G2	sp|P10646|TFPI1_HUMAN	3.11e-08	40.4	35.849	53
D2Y2G2	sp|P10646|TFPI1_HUMAN	4.77e-07	37.0	31.481	54
D2Y2G2	sp|P10646|TFPI1_HUMAN	1.17e-06	35.8	35.849	53
D2Y2G2	sp|Q96NZ8|WFKN1_HUMAN	9.7e-08	38.9	35.714	56
D2Y2G2	sp|Q96NZ8|WFKN1_HUMAN	0.14	21.6	25.275	91
D2Y2G2	sp|Q2UY09|COSA1_HUMAN	1.71e-07	38.5	31.915	47
D2Y2G2	sp|P48307|TFPI2_HUMAN	2.72e-07	37.7	37.097	62
D2Y2G2	sp|P48307|TFPI2_HUMAN	4.83e-05	31.2	37.5	48
D2Y2G2	sp|P48307|TFPI2_HUMAN	0.000216	29.3	41.071	56
D2Y2G2	sp|Q9BQY6|WFDC6_HUMAN	5.89e-07	36.2	50.0	28
D2Y2G2	sp|O43278|SPIT1_HUMAN	9.83e-07	36.2	37.736	53
D2Y2G2	sp|O43278|SPIT1_HUMAN	1.41e-06	35.8	34.783	46
D2Y2G2	sp|Q8IUA0|WFDC8_HUMAN	2.4e-06	35.0	38.596	57
D2Y2G2	sp|Q6UDR6|SPIT4_HUMAN	0.003	25.8	32.558	43
D2Y2Q1	sp|P12111|CO6A3_HUMAN	5.36e-17	65.5	41.096	73
D2Y2Q1	sp|P12111|CO6A3_HUMAN	6.8	16.5	42.857	14
D2Y2Q1	sp|Q02388|CO7A1_HUMAN	2.38e-16	63.5	51.786	56
D2Y2Q1	sp|O43291|SPIT2_HUMAN	2.73e-13	54.3	42.857	63
D2Y2Q1	sp|O43291|SPIT2_HUMAN	1.1e-11	50.1	50.0	44
D2Y2Q1	sp|Q8TEU8|WFKN2_HUMAN	5.92e-13	53.9	44.643	56
D2Y2Q1	sp|Q8TEU8|WFKN2_HUMAN	1.3e-05	33.1	33.333	51
D2Y2Q1	sp|Q8TEU8|WFKN2_HUMAN	2.5	18.1	26.923	26
D2Y2Q1	sp|Q8TEU8|WFKN2_HUMAN	9.5	16.2	44.444	9
D2Y2Q1	sp|P05067|A4_HUMAN	1.2e-12	53.1	46.0	50
D2Y2Q1	sp|P10646|TFPI1_HUMAN	2.48e-12	52.0	40.741	54
D2Y2Q1	sp|P10646|TFPI1_HUMAN	9.19e-12	50.4	43.396	53
D2Y2Q1	sp|P10646|TFPI1_HUMAN	6.5e-09	42.4	39.623	53
D2Y2Q1	sp|P49223|SPIT3_HUMAN	7.25e-12	48.1	41.509	53
D2Y2Q1	sp|Q06481|APLP2_HUMAN	1.03e-11	50.4	41.176	51
D2Y2Q1	sp|P02760|AMBP_HUMAN	1.35e-11	50.1	43.396	53
D2Y2Q1	sp|P02760|AMBP_HUMAN	5.35e-11	48.1	40.0	55
D2Y2Q1	sp|O95925|EPPI_HUMAN	3.27e-11	47.4	38.596	57
D2Y2Q1	sp|O95428|PPN_HUMAN	5.54e-11	48.1	43.137	51
D2Y2Q1	sp|O95428|PPN_HUMAN	8.0	16.5	47.059	17
D2Y2Q1	sp|O43278|SPIT1_HUMAN	1.75e-10	47.0	40.0	65
D2Y2Q1	sp|O43278|SPIT1_HUMAN	2.66e-10	46.2	45.652	46
D2Y2Q1	sp|P48307|TFPI2_HUMAN	2.75e-09	43.1	46.809	47
D2Y2Q1	sp|P48307|TFPI2_HUMAN	4.61e-09	42.7	43.396	53
D2Y2Q1	sp|P48307|TFPI2_HUMAN	1.66e-06	35.4	38.158	76
D2Y2Q1	sp|Q96NZ8|WFKN1_HUMAN	4.5e-09	42.7	37.736	53
D2Y2Q1	sp|Q96NZ8|WFKN1_HUMAN	0.12	21.6	34.483	29
D2Y2Q1	sp|Q2UY09|COSA1_HUMAN	2.12e-08	40.8	34.043	47
D2Y2Q1	sp|Q8IUA0|WFDC8_HUMAN	5.96e-08	39.7	38.596	57
D2Y2Q1	sp|Q9BQY6|WFDC6_HUMAN	2.14e-06	34.7	50.0	28
D2Y2Q1	sp|Q6UDR6|SPIT4_HUMAN	2.27e-05	31.6	37.209	43
D2Y2Q2	sp|P12111|CO6A3_HUMAN	2.04e-17	66.6	42.466	73
D2Y2Q2	sp|Q02388|CO7A1_HUMAN	2.89e-16	63.2	51.786	56
D2Y2Q2	sp|P05067|A4_HUMAN	3.96e-14	57.0	50.0	50
D2Y2Q2	sp|O43291|SPIT2_HUMAN	1.03e-13	55.5	42.857	63
D2Y2Q2	sp|O43291|SPIT2_HUMAN	2.52e-12	51.6	52.273	44
D2Y2Q2	sp|P10646|TFPI1_HUMAN	8.13e-13	53.1	40.741	54
D2Y2Q2	sp|P10646|TFPI1_HUMAN	9.94e-12	50.1	43.396	53
D2Y2Q2	sp|P10646|TFPI1_HUMAN	7.38e-09	42.0	39.623	53
D2Y2Q2	sp|Q8TEU8|WFKN2_HUMAN	8.58e-13	53.5	44.643	56
D2Y2Q2	sp|Q8TEU8|WFKN2_HUMAN	1.96e-06	35.4	35.294	51
D2Y2Q2	sp|Q8TEU8|WFKN2_HUMAN	2.5	18.1	26.923	26
D2Y2Q2	sp|Q8TEU8|WFKN2_HUMAN	9.4	16.2	44.444	9
D2Y2Q2	sp|Q06481|APLP2_HUMAN	1.38e-12	52.8	43.137	51
D2Y2Q2	sp|P02760|AMBP_HUMAN	3.71e-12	51.6	43.396	53
D2Y2Q2	sp|P02760|AMBP_HUMAN	4.9e-11	48.1	40.0	55
D2Y2Q2	sp|O43278|SPIT1_HUMAN	7.24e-12	50.8	47.826	46
D2Y2Q2	sp|O43278|SPIT1_HUMAN	8.46e-12	50.4	43.396	53
D2Y2Q2	sp|O95925|EPPI_HUMAN	1.08e-11	48.5	38.596	57
D2Y2Q2	sp|P49223|SPIT3_HUMAN	1.12e-11	47.8	41.509	53
D2Y2Q2	sp|O95428|PPN_HUMAN	1.23e-11	50.1	45.098	51
D2Y2Q2	sp|O95428|PPN_HUMAN	8.3	16.5	47.059	17
D2Y2Q2	sp|P48307|TFPI2_HUMAN	2.78e-09	43.1	46.809	47
D2Y2Q2	sp|P48307|TFPI2_HUMAN	9.69e-09	41.6	43.396	53
D2Y2Q2	sp|P48307|TFPI2_HUMAN	2.19e-07	37.7	39.474	76
D2Y2Q2	sp|Q2UY09|COSA1_HUMAN	5e-09	42.7	36.17	47
D2Y2Q2	sp|Q96NZ8|WFKN1_HUMAN	6.72e-09	42.4	37.736	53
D2Y2Q2	sp|Q96NZ8|WFKN1_HUMAN	0.13	21.6	34.483	29
D2Y2Q2	sp|Q8IUA0|WFDC8_HUMAN	2.58e-07	37.7	36.842	57
D2Y2Q2	sp|Q9BQY6|WFDC6_HUMAN	6.6e-07	35.8	50.0	28
D2Y2Q2	sp|Q6UDR6|SPIT4_HUMAN	1.84e-05	31.6	33.929	56
D2Y2Q5	sp|P12111|CO6A3_HUMAN	9.24e-17	64.7	41.096	73
D2Y2Q5	sp|P12111|CO6A3_HUMAN	6.8	16.5	42.857	14
D2Y2Q5	sp|Q02388|CO7A1_HUMAN	4.57e-16	62.8	51.786	56
D2Y2Q5	sp|P05067|A4_HUMAN	1.55e-13	55.5	48.0	50
D2Y2Q5	sp|Q8TEU8|WFKN2_HUMAN	7.56e-13	53.5	44.643	56
D2Y2Q5	sp|Q8TEU8|WFKN2_HUMAN	1.49e-06	35.8	35.294	51
D2Y2Q5	sp|O43291|SPIT2_HUMAN	9.42e-13	52.8	41.27	63
D2Y2Q5	sp|O43291|SPIT2_HUMAN	1.05e-12	52.8	52.273	44
D2Y2Q5	sp|P10646|TFPI1_HUMAN	1.24e-12	52.8	40.741	54
D2Y2Q5	sp|P10646|TFPI1_HUMAN	1.02e-11	50.1	43.396	53
D2Y2Q5	sp|P10646|TFPI1_HUMAN	9.8e-09	41.6	39.623	53
D2Y2Q5	sp|Q06481|APLP2_HUMAN	1.33e-12	52.8	43.137	51
D2Y2Q5	sp|P02760|AMBP_HUMAN	4.73e-12	51.2	43.396	53
D2Y2Q5	sp|P02760|AMBP_HUMAN	5.79e-11	48.1	40.0	55
D2Y2Q5	sp|O95428|PPN_HUMAN	6.4e-12	50.8	45.098	51
D2Y2Q5	sp|O95428|PPN_HUMAN	7.9	16.5	47.059	17
D2Y2Q5	sp|O95925|EPPI_HUMAN	1.1e-11	48.5	38.596	57
D2Y2Q5	sp|P49223|SPIT3_HUMAN	1.27e-11	47.4	41.509	53
D2Y2Q5	sp|O43278|SPIT1_HUMAN	1.17e-10	47.4	45.652	46
D2Y2Q5	sp|O43278|SPIT1_HUMAN	8.51e-10	44.7	38.462	65
D2Y2Q5	sp|P48307|TFPI2_HUMAN	3.32e-09	43.1	46.809	47
D2Y2Q5	sp|P48307|TFPI2_HUMAN	6.92e-09	42.0	43.396	53
D2Y2Q5	sp|P48307|TFPI2_HUMAN	4.53e-07	37.0	39.474	76
D2Y2Q5	sp|Q96NZ8|WFKN1_HUMAN	6.21e-09	42.4	37.736	53
D2Y2Q5	sp|Q96NZ8|WFKN1_HUMAN	0.12	21.9	34.483	29
D2Y2Q5	sp|Q2UY09|COSA1_HUMAN	2.39e-08	40.8	34.043	47
D2Y2Q5	sp|Q8IUA0|WFDC8_HUMAN	4.02e-08	40.0	38.596	57
D2Y2Q5	sp|Q9BQY6|WFDC6_HUMAN	7.47e-07	35.8	50.0	28
D2Y2Q5	sp|Q6UDR6|SPIT4_HUMAN	1.36e-05	32.0	33.929	56
D2Y2Q7	sp|Q02388|CO7A1_HUMAN	2.12e-16	63.5	51.786	56
D2Y2Q7	sp|P12111|CO6A3_HUMAN	3.01e-16	63.2	40.278	72
D2Y2Q7	sp|P12111|CO6A3_HUMAN	6.8	16.5	42.857	14
D2Y2Q7	sp|O43291|SPIT2_HUMAN	3.69e-13	53.9	41.27	63
D2Y2Q7	sp|O43291|SPIT2_HUMAN	1.03e-12	52.8	35.526	76
D2Y2Q7	sp|P05067|A4_HUMAN	4.77e-13	54.3	48.0	50
D2Y2Q7	sp|Q8TEU8|WFKN2_HUMAN	6.99e-13	53.5	44.643	56
D2Y2Q7	sp|Q8TEU8|WFKN2_HUMAN	1.28e-06	35.8	34.615	52
D2Y2Q7	sp|Q8TEU8|WFKN2_HUMAN	2.4	18.1	26.923	26
D2Y2Q7	sp|Q8TEU8|WFKN2_HUMAN	9.1	16.2	44.444	9
D2Y2Q7	sp|P10646|TFPI1_HUMAN	1.23e-12	52.8	40.741	54
D2Y2Q7	sp|P10646|TFPI1_HUMAN	9.94e-12	50.1	43.396	53
D2Y2Q7	sp|P10646|TFPI1_HUMAN	7.38e-09	42.0	39.623	53
D2Y2Q7	sp|Q06481|APLP2_HUMAN	1.31e-12	52.8	43.137	51
D2Y2Q7	sp|P02760|AMBP_HUMAN	3.67e-12	51.6	43.396	53
D2Y2Q7	sp|P02760|AMBP_HUMAN	4.95e-11	48.1	40.741	54
D2Y2Q7	sp|O95428|PPN_HUMAN	5.16e-12	51.2	45.098	51
D2Y2Q7	sp|O95428|PPN_HUMAN	7.0	16.5	47.059	17
D2Y2Q7	sp|O95925|EPPI_HUMAN	1.14e-11	48.5	38.596	57
D2Y2Q7	sp|P49223|SPIT3_HUMAN	1.2e-11	47.8	41.509	53
D2Y2Q7	sp|O43278|SPIT1_HUMAN	7.47e-11	47.8	45.652	46
D2Y2Q7	sp|O43278|SPIT1_HUMAN	8.4e-11	47.8	40.0	65
D2Y2Q7	sp|P48307|TFPI2_HUMAN	2.44e-09	43.5	46.809	47
D2Y2Q7	sp|P48307|TFPI2_HUMAN	8.61e-09	42.0	43.396	53
D2Y2Q7	sp|P48307|TFPI2_HUMAN	6.91e-07	36.6	38.158	76
D2Y2Q7	sp|Q96NZ8|WFKN1_HUMAN	5.06e-09	42.7	37.736	53
D2Y2Q7	sp|Q96NZ8|WFKN1_HUMAN	0.4	20.4	31.034	29
D2Y2Q7	sp|Q2UY09|COSA1_HUMAN	5.2e-09	42.7	34.043	47
D2Y2Q7	sp|Q8IUA0|WFDC8_HUMAN	3.54e-08	40.0	37.931	58
D2Y2Q7	sp|Q9BQY6|WFDC6_HUMAN	1.19e-06	35.4	50.0	28
D2Y2Q7	sp|Q6UDR6|SPIT4_HUMAN	2.04e-05	31.6	33.929	56
D2Y2Q8	sp|P12111|CO6A3_HUMAN	2.81e-16	63.2	39.726	73
D2Y2Q8	sp|P12111|CO6A3_HUMAN	6.8	16.5	42.857	14
D2Y2Q8	sp|Q02388|CO7A1_HUMAN	6.43e-16	62.4	51.786	56
D2Y2Q8	sp|P05067|A4_HUMAN	1.6e-13	55.5	48.0	50
D2Y2Q8	sp|Q8TEU8|WFKN2_HUMAN	2.23e-13	55.1	46.429	56
D2Y2Q8	sp|Q8TEU8|WFKN2_HUMAN	2.04e-06	35.4	35.294	51
D2Y2Q8	sp|Q8TEU8|WFKN2_HUMAN	2.5	18.1	26.923	26
D2Y2Q8	sp|Q8TEU8|WFKN2_HUMAN	9.5	16.2	44.444	9
D2Y2Q8	sp|O43291|SPIT2_HUMAN	3.21e-13	54.3	41.27	63
D2Y2Q8	sp|O43291|SPIT2_HUMAN	1.77e-12	52.0	52.273	44
D2Y2Q8	sp|Q06481|APLP2_HUMAN	1.37e-12	52.8	43.137	51
D2Y2Q8	sp|P10646|TFPI1_HUMAN	1.79e-12	52.4	40.741	54
D2Y2Q8	sp|P10646|TFPI1_HUMAN	3.82e-11	48.5	41.509	53
D2Y2Q8	sp|P10646|TFPI1_HUMAN	8.63e-09	42.0	39.623	53
D2Y2Q8	sp|P02760|AMBP_HUMAN	3.82e-12	51.6	43.396	53
D2Y2Q8	sp|P02760|AMBP_HUMAN	1.46e-11	49.7	41.818	55
D2Y2Q8	sp|O95428|PPN_HUMAN	7.27e-12	50.8	45.098	51
D2Y2Q8	sp|O95428|PPN_HUMAN	7.9	16.5	47.059	17
D2Y2Q8	sp|O95925|EPPI_HUMAN	1.14e-11	48.5	38.596	57
D2Y2Q8	sp|O43278|SPIT1_HUMAN	2.6e-11	49.3	47.826	46
D2Y2Q8	sp|O43278|SPIT1_HUMAN	9.35e-11	47.8	40.0	65
D2Y2Q8	sp|P49223|SPIT3_HUMAN	5.34e-11	45.8	39.623	53
D2Y2Q8	sp|P48307|TFPI2_HUMAN	2.62e-09	43.1	46.809	47
D2Y2Q8	sp|P48307|TFPI2_HUMAN	4.89e-09	42.4	43.396	53
D2Y2Q8	sp|P48307|TFPI2_HUMAN	3.58e-07	37.4	39.474	76
D2Y2Q8	sp|Q96NZ8|WFKN1_HUMAN	3.19e-09	43.1	37.736	53
D2Y2Q8	sp|Q96NZ8|WFKN1_HUMAN	0.096	21.9	34.483	29
D2Y2Q8	sp|Q2UY09|COSA1_HUMAN	4.76e-09	42.7	36.17	47
D2Y2Q8	sp|Q8IUA0|WFDC8_HUMAN	6.65e-08	39.3	38.596	57
D2Y2Q8	sp|Q9BQY6|WFDC6_HUMAN	7.32e-07	35.8	50.0	28
D2Y2Q8	sp|Q6UDR6|SPIT4_HUMAN	1.84e-05	31.6	33.929	56
D2Y2Q9	sp|P12111|CO6A3_HUMAN	1.32e-17	67.0	42.466	73
D2Y2Q9	sp|P12111|CO6A3_HUMAN	6.8	16.5	42.857	14
D2Y2Q9	sp|Q02388|CO7A1_HUMAN	3.48e-16	63.2	51.786	56
D2Y2Q9	sp|O43291|SPIT2_HUMAN	5.86e-14	56.2	42.857	63
D2Y2Q9	sp|O43291|SPIT2_HUMAN	1.39e-12	52.4	52.273	44
D2Y2Q9	sp|P05067|A4_HUMAN	1.54e-13	55.5	48.0	50
D2Y2Q9	sp|Q06481|APLP2_HUMAN	8.9e-13	53.5	41.379	58
D2Y2Q9	sp|P10646|TFPI1_HUMAN	9.25e-13	53.1	40.741	54
D2Y2Q9	sp|P10646|TFPI1_HUMAN	1.23e-11	50.1	43.396	53
D2Y2Q9	sp|P10646|TFPI1_HUMAN	6.19e-09	42.4	38.182	55
D2Y2Q9	sp|P02760|AMBP_HUMAN	3.23e-12	51.6	41.818	55
D2Y2Q9	sp|P02760|AMBP_HUMAN	7.76e-11	47.8	42.308	52
D2Y2Q9	sp|Q8TEU8|WFKN2_HUMAN	5.49e-12	51.2	44.643	56
D2Y2Q9	sp|Q8TEU8|WFKN2_HUMAN	8.76e-06	33.5	35.294	51
D2Y2Q9	sp|Q8TEU8|WFKN2_HUMAN	5.9	16.9	29.412	34
D2Y2Q9	sp|O95925|EPPI_HUMAN	6.79e-12	49.3	38.596	57
D2Y2Q9	sp|O95428|PPN_HUMAN	8.01e-12	50.8	45.098	51
D2Y2Q9	sp|O95428|PPN_HUMAN	8.1	16.5	47.059	17
D2Y2Q9	sp|P49223|SPIT3_HUMAN	1.14e-11	47.8	39.655	58
D2Y2Q9	sp|O43278|SPIT1_HUMAN	7.19e-11	47.8	40.0	65
D2Y2Q9	sp|O43278|SPIT1_HUMAN	7.4e-11	47.8	45.652	46
D2Y2Q9	sp|P48307|TFPI2_HUMAN	2.67e-09	43.1	46.809	47
D2Y2Q9	sp|P48307|TFPI2_HUMAN	7.72e-09	42.0	43.396	53
D2Y2Q9	sp|P48307|TFPI2_HUMAN	2.74e-07	37.7	44.643	56
D2Y2Q9	sp|Q96NZ8|WFKN1_HUMAN	3.7e-09	43.1	37.5	56
D2Y2Q9	sp|Q96NZ8|WFKN1_HUMAN	0.12	21.6	34.483	29
D2Y2Q9	sp|Q2UY09|COSA1_HUMAN	1.75e-08	41.2	32.787	61
D2Y2Q9	sp|Q8IUA0|WFDC8_HUMAN	3.87e-08	40.0	38.596	57
D2Y2Q9	sp|Q9BQY6|WFDC6_HUMAN	6.88e-07	35.8	50.0	28
D2Y2Q9	sp|Q6UDR6|SPIT4_HUMAN	1.9e-05	31.6	33.929	56
D2Y488	sp|Q8TEU8|WFKN2_HUMAN	3.65e-16	62.4	50.0	52
D2Y488	sp|Q8TEU8|WFKN2_HUMAN	8.62e-05	30.4	37.143	35
D2Y488	sp|P48307|TFPI2_HUMAN	4.66e-16	61.2	50.909	55
D2Y488	sp|P48307|TFPI2_HUMAN	4.78e-09	42.0	42.553	47
D2Y488	sp|P48307|TFPI2_HUMAN	0.011	24.3	32.143	56
D2Y488	sp|O95925|EPPI_HUMAN	3.59e-15	57.4	38.235	68
D2Y488	sp|P49223|SPIT3_HUMAN	4.05e-15	56.2	45.283	53
D2Y488	sp|P12111|CO6A3_HUMAN	5.2e-15	59.3	40.351	57
D2Y488	sp|P10646|TFPI1_HUMAN	2.88e-14	57.0	42.857	56
D2Y488	sp|P10646|TFPI1_HUMAN	9.31e-14	55.5	43.75	64
D2Y488	sp|P10646|TFPI1_HUMAN	2.1e-08	40.4	35.849	53
D2Y488	sp|P02760|AMBP_HUMAN	8.98e-14	55.5	44.231	52
D2Y488	sp|P02760|AMBP_HUMAN	3.91e-13	53.9	42.373	59
D2Y488	sp|Q02388|CO7A1_HUMAN	1.15e-13	55.5	44.643	56
D2Y488	sp|Q96NZ8|WFKN1_HUMAN	1.69e-13	55.1	43.86	57
D2Y488	sp|Q96NZ8|WFKN1_HUMAN	1.56e-06	35.0	34.783	46
D2Y488	sp|O43291|SPIT2_HUMAN	3.6e-12	50.8	38.095	63
D2Y488	sp|O43291|SPIT2_HUMAN	7.81e-08	38.9	36.957	46
D2Y488	sp|O95428|PPN_HUMAN	5.49e-10	45.1	37.255	51
D2Y488	sp|O95428|PPN_HUMAN	6.2	16.5	55.556	9
D2Y488	sp|O95428|PPN_HUMAN	6.5	16.5	45.455	11
D2Y488	sp|O95428|PPN_HUMAN	8.6	16.2	75.0	8
D2Y488	sp|P05067|A4_HUMAN	6.01e-10	44.7	42.553	47
D2Y488	sp|Q06481|APLP2_HUMAN	9.82e-09	41.6	33.333	54
D2Y488	sp|Q2UY09|COSA1_HUMAN	5.32e-08	39.3	27.451	51
D2Y488	sp|Q2UY09|COSA1_HUMAN	8.1	16.2	66.667	6
D2Y488	sp|Q6UDR6|SPIT4_HUMAN	8.53e-08	37.4	34.483	58
D2Y488	sp|O43278|SPIT1_HUMAN	5.23e-07	36.6	38.0	50
D2Y488	sp|O43278|SPIT1_HUMAN	4.58e-06	33.9	29.412	68
D2Y488	sp|Q8IUA0|WFDC8_HUMAN	1.67e-06	35.0	31.481	54
D2Y488	sp|Q9BQY6|WFDC6_HUMAN	4.63e-05	30.8	30.435	46
D3GGZ8	sp|Q2UY09|COSA1_HUMAN	0.045	25.0	23.944	71
D3GGZ8	sp|Q06481|APLP2_HUMAN	0.049	25.0	28.571	70
D3GGZ8	sp|Q06481|APLP2_HUMAN	0.05	25.0	29.63	27
D3GGZ8	sp|P49223|SPIT3_HUMAN	0.13	22.7	33.333	57
D3GGZ8	sp|P12111|CO6A3_HUMAN	0.14	23.5	26.19	42
D3GGZ8	sp|P12111|CO6A3_HUMAN	4.0	18.9	27.586	29
D3GGZ8	sp|P12111|CO6A3_HUMAN	9.5	17.7	33.333	36
D3GGZ8	sp|P02760|AMBP_HUMAN	0.4	21.9	28.205	39
D3GGZ8	sp|O95428|PPN_HUMAN	0.41	21.9	37.838	37
D3GGZ8	sp|Q6UDR6|SPIT4_HUMAN	1.7	19.2	50.0	16
D3GGZ8	sp|Q8TEU8|WFKN2_HUMAN	2.1	19.6	22.951	61
D3GGZ8	sp|Q8TEU8|WFKN2_HUMAN	9.0	17.7	28.205	39
D3GGZ8	sp|P10646|TFPI1_HUMAN	2.5	19.2	26.829	41
D3GGZ8	sp|P05067|A4_HUMAN	2.9	19.2	35.484	31
D3GGZ8	sp|P05067|A4_HUMAN	4.2	18.9	25.926	27
D3GGZ8	sp|Q02388|CO7A1_HUMAN	3.2	19.2	46.667	15
D3GGZ8	sp|Q02388|CO7A1_HUMAN	4.4	18.9	35.484	31
D3GGZ8	sp|Q96NZ8|WFKN1_HUMAN	3.8	18.9	40.0	15
D3GGZ8	sp|O43278|SPIT1_HUMAN	4.8	18.5	25.581	43
D3GGZ8	sp|O95925|EPPI_HUMAN	5.3	18.1	38.889	18
D3GGZ8	sp|O95925|EPPI_HUMAN	7.6	17.7	55.556	9
D3GGZ8	sp|Q8IUA0|WFDC8_HUMAN	7.8	17.7	24.107	112
D5J9Q8	sp|P12111|CO6A3_HUMAN	1.27e-15	61.2	40.385	52
D5J9Q8	sp|P12111|CO6A3_HUMAN	6.7	16.5	29.63	27
D5J9Q8	sp|P49223|SPIT3_HUMAN	1.36e-15	57.4	40.909	66
D5J9Q8	sp|P10646|TFPI1_HUMAN	1.13e-14	58.2	42.857	70
D5J9Q8	sp|P10646|TFPI1_HUMAN	1.3e-13	55.5	37.288	59
D5J9Q8	sp|P10646|TFPI1_HUMAN	4.56e-12	50.8	33.333	66
D5J9Q8	sp|Q06481|APLP2_HUMAN	7.42e-14	56.2	37.931	58
D5J9Q8	sp|O43278|SPIT1_HUMAN	1.5e-13	55.5	41.538	65
D5J9Q8	sp|O43278|SPIT1_HUMAN	3.3e-11	48.5	36.364	66
D5J9Q8	sp|Q96NZ8|WFKN1_HUMAN	2.97e-13	54.3	47.059	51
D5J9Q8	sp|Q96NZ8|WFKN1_HUMAN	8.66e-06	33.1	33.333	45
D5J9Q8	sp|P05067|A4_HUMAN	3.18e-13	54.3	45.652	46
D5J9Q8	sp|O95925|EPPI_HUMAN	3.32e-13	52.4	40.351	57
D5J9Q8	sp|Q8TEU8|WFKN2_HUMAN	1.34e-12	52.8	41.176	51
D5J9Q8	sp|Q8TEU8|WFKN2_HUMAN	6.85e-07	36.6	31.373	51
D5J9Q8	sp|P48307|TFPI2_HUMAN	2.28e-12	51.6	45.098	51
D5J9Q8	sp|P48307|TFPI2_HUMAN	1e-11	49.7	39.623	53
D5J9Q8	sp|P48307|TFPI2_HUMAN	0.002	26.6	29.31	58
D5J9Q8	sp|Q6UDR6|SPIT4_HUMAN	6.24e-12	48.5	38.158	76
D5J9Q8	sp|P02760|AMBP_HUMAN	6.71e-12	50.4	39.683	63
D5J9Q8	sp|P02760|AMBP_HUMAN	3.35e-09	42.7	39.216	51
D5J9Q8	sp|P02760|AMBP_HUMAN	5.9	16.5	32.0	25
D5J9Q8	sp|Q02388|CO7A1_HUMAN	1.12e-11	50.1	37.5	64
D5J9Q8	sp|O43291|SPIT2_HUMAN	1.42e-10	46.6	33.962	53
D5J9Q8	sp|O43291|SPIT2_HUMAN	2.4e-10	46.2	35.849	53
D5J9Q8	sp|O95428|PPN_HUMAN	5.25e-10	45.4	37.5	56
D5J9Q8	sp|O95428|PPN_HUMAN	3.9	17.3	41.176	17
D5J9Q8	sp|Q2UY09|COSA1_HUMAN	2e-09	43.5	33.871	62
D5J9Q8	sp|Q8IUA0|WFDC8_HUMAN	2.5e-07	37.4	37.255	51
D5J9Q8	sp|Q9BQY6|WFDC6_HUMAN	1.43e-06	35.0	53.846	26
E5AJX3	sp|P10646|TFPI1_HUMAN	3.13e-18	68.6	39.394	66
E5AJX3	sp|P10646|TFPI1_HUMAN	1.33e-13	55.8	41.509	53
E5AJX3	sp|P10646|TFPI1_HUMAN	1.42e-13	55.8	40.741	81
E5AJX3	sp|Q06481|APLP2_HUMAN	1.01e-16	64.7	45.0	60
E5AJX3	sp|Q8TEU8|WFKN2_HUMAN	2.74e-16	63.5	49.02	51
E5AJX3	sp|Q8TEU8|WFKN2_HUMAN	1.15e-07	39.3	28.302	53
E5AJX3	sp|O95925|EPPI_HUMAN	5.31e-15	57.4	43.636	55
E5AJX3	sp|Q2UY09|COSA1_HUMAN	7.67e-15	59.7	38.095	63
E5AJX3	sp|P12111|CO6A3_HUMAN	1.47e-14	58.9	41.176	51
E5AJX3	sp|P49223|SPIT3_HUMAN	3.59e-14	54.3	36.364	66
E5AJX3	sp|P48307|TFPI2_HUMAN	4.32e-14	56.6	45.283	53
E5AJX3	sp|P48307|TFPI2_HUMAN	2.13e-11	49.3	42.0	50
E5AJX3	sp|P48307|TFPI2_HUMAN	0.002	27.3	29.31	58
E5AJX3	sp|O43291|SPIT2_HUMAN	5.64e-14	56.6	42.308	52
E5AJX3	sp|O43291|SPIT2_HUMAN	2.39e-13	54.7	41.509	53
E5AJX3	sp|P05067|A4_HUMAN	1.34e-13	55.8	46.809	47
E5AJX3	sp|Q96NZ8|WFKN1_HUMAN	1.91e-13	55.5	43.137	51
E5AJX3	sp|Q96NZ8|WFKN1_HUMAN	6.47e-05	31.2	32.0	50
E5AJX3	sp|O43278|SPIT1_HUMAN	2.33e-13	55.5	35.211	71
E5AJX3	sp|O43278|SPIT1_HUMAN	7e-11	48.1	39.216	51
E5AJX3	sp|O95428|PPN_HUMAN	3.19e-13	55.1	40.0	60
E5AJX3	sp|O95428|PPN_HUMAN	1.1	19.2	50.0	14
E5AJX3	sp|Q02388|CO7A1_HUMAN	9.51e-13	53.5	39.062	64
E5AJX3	sp|P02760|AMBP_HUMAN	4.74e-12	51.6	40.351	57
E5AJX3	sp|P02760|AMBP_HUMAN	3.54e-11	48.9	43.137	51
E5AJX3	sp|P02760|AMBP_HUMAN	3.1	17.7	37.5	24
E5AJX3	sp|Q6UDR6|SPIT4_HUMAN	6.55e-11	46.2	35.443	79
E5AJX3	sp|Q8IUA0|WFDC8_HUMAN	2.74e-10	46.2	38.983	59
E5AJX3	sp|Q9BQY6|WFDC6_HUMAN	3.72e-06	34.3	57.692	26
F6ULY1	sp|O95925|EPPI_HUMAN	1.01e-43	132.0	49.565	115
F6ULY1	sp|Q9BQY6|WFDC6_HUMAN	7.06e-36	112.0	46.094	128
F6ULY1	sp|Q8TEU8|WFKN2_HUMAN	2.57e-18	71.6	51.562	64
F6ULY1	sp|Q8TEU8|WFKN2_HUMAN	2.21e-06	37.0	30.189	53
F6ULY1	sp|Q8TEU8|WFKN2_HUMAN	0.098	23.5	41.667	24
F6ULY1	sp|P12111|CO6A3_HUMAN	3.62e-17	68.6	47.458	59
F6ULY1	sp|P12111|CO6A3_HUMAN	7.4	17.7	41.176	17
F6ULY1	sp|Q06481|APLP2_HUMAN	3.88e-17	68.2	48.077	52
F6ULY1	sp|P49223|SPIT3_HUMAN	1.32e-16	62.4	45.614	57
F6ULY1	sp|Q8IUA0|WFDC8_HUMAN	2.19e-16	65.1	35.052	97
F6ULY1	sp|Q8IUA0|WFDC8_HUMAN	0.008	26.2	46.429	28
F6ULY1	sp|Q8IUA0|WFDC8_HUMAN	2.1	19.2	34.375	32
F6ULY1	sp|Q96NZ8|WFKN1_HUMAN	1.08e-14	61.2	38.636	88
F6ULY1	sp|Q96NZ8|WFKN1_HUMAN	0.000231	31.2	31.818	44
F6ULY1	sp|Q96NZ8|WFKN1_HUMAN	0.046	24.3	40.0	20
F6ULY1	sp|P10646|TFPI1_HUMAN	1.2e-14	60.8	50.943	53
F6ULY1	sp|P10646|TFPI1_HUMAN	1.57e-14	60.5	45.763	59
F6ULY1	sp|P10646|TFPI1_HUMAN	3.57e-09	45.1	45.098	51
F6ULY1	sp|Q02388|CO7A1_HUMAN	1.66e-14	60.8	44.828	58
F6ULY1	sp|Q02388|CO7A1_HUMAN	5.3	18.1	38.095	21
F6ULY1	sp|Q02388|CO7A1_HUMAN	8.6	17.3	26.316	38
F6ULY1	sp|P48307|TFPI2_HUMAN	2.33e-14	59.3	47.273	55
F6ULY1	sp|P48307|TFPI2_HUMAN	1.68e-09	45.8	41.667	48
F6ULY1	sp|O43291|SPIT2_HUMAN	2.15e-13	57.0	44.444	54
F6ULY1	sp|O43291|SPIT2_HUMAN	6.29e-13	55.5	37.288	59
F6ULY1	sp|P05067|A4_HUMAN	6.86e-13	56.2	41.304	46
F6ULY1	sp|P02760|AMBP_HUMAN	1.03e-12	55.5	44.444	54
F6ULY1	sp|P02760|AMBP_HUMAN	1.35e-10	49.3	37.313	67
F6ULY1	sp|O43278|SPIT1_HUMAN	1.43e-11	52.4	44.444	54
F6ULY1	sp|O43278|SPIT1_HUMAN	4.39e-11	50.8	38.182	55
F6ULY1	sp|O43278|SPIT1_HUMAN	5.2	18.1	63.636	11
F6ULY1	sp|Q6UDR6|SPIT4_HUMAN	4.28e-11	48.1	39.062	64
F6ULY1	sp|O95428|PPN_HUMAN	1.18e-10	49.7	43.137	51
F6ULY1	sp|Q2UY09|COSA1_HUMAN	1.5e-09	46.6	37.778	45
F8J2F3	sp|P10646|TFPI1_HUMAN	1.74e-18	68.9	52.83	53
F8J2F3	sp|P10646|TFPI1_HUMAN	2.55e-15	60.1	41.379	58
F8J2F3	sp|P10646|TFPI1_HUMAN	2.13e-14	57.4	45.714	70
F8J2F3	sp|P48307|TFPI2_HUMAN	4.15e-15	58.9	49.057	53
F8J2F3	sp|P48307|TFPI2_HUMAN	4.31e-13	53.5	43.396	53
F8J2F3	sp|P48307|TFPI2_HUMAN	0.1	21.6	24.0	50
F8J2F3	sp|P12111|CO6A3_HUMAN	5.77e-15	59.3	44.231	52
F8J2F3	sp|Q06481|APLP2_HUMAN	6.34e-15	59.3	43.333	60
F8J2F3	sp|Q06481|APLP2_HUMAN	7.9	16.5	55.556	9
F8J2F3	sp|Q8TEU8|WFKN2_HUMAN	6.13e-14	56.2	47.059	51
F8J2F3	sp|Q8TEU8|WFKN2_HUMAN	1.46e-05	32.7	28.302	53
F8J2F3	sp|O95925|EPPI_HUMAN	6.52e-14	54.3	41.818	55
F8J2F3	sp|P02760|AMBP_HUMAN	7.46e-14	56.2	44.231	52
F8J2F3	sp|P02760|AMBP_HUMAN	2.75e-12	51.6	39.683	63
F8J2F3	sp|P05067|A4_HUMAN	7.95e-14	56.2	44.898	49
F8J2F3	sp|Q96NZ8|WFKN1_HUMAN	1.27e-13	55.5	45.098	51
F8J2F3	sp|Q96NZ8|WFKN1_HUMAN	1.7e-07	38.1	34.783	46
F8J2F3	sp|O43278|SPIT1_HUMAN	8.52e-13	53.1	44.643	56
F8J2F3	sp|O43278|SPIT1_HUMAN	1.35e-12	52.8	36.508	63
F8J2F3	sp|O43291|SPIT2_HUMAN	9.65e-13	52.8	40.385	52
F8J2F3	sp|O43291|SPIT2_HUMAN	1.19e-12	52.4	39.623	53
F8J2F3	sp|Q02388|CO7A1_HUMAN	1.96e-12	52.0	40.625	64
F8J2F3	sp|Q02388|CO7A1_HUMAN	6.7	16.5	40.0	20
F8J2F3	sp|P49223|SPIT3_HUMAN	4.01e-12	48.5	34.848	66
F8J2F3	sp|O95428|PPN_HUMAN	3.99e-10	45.4	40.741	54
F8J2F3	sp|O95428|PPN_HUMAN	9.0	16.2	35.294	17
F8J2F3	sp|Q6UDR6|SPIT4_HUMAN	1.52e-09	42.4	34.211	76
F8J2F3	sp|Q8IUA0|WFDC8_HUMAN	3.24e-09	42.7	41.176	51
F8J2F3	sp|Q2UY09|COSA1_HUMAN	1.13e-08	41.6	32.258	62
F8J2F3	sp|Q9BQY6|WFDC6_HUMAN	1.37e-06	35.0	61.538	26
F8J2F4	sp|P12111|CO6A3_HUMAN	7.07e-17	64.7	44.444	54
F8J2F4	sp|P10646|TFPI1_HUMAN	1.15e-16	63.9	44.828	58
F8J2F4	sp|P10646|TFPI1_HUMAN	1.47e-16	63.5	45.455	66
F8J2F4	sp|P10646|TFPI1_HUMAN	3.21e-14	57.0	44.286	70
F8J2F4	sp|O43278|SPIT1_HUMAN	1.06e-14	58.5	39.683	63
F8J2F4	sp|O43278|SPIT1_HUMAN	2.58e-11	48.9	43.478	46
F8J2F4	sp|P48307|TFPI2_HUMAN	1.75e-14	57.4	43.636	55
F8J2F4	sp|P48307|TFPI2_HUMAN	1e-13	55.1	45.283	53
F8J2F4	sp|P48307|TFPI2_HUMAN	0.002	26.6	29.31	58
F8J2F4	sp|Q96NZ8|WFKN1_HUMAN	5.13e-14	56.6	45.283	53
F8J2F4	sp|Q96NZ8|WFKN1_HUMAN	3.99e-06	34.3	30.435	46
F8J2F4	sp|Q02388|CO7A1_HUMAN	5.83e-14	56.6	42.188	64
F8J2F4	sp|O95925|EPPI_HUMAN	3.46e-13	52.4	39.286	56
F8J2F4	sp|P02760|AMBP_HUMAN	5.63e-13	53.5	41.27	63
F8J2F4	sp|P02760|AMBP_HUMAN	1.59e-11	49.7	38.462	52
F8J2F4	sp|P02760|AMBP_HUMAN	7.9	16.2	35.714	14
F8J2F4	sp|O43291|SPIT2_HUMAN	6.07e-13	53.1	38.889	54
F8J2F4	sp|O43291|SPIT2_HUMAN	9.07e-11	47.4	33.962	53
F8J2F4	sp|Q8TEU8|WFKN2_HUMAN	3.24e-12	51.6	43.137	51
F8J2F4	sp|Q8TEU8|WFKN2_HUMAN	5.01e-06	33.9	31.373	51
F8J2F4	sp|Q06481|APLP2_HUMAN	4.95e-12	50.8	36.667	60
F8J2F4	sp|P05067|A4_HUMAN	6.87e-11	47.8	36.735	49
F8J2F4	sp|O95428|PPN_HUMAN	9.38e-11	47.4	42.593	54
F8J2F4	sp|O95428|PPN_HUMAN	2.4	18.1	24.49	49
F8J2F4	sp|O95428|PPN_HUMAN	6.0	16.9	35.294	17
F8J2F4	sp|P49223|SPIT3_HUMAN	2.01e-10	44.3	33.333	66
F8J2F4	sp|Q6UDR6|SPIT4_HUMAN	8.9e-10	42.7	35.526	76
F8J2F4	sp|Q8IUA0|WFDC8_HUMAN	1.59e-09	43.5	41.176	51
F8J2F4	sp|Q2UY09|COSA1_HUMAN	5.87e-09	42.4	32.258	62
F8J2F4	sp|Q9BQY6|WFDC6_HUMAN	5.8e-07	35.8	57.143	28
F8J2F5	sp|P12111|CO6A3_HUMAN	1.51e-16	63.9	44.444	54
F8J2F5	sp|P10646|TFPI1_HUMAN	1.94e-16	63.2	43.333	60
F8J2F5	sp|P10646|TFPI1_HUMAN	3.59e-16	62.4	47.17	53
F8J2F5	sp|P10646|TFPI1_HUMAN	1.48e-13	55.1	40.278	72
F8J2F5	sp|O95925|EPPI_HUMAN	2.42e-15	57.8	45.455	55
F8J2F5	sp|P48307|TFPI2_HUMAN	6.07e-15	58.5	47.17	53
F8J2F5	sp|P48307|TFPI2_HUMAN	3.01e-14	56.6	45.283	53
F8J2F5	sp|P48307|TFPI2_HUMAN	0.003	25.8	31.034	58
F8J2F5	sp|O43291|SPIT2_HUMAN	6.67e-15	58.5	42.593	54
F8J2F5	sp|O43291|SPIT2_HUMAN	3.63e-12	51.2	35.849	53
F8J2F5	sp|Q8TEU8|WFKN2_HUMAN	1.88e-14	57.8	47.059	51
F8J2F5	sp|Q8TEU8|WFKN2_HUMAN	3.1e-06	34.7	27.451	51
F8J2F5	sp|Q06481|APLP2_HUMAN	6.47e-14	56.2	39.655	58
F8J2F5	sp|Q06481|APLP2_HUMAN	8.2	16.2	33.333	18
F8J2F5	sp|Q96NZ8|WFKN1_HUMAN	9.3e-14	55.8	43.396	53
F8J2F5	sp|Q96NZ8|WFKN1_HUMAN	9.53e-08	38.9	34.783	46
F8J2F5	sp|P05067|A4_HUMAN	9.66e-14	55.8	46.809	47
F8J2F5	sp|P02760|AMBP_HUMAN	1.68e-13	55.1	42.857	63
F8J2F5	sp|P02760|AMBP_HUMAN	5.25e-13	53.5	42.308	52
F8J2F5	sp|P02760|AMBP_HUMAN	3.9	17.3	32.0	25
F8J2F5	sp|P49223|SPIT3_HUMAN	2.22e-13	52.0	37.879	66
F8J2F5	sp|Q02388|CO7A1_HUMAN	2.73e-13	54.7	39.062	64
F8J2F5	sp|Q02388|CO7A1_HUMAN	0.48	20.0	44.444	18
F8J2F5	sp|O43278|SPIT1_HUMAN	3.12e-13	54.3	36.508	63
F8J2F5	sp|O43278|SPIT1_HUMAN	7.36e-13	53.1	47.826	46
F8J2F5	sp|O95428|PPN_HUMAN	7.56e-11	47.8	40.741	54
F8J2F5	sp|O95428|PPN_HUMAN	2.8	17.7	38.095	21
F8J2F5	sp|O95428|PPN_HUMAN	5.3	16.9	35.294	17
F8J2F5	sp|O95428|PPN_HUMAN	7.5	16.5	40.0	15
F8J2F5	sp|Q2UY09|COSA1_HUMAN	2.61e-10	46.2	31.25	64
F8J2F5	sp|Q8IUA0|WFDC8_HUMAN	5.32e-09	42.4	41.176	51
F8J2F5	sp|Q6UDR6|SPIT4_HUMAN	2.45e-08	38.9	34.667	75
F8J2F5	sp|Q9BQY6|WFDC6_HUMAN	3.87e-06	33.9	53.571	28
H2A0M2	sp|P05067|A4_HUMAN	8.15e-14	58.5	46.939	49
H2A0M2	sp|P05067|A4_HUMAN	2.9	18.9	50.0	10
H2A0M2	sp|P10646|TFPI1_HUMAN	1.57e-13	57.4	38.158	76
H2A0M2	sp|P10646|TFPI1_HUMAN	3.1e-12	53.5	41.176	51
H2A0M2	sp|P10646|TFPI1_HUMAN	6.94e-08	41.2	36.066	61
H2A0M2	sp|Q06481|APLP2_HUMAN	2.91e-13	56.6	39.344	61
H2A0M2	sp|P49223|SPIT3_HUMAN	3.69e-13	53.1	40.351	57
H2A0M2	sp|Q8TEU8|WFKN2_HUMAN	7.65e-13	55.5	45.098	51
H2A0M2	sp|Q8TEU8|WFKN2_HUMAN	0.000144	31.6	32.692	52
H2A0M2	sp|Q8TEU8|WFKN2_HUMAN	7.8	17.3	40.0	20
H2A0M2	sp|P02760|AMBP_HUMAN	3.63e-12	53.5	41.818	55
H2A0M2	sp|P02760|AMBP_HUMAN	1.96e-09	45.4	40.385	52
H2A0M2	sp|P48307|TFPI2_HUMAN	1.69e-11	51.2	44.643	56
H2A0M2	sp|P48307|TFPI2_HUMAN	2.67e-07	39.3	42.0	50
H2A0M2	sp|P48307|TFPI2_HUMAN	0.000138	31.2	34.545	55
H2A0M2	sp|O43291|SPIT2_HUMAN	2.26e-11	50.8	39.344	61
H2A0M2	sp|O43291|SPIT2_HUMAN	1.13e-10	48.9	38.889	54
H2A0M2	sp|O95925|EPPI_HUMAN	2.75e-11	49.3	34.921	63
H2A0M2	sp|P12111|CO6A3_HUMAN	1.86e-10	48.9	32.787	61
H2A0M2	sp|P12111|CO6A3_HUMAN	3.7	18.5	44.444	18
H2A0M2	sp|O43278|SPIT1_HUMAN	2.24e-10	48.5	43.396	53
H2A0M2	sp|O43278|SPIT1_HUMAN	1.35e-09	46.2	43.478	46
H2A0M2	sp|O43278|SPIT1_HUMAN	2.9	18.5	28.261	46
H2A0M2	sp|Q96NZ8|WFKN1_HUMAN	3.21e-10	48.1	39.623	53
H2A0M2	sp|Q96NZ8|WFKN1_HUMAN	0.85	20.4	61.538	13
H2A0M2	sp|Q6UDR6|SPIT4_HUMAN	4.15e-09	42.7	33.75	80
H2A0M2	sp|O95428|PPN_HUMAN	7.3e-08	41.2	37.037	54
H2A0M2	sp|Q2UY09|COSA1_HUMAN	1.73e-07	40.0	31.667	60
H2A0M2	sp|Q02388|CO7A1_HUMAN	2.2e-07	40.0	37.5	56
H2A0M2	sp|Q02388|CO7A1_HUMAN	0.14	22.7	66.667	9
H2A0M2	sp|Q8IUA0|WFDC8_HUMAN	6.49e-07	38.1	37.255	51
H2A0M2	sp|Q9BQY6|WFDC6_HUMAN	0.002	27.7	46.429	28
H2A0N1	sp|P10646|TFPI1_HUMAN	6.46e-17	66.6	36.975	119
H2A0N1	sp|P10646|TFPI1_HUMAN	5.16e-09	44.3	29.167	120
H2A0N1	sp|P10646|TFPI1_HUMAN	8.66e-09	43.9	46.154	52
H2A0N1	sp|Q96NZ8|WFKN1_HUMAN	1.4e-16	66.2	35.398	113
H2A0N1	sp|Q8TEU8|WFKN2_HUMAN	2.33e-16	65.9	37.755	98
H2A0N1	sp|Q8TEU8|WFKN2_HUMAN	9.86e-09	43.9	37.838	74
H2A0N1	sp|Q06481|APLP2_HUMAN	3.84e-11	50.8	43.396	53
H2A0N1	sp|Q06481|APLP2_HUMAN	4.36e-09	45.1	47.727	44
H2A0N1	sp|P05067|A4_HUMAN	6.85e-11	50.1	47.727	44
H2A0N1	sp|P05067|A4_HUMAN	7.54e-08	41.2	42.222	45
H2A0N1	sp|P02760|AMBP_HUMAN	1.06e-10	49.3	34.653	101
H2A0N1	sp|P02760|AMBP_HUMAN	1.99e-08	42.7	46.0	50
H2A0N1	sp|P02760|AMBP_HUMAN	0.002	28.1	33.929	56
H2A0N1	sp|O43278|SPIT1_HUMAN	1.18e-10	49.3	41.176	68
H2A0N1	sp|O43278|SPIT1_HUMAN	2.6e-07	39.7	45.652	46
H2A0N1	sp|O43278|SPIT1_HUMAN	0.000103	32.0	33.333	54
H2A0N1	sp|O43278|SPIT1_HUMAN	0.004	27.3	40.0	40
H2A0N1	sp|O43291|SPIT2_HUMAN	2.54e-10	48.1	28.188	149
H2A0N1	sp|O95925|EPPI_HUMAN	1.17e-08	42.4	38.182	55
H2A0N1	sp|O95925|EPPI_HUMAN	0.000282	30.0	34.0	50
H2A0N1	sp|Q02388|CO7A1_HUMAN	1.24e-08	43.5	42.105	57
H2A0N1	sp|Q02388|CO7A1_HUMAN	0.000153	31.6	35.714	56
H2A0N1	sp|Q02388|CO7A1_HUMAN	3.0	18.9	100.0	6
H2A0N1	sp|Q02388|CO7A1_HUMAN	5.0	18.1	64.286	14
H2A0N1	sp|P48307|TFPI2_HUMAN	1.34e-08	43.1	36.782	87
H2A0N1	sp|P48307|TFPI2_HUMAN	7.65e-08	40.8	28.205	117
H2A0N1	sp|P48307|TFPI2_HUMAN	0.000279	30.4	43.182	44
H2A0N1	sp|O95428|PPN_HUMAN	3.36e-08	42.4	39.394	66
H2A0N1	sp|O95428|PPN_HUMAN	6.54e-06	35.8	36.735	49
H2A0N1	sp|P12111|CO6A3_HUMAN	4.1e-08	42.0	47.368	38
H2A0N1	sp|P12111|CO6A3_HUMAN	1.11e-06	38.1	37.255	51
H2A0N1	sp|P12111|CO6A3_HUMAN	6.2	17.7	55.556	9
H2A0N1	sp|P49223|SPIT3_HUMAN	2.69e-07	37.7	38.983	59
H2A0N1	sp|P49223|SPIT3_HUMAN	2.5e-06	35.0	37.255	51
H2A0N1	sp|Q8IUA0|WFDC8_HUMAN	2.26e-06	36.6	32.857	70
H2A0N1	sp|Q8IUA0|WFDC8_HUMAN	0.000116	31.6	34.0	50
H2A0N1	sp|Q2UY09|COSA1_HUMAN	3.85e-06	36.2	44.828	29
H2A0N1	sp|Q2UY09|COSA1_HUMAN	4.67e-05	33.1	32.609	46
H2A0N1	sp|Q9BQY6|WFDC6_HUMAN	7.79e-05	31.6	46.154	26
H2A0N1	sp|Q9BQY6|WFDC6_HUMAN	0.42	20.8	40.909	22
H2A0N1	sp|Q6UDR6|SPIT4_HUMAN	0.000574	28.9	37.5	48
H2A0N1	sp|Q6UDR6|SPIT4_HUMAN	0.008	25.4	26.667	90
H2A0N5	sp|P10646|TFPI1_HUMAN	8.06e-13	55.8	32.727	110
H2A0N5	sp|P10646|TFPI1_HUMAN	1.28e-11	52.4	28.758	153
H2A0N5	sp|P48307|TFPI2_HUMAN	9.21e-12	52.4	37.0	100
H2A0N5	sp|P48307|TFPI2_HUMAN	4.41e-08	42.0	44.737	38
H2A0N5	sp|P48307|TFPI2_HUMAN	7.88e-05	32.3	25.243	103
H2A0N5	sp|P48307|TFPI2_HUMAN	9.33e-05	32.3	37.5	48
H2A0N5	sp|P02760|AMBP_HUMAN	7.64e-11	50.1	32.632	95
H2A0N5	sp|O43291|SPIT2_HUMAN	1.49e-10	49.3	25.503	149
H2A0N5	sp|O43291|SPIT2_HUMAN	3.66e-05	33.5	36.17	47
H2A0N5	sp|O43291|SPIT2_HUMAN	0.000243	31.2	31.707	41
H2A0N5	sp|P05067|A4_HUMAN	3.8e-09	45.4	51.351	37
H2A0N5	sp|P05067|A4_HUMAN	2.37e-07	40.4	36.957	46
H2A0N5	sp|Q06481|APLP2_HUMAN	6.28e-09	45.1	33.871	62
H2A0N5	sp|Q06481|APLP2_HUMAN	1.91e-06	37.7	34.545	55
H2A0N5	sp|Q06481|APLP2_HUMAN	1.5	19.6	100.0	6
H2A0N5	sp|P12111|CO6A3_HUMAN	4.05e-08	42.7	41.026	39
H2A0N5	sp|P12111|CO6A3_HUMAN	9.67e-05	32.7	32.432	37
H2A0N5	sp|P12111|CO6A3_HUMAN	5.9	18.1	60.0	10
H2A0N5	sp|Q8TEU8|WFKN2_HUMAN	2.23e-07	40.4	28.07	114
H2A0N5	sp|Q8TEU8|WFKN2_HUMAN	2.89e-06	37.0	33.333	66
H2A0N5	sp|Q8TEU8|WFKN2_HUMAN	0.000137	32.0	35.897	39
H2A0N5	sp|P49223|SPIT3_HUMAN	2.98e-07	37.7	55.556	36
H2A0N5	sp|P49223|SPIT3_HUMAN	0.000166	30.4	35.897	39
H2A0N5	sp|O43278|SPIT1_HUMAN	1.2e-06	38.1	32.787	61
H2A0N5	sp|O43278|SPIT1_HUMAN	1.53e-06	37.7	37.5	40
H2A0N5	sp|O43278|SPIT1_HUMAN	6.89e-06	35.8	36.111	36
H2A0N5	sp|O43278|SPIT1_HUMAN	4.19e-05	33.5	35.185	54
H2A0N5	sp|Q2UY09|COSA1_HUMAN	2.29e-06	37.4	39.024	41
H2A0N5	sp|Q2UY09|COSA1_HUMAN	0.000443	30.8	28.333	60
H2A0N5	sp|Q6UDR6|SPIT4_HUMAN	8.67e-06	33.9	55.556	27
H2A0N5	sp|Q6UDR6|SPIT4_HUMAN	1.73e-05	33.1	51.852	27
H2A0N5	sp|O95428|PPN_HUMAN	1.2e-05	35.4	44.444	36
H2A0N5	sp|O95428|PPN_HUMAN	7.12e-05	33.1	34.211	38
H2A0N5	sp|O95428|PPN_HUMAN	0.99	20.4	46.154	13
H2A0N5	sp|O95428|PPN_HUMAN	1.4	20.0	40.0	15
H2A0N5	sp|O95428|PPN_HUMAN	3.4	18.9	35.714	14
H2A0N5	sp|Q96NZ8|WFKN1_HUMAN	1.63e-05	34.7	24.793	121
H2A0N5	sp|Q96NZ8|WFKN1_HUMAN	0.00059	30.0	30.612	49
H2A0N5	sp|Q96NZ8|WFKN1_HUMAN	0.022	25.4	27.723	101
H2A0N5	sp|Q96NZ8|WFKN1_HUMAN	2.0	19.2	41.667	24
H2A0N5	sp|O95925|EPPI_HUMAN	9.94e-05	31.6	31.818	66
H2A0N5	sp|O95925|EPPI_HUMAN	0.0007	29.3	34.286	35
H2A0N5	sp|Q9BQY6|WFDC6_HUMAN	0.000127	31.2	31.148	61
H2A0N5	sp|Q9BQY6|WFDC6_HUMAN	0.001	28.1	41.379	29
H2A0N5	sp|Q02388|CO7A1_HUMAN	0.00052	30.4	30.909	55
H2A0N5	sp|Q02388|CO7A1_HUMAN	0.003	28.5	43.243	37
H2A0N5	sp|Q02388|CO7A1_HUMAN	9.1	17.3	23.684	38
H2A0N5	sp|Q8IUA0|WFDC8_HUMAN	0.005	27.3	30.882	68
H2A0N5	sp|Q8IUA0|WFDC8_HUMAN	0.013	25.8	34.211	38
H2A0N9	sp|Q06481|APLP2_HUMAN	3.61e-15	64.3	43.396	53
H2A0N9	sp|P05067|A4_HUMAN	2.65e-14	61.6	47.917	48
H2A0N9	sp|O43291|SPIT2_HUMAN	7.56e-13	56.6	47.17	53
H2A0N9	sp|O43291|SPIT2_HUMAN	3.73e-10	48.9	39.216	51
H2A0N9	sp|P48307|TFPI2_HUMAN	2.56e-12	55.1	43.75	64
H2A0N9	sp|P48307|TFPI2_HUMAN	4.43e-06	37.0	36.17	47
H2A0N9	sp|P48307|TFPI2_HUMAN	0.002	28.9	34.091	44
H2A0N9	sp|P49223|SPIT3_HUMAN	2.66e-12	52.4	44.231	52
H2A0N9	sp|Q8TEU8|WFKN2_HUMAN	5.83e-12	54.7	37.705	61
H2A0N9	sp|Q8TEU8|WFKN2_HUMAN	7.22e-05	33.5	31.481	54
H2A0N9	sp|Q8TEU8|WFKN2_HUMAN	0.81	21.2	70.0	10
H2A0N9	sp|Q8TEU8|WFKN2_HUMAN	4.7	18.9	28.169	71
H2A0N9	sp|Q8TEU8|WFKN2_HUMAN	8.1	18.1	42.105	19
H2A0N9	sp|O43278|SPIT1_HUMAN	9.55e-12	54.3	34.94	83
H2A0N9	sp|O43278|SPIT1_HUMAN	1.22e-10	50.8	44.231	52
H2A0N9	sp|O95925|EPPI_HUMAN	3.36e-11	50.4	43.396	53
H2A0N9	sp|P12111|CO6A3_HUMAN	5.47e-11	52.4	39.216	51
H2A0N9	sp|P12111|CO6A3_HUMAN	4.5	18.9	32.258	31
H2A0N9	sp|P02760|AMBP_HUMAN	2.26e-10	50.1	38.983	59
H2A0N9	sp|P02760|AMBP_HUMAN	1.74e-09	47.4	42.029	69
H2A0N9	sp|P10646|TFPI1_HUMAN	4.9e-10	48.9	38.636	44
H2A0N9	sp|P10646|TFPI1_HUMAN	8.62e-10	48.1	44.231	52
H2A0N9	sp|P10646|TFPI1_HUMAN	4.67e-09	45.8	32.911	79
H2A0N9	sp|Q96NZ8|WFKN1_HUMAN	1.07e-09	48.1	41.176	51
H2A0N9	sp|Q96NZ8|WFKN1_HUMAN	0.072	24.3	26.667	45
H2A0N9	sp|Q96NZ8|WFKN1_HUMAN	0.59	21.6	70.0	10
H2A0N9	sp|O95428|PPN_HUMAN	8.59e-09	45.4	34.615	52
H2A0N9	sp|Q02388|CO7A1_HUMAN	4.29e-07	40.4	33.333	54
H2A0N9	sp|Q02388|CO7A1_HUMAN	3.5	19.2	47.059	17
H2A0N9	sp|Q6UDR6|SPIT4_HUMAN	8.22e-07	37.4	42.5	40
H2A0N9	sp|Q2UY09|COSA1_HUMAN	9.05e-07	39.7	35.294	51
H2A0N9	sp|Q8IUA0|WFDC8_HUMAN	1.55e-05	35.4	31.915	47
H2A0N9	sp|Q8IUA0|WFDC8_HUMAN	3.6	18.9	28.767	73
H2A0N9	sp|Q9BQY6|WFDC6_HUMAN	4.28e-05	33.1	33.824	68
H2A0P0	sp|Q8TEU8|WFKN2_HUMAN	2.88e-18	72.8	31.655	139
H2A0P0	sp|Q8TEU8|WFKN2_HUMAN	7.26e-08	42.4	29.63	81
H2A0P0	sp|P10646|TFPI1_HUMAN	3.57e-14	60.5	32.836	134
H2A0P0	sp|P10646|TFPI1_HUMAN	7.4e-14	59.3	28.289	152
H2A0P0	sp|P10646|TFPI1_HUMAN	2.8e-09	46.2	39.623	53
H2A0P0	sp|P10646|TFPI1_HUMAN	3.77e-08	42.7	41.86	43
H2A0P0	sp|O43291|SPIT2_HUMAN	7.99e-13	56.2	29.333	150
H2A0P0	sp|O43291|SPIT2_HUMAN	4.8e-06	36.6	25.556	90
H2A0P0	sp|P02760|AMBP_HUMAN	1.34e-12	56.2	33.333	99
H2A0P0	sp|P02760|AMBP_HUMAN	1.33e-06	38.5	35.556	45
H2A0P0	sp|P02760|AMBP_HUMAN	7.02e-06	36.2	37.5	40
H2A0P0	sp|P12111|CO6A3_HUMAN	2.11e-12	55.8	51.351	37
H2A0P0	sp|P12111|CO6A3_HUMAN	1.11e-08	45.1	37.037	54
H2A0P0	sp|P48307|TFPI2_HUMAN	4.14e-12	53.9	34.579	107
H2A0P0	sp|P48307|TFPI2_HUMAN	1.97e-11	52.0	31.034	145
H2A0P0	sp|P48307|TFPI2_HUMAN	5.41e-08	42.4	44.898	49
H2A0P0	sp|O95428|PPN_HUMAN	2.76e-11	52.8	46.296	54
H2A0P0	sp|O95428|PPN_HUMAN	1.35e-08	44.7	47.222	36
H2A0P0	sp|O95428|PPN_HUMAN	7.8	17.7	40.0	15
H2A0P0	sp|O95428|PPN_HUMAN	9.9	17.7	22.826	92
H2A0P0	sp|Q2UY09|COSA1_HUMAN	1.85e-10	50.1	38.462	39
H2A0P0	sp|Q2UY09|COSA1_HUMAN	2.16e-09	47.0	35.185	54
H2A0P0	sp|Q2UY09|COSA1_HUMAN	4.1	18.9	34.783	23
H2A0P0	sp|Q06481|APLP2_HUMAN	8.81e-10	48.1	52.778	36
H2A0P0	sp|Q06481|APLP2_HUMAN	5.15e-09	45.8	40.476	42
H2A0P0	sp|P05067|A4_HUMAN	1.12e-09	47.8	50.0	36
H2A0P0	sp|P05067|A4_HUMAN	5.59e-07	39.7	38.889	36
H2A0P0	sp|Q96NZ8|WFKN1_HUMAN	2.28e-09	46.6	28.866	97
H2A0P0	sp|Q96NZ8|WFKN1_HUMAN	9.84e-06	35.8	29.032	62
H2A0P0	sp|Q96NZ8|WFKN1_HUMAN	0.002	28.9	28.205	39
H2A0P0	sp|Q96NZ8|WFKN1_HUMAN	5.3	18.5	37.5	16
H2A0P0	sp|P49223|SPIT3_HUMAN	6e-09	42.7	48.649	37
H2A0P0	sp|P49223|SPIT3_HUMAN	1.5e-08	42.0	41.509	53
H2A0P0	sp|O43278|SPIT1_HUMAN	9.8e-09	45.1	40.0	55
H2A0P0	sp|O43278|SPIT1_HUMAN	8.72e-07	39.3	35.593	59
H2A0P0	sp|O43278|SPIT1_HUMAN	0.00013	32.7	31.429	35
H2A0P0	sp|O43278|SPIT1_HUMAN	0.000147	32.3	38.462	39
H2A0P0	sp|Q02388|CO7A1_HUMAN	1.19e-07	42.0	34.848	66
H2A0P0	sp|Q02388|CO7A1_HUMAN	3.67e-07	40.4	32.895	76
H2A0P0	sp|Q8IUA0|WFDC8_HUMAN	3.45e-07	40.0	32.203	59
H2A0P0	sp|Q8IUA0|WFDC8_HUMAN	3.22e-05	33.9	31.148	61
H2A0P0	sp|O95925|EPPI_HUMAN	1e-06	37.7	32.075	53
H2A0P0	sp|O95925|EPPI_HUMAN	7.94e-06	35.0	37.838	37
H2A0P0	sp|Q6UDR6|SPIT4_HUMAN	1.06e-05	34.3	27.381	84
H2A0P0	sp|Q6UDR6|SPIT4_HUMAN	0.000136	31.2	38.636	44
H2A0P0	sp|Q9BQY6|WFDC6_HUMAN	0.002	28.5	38.462	26
H2A0P0	sp|Q9BQY6|WFDC6_HUMAN	0.015	25.4	37.931	29
I6VXS1	sp|P10646|TFPI1_HUMAN	3.59e-11	52.0	32.632	95
I6VXS1	sp|P10646|TFPI1_HUMAN	3.05e-10	49.3	45.455	55
I6VXS1	sp|P10646|TFPI1_HUMAN	2.82e-08	43.5	40.909	44
I6VXS1	sp|P48307|TFPI2_HUMAN	1.32e-09	47.0	29.268	123
I6VXS1	sp|P48307|TFPI2_HUMAN	1.11e-07	41.6	58.065	31
I6VXS1	sp|P05067|A4_HUMAN	3.65e-08	43.5	37.5	48
I6VXS1	sp|Q06481|APLP2_HUMAN	6.23e-08	42.7	44.444	36
I6VXS1	sp|P12111|CO6A3_HUMAN	7.12e-08	42.7	44.186	43
I6VXS1	sp|P12111|CO6A3_HUMAN	1.1	20.8	35.714	42
I6VXS1	sp|P12111|CO6A3_HUMAN	5.2	18.5	35.0	20
I6VXS1	sp|Q6UDR6|SPIT4_HUMAN	1.04e-07	40.0	46.341	41
I6VXS1	sp|Q6UDR6|SPIT4_HUMAN	5.3	18.1	50.0	12
I6VXS1	sp|P49223|SPIT3_HUMAN	1.12e-07	39.7	51.429	35
I6VXS1	sp|Q8TEU8|WFKN2_HUMAN	1.83e-07	41.6	51.429	35
I6VXS1	sp|Q8TEU8|WFKN2_HUMAN	0.03	25.4	26.316	38
I6VXS1	sp|P02760|AMBP_HUMAN	2.57e-07	40.8	45.946	37
I6VXS1	sp|P02760|AMBP_HUMAN	0.014	26.6	32.5	40
I6VXS1	sp|O95925|EPPI_HUMAN	3.18e-07	39.3	44.444	36
I6VXS1	sp|O95428|PPN_HUMAN	6.02e-07	40.0	38.462	39
I6VXS1	sp|Q2UY09|COSA1_HUMAN	7.08e-07	39.7	37.143	35
I6VXS1	sp|O43291|SPIT2_HUMAN	1.14e-06	38.5	43.243	37
I6VXS1	sp|O43291|SPIT2_HUMAN	5.92e-05	33.5	37.143	35
I6VXS1	sp|O43278|SPIT1_HUMAN	3.1e-06	37.7	44.444	36
I6VXS1	sp|O43278|SPIT1_HUMAN	5.32e-05	33.9	38.889	36
I6VXS1	sp|Q02388|CO7A1_HUMAN	4.52e-06	37.4	34.694	49
I6VXS1	sp|Q96NZ8|WFKN1_HUMAN	1.35e-05	35.8	38.636	44
I6VXS1	sp|Q96NZ8|WFKN1_HUMAN	0.019	26.2	29.268	41
I6VXS1	sp|Q9BQY6|WFDC6_HUMAN	2.98e-05	33.5	46.875	32
I6VXS1	sp|Q8IUA0|WFDC8_HUMAN	6.11e-05	33.5	27.473	91
I6VXS1	sp|Q8IUA0|WFDC8_HUMAN	7.2	18.1	33.333	21
O62845	sp|P12111|CO6A3_HUMAN	2.07e-15	60.5	39.683	63
O62845	sp|P02760|AMBP_HUMAN	2.88e-15	60.1	53.846	52
O62845	sp|P02760|AMBP_HUMAN	7.57e-10	44.7	41.176	51
O62845	sp|O95925|EPPI_HUMAN	5.65e-15	57.0	42.105	57
O62845	sp|P49223|SPIT3_HUMAN	1.04e-14	55.1	37.097	62
O62845	sp|O43291|SPIT2_HUMAN	2.36e-14	57.0	40.0	55
O62845	sp|O43291|SPIT2_HUMAN	1.73e-10	46.6	34.545	55
O62845	sp|P10646|TFPI1_HUMAN	2.58e-14	57.4	43.86	57
O62845	sp|P10646|TFPI1_HUMAN	9.95e-14	55.5	44.444	63
O62845	sp|P10646|TFPI1_HUMAN	3.82e-12	51.2	42.373	59
O62845	sp|P05067|A4_HUMAN	2.77e-14	57.4	45.455	44
O62845	sp|Q06481|APLP2_HUMAN	4.42e-14	57.0	37.5	56
O62845	sp|P48307|TFPI2_HUMAN	6.47e-14	55.8	47.059	51
O62845	sp|P48307|TFPI2_HUMAN	4.63e-13	53.5	42.593	54
O62845	sp|P48307|TFPI2_HUMAN	3.84e-08	39.7	38.71	62
O62845	sp|O95428|PPN_HUMAN	2.01e-13	55.1	38.182	55
O62845	sp|O95428|PPN_HUMAN	8.3	16.2	29.412	17
O62845	sp|Q2UY09|COSA1_HUMAN	2.76e-13	54.7	41.176	51
O62845	sp|Q8TEU8|WFKN2_HUMAN	1.13e-12	52.8	41.176	51
O62845	sp|Q8TEU8|WFKN2_HUMAN	1.53e-07	38.1	29.412	51
O62845	sp|O43278|SPIT1_HUMAN	2.18e-12	52.0	44.231	52
O62845	sp|O43278|SPIT1_HUMAN	3.93e-11	48.5	38.462	52
O62845	sp|Q6UDR6|SPIT4_HUMAN	3.92e-12	48.9	60.0	35
O62845	sp|Q96NZ8|WFKN1_HUMAN	1.8e-11	49.3	41.176	51
O62845	sp|Q96NZ8|WFKN1_HUMAN	1.28e-05	32.7	31.746	63
O62845	sp|Q96NZ8|WFKN1_HUMAN	0.63	19.6	25.0	56
O62845	sp|Q96NZ8|WFKN1_HUMAN	6.1	16.5	50.0	10
O62845	sp|Q02388|CO7A1_HUMAN	7.98e-11	47.8	33.333	54
O62845	sp|Q8IUA0|WFDC8_HUMAN	5.99e-09	42.0	31.507	73
O62845	sp|Q8IUA0|WFDC8_HUMAN	9.1	16.2	36.364	22
O62845	sp|Q9BQY6|WFDC6_HUMAN	8.75e-08	38.1	48.387	31
P00975	sp|O43291|SPIT2_HUMAN	9.18e-17	62.4	46.296	54
P00975	sp|O43291|SPIT2_HUMAN	2.25e-13	53.5	37.736	53
P00975	sp|O95925|EPPI_HUMAN	1.24e-15	57.8	43.636	55
P00975	sp|Q06481|APLP2_HUMAN	2.08e-15	59.3	43.137	51
P00975	sp|P05067|A4_HUMAN	3.56e-15	58.9	45.833	48
P00975	sp|P49223|SPIT3_HUMAN	3.98e-15	55.5	46.296	54
P00975	sp|P10646|TFPI1_HUMAN	1.54e-14	57.0	44.643	56
P00975	sp|P10646|TFPI1_HUMAN	2.74e-13	53.1	46.154	52
P00975	sp|P10646|TFPI1_HUMAN	4.91e-13	52.8	42.593	54
P00975	sp|Q8TEU8|WFKN2_HUMAN	2.48e-14	56.2	49.02	51
P00975	sp|Q8TEU8|WFKN2_HUMAN	3.7e-10	44.7	37.255	51
P00975	sp|P02760|AMBP_HUMAN	8.76e-14	54.7	43.86	57
P00975	sp|P02760|AMBP_HUMAN	2.78e-09	42.0	38.462	52
P00975	sp|O43278|SPIT1_HUMAN	1.18e-12	51.6	39.623	53
P00975	sp|O43278|SPIT1_HUMAN	3.44e-12	50.4	35.714	56
P00975	sp|O43278|SPIT1_HUMAN	9.2	15.4	30.0	20
P00975	sp|P48307|TFPI2_HUMAN	1.37e-12	51.2	41.509	53
P00975	sp|P48307|TFPI2_HUMAN	1.31e-11	48.5	44.0	50
P00975	sp|P48307|TFPI2_HUMAN	0.000107	29.3	31.034	58
P00975	sp|O95428|PPN_HUMAN	2.9e-12	50.4	40.351	57
P00975	sp|O95428|PPN_HUMAN	1.0	18.1	75.0	8
P00975	sp|O95428|PPN_HUMAN	1.3	18.1	38.095	21
P00975	sp|O95428|PPN_HUMAN	4.7	16.2	71.429	7
P00975	sp|O95428|PPN_HUMAN	5.3	16.2	50.0	12
P00975	sp|Q96NZ8|WFKN1_HUMAN	1.79e-11	48.1	41.509	53
P00975	sp|Q96NZ8|WFKN1_HUMAN	2.26e-06	33.9	31.111	45
P00975	sp|P12111|CO6A3_HUMAN	3.66e-11	47.4	31.481	54
P00975	sp|Q2UY09|COSA1_HUMAN	3.75e-10	44.7	33.333	51
P00975	sp|Q02388|CO7A1_HUMAN	1.09e-09	43.1	39.286	56
P00975	sp|Q6UDR6|SPIT4_HUMAN	4.62e-09	40.0	51.429	35
P00975	sp|Q9BQY6|WFDC6_HUMAN	4.96e-06	32.7	40.0	30
P00975	sp|Q8IUA0|WFDC8_HUMAN	1.29e-05	31.6	31.373	51
P04815	sp|O43291|SPIT2_HUMAN	3e-16	62.8	46.296	54
P04815	sp|O43291|SPIT2_HUMAN	6.29e-14	56.6	32.184	87
P04815	sp|Q06481|APLP2_HUMAN	3.14e-16	63.5	37.179	78
P04815	sp|O95925|EPPI_HUMAN	3e-15	58.2	40.984	61
P04815	sp|P49223|SPIT3_HUMAN	3.21e-15	57.0	46.296	54
P04815	sp|P05067|A4_HUMAN	1.02e-14	59.3	44.898	49
P04815	sp|P05067|A4_HUMAN	5.4	17.3	72.727	11
P04815	sp|Q8TEU8|WFKN2_HUMAN	3.14e-14	58.2	49.02	51
P04815	sp|Q8TEU8|WFKN2_HUMAN	1.47e-10	47.4	34.177	79
P04815	sp|P10646|TFPI1_HUMAN	7.81e-14	56.6	41.379	58
P04815	sp|P10646|TFPI1_HUMAN	8.21e-13	53.9	46.154	52
P04815	sp|P10646|TFPI1_HUMAN	9.9e-13	53.5	42.593	54
P04815	sp|O95428|PPN_HUMAN	3.68e-13	55.1	37.975	79
P04815	sp|O95428|PPN_HUMAN	0.13	21.9	61.538	13
P04815	sp|O95428|PPN_HUMAN	3.2	18.1	33.333	21
P04815	sp|O95428|PPN_HUMAN	7.9	16.9	71.429	7
P04815	sp|O95428|PPN_HUMAN	8.9	16.5	50.0	12
P04815	sp|P02760|AMBP_HUMAN	8.03e-13	53.9	42.105	57
P04815	sp|P02760|AMBP_HUMAN	6.09e-09	42.7	38.462	52
P04815	sp|O43278|SPIT1_HUMAN	8.37e-13	53.9	32.53	83
P04815	sp|O43278|SPIT1_HUMAN	2.72e-12	52.4	36.62	71
P04815	sp|O43278|SPIT1_HUMAN	6.6	16.9	40.0	15
P04815	sp|P48307|TFPI2_HUMAN	1.02e-12	53.1	35.938	64
P04815	sp|P48307|TFPI2_HUMAN	9.95e-12	50.4	44.0	50
P04815	sp|P48307|TFPI2_HUMAN	0.000331	29.3	28.571	70
P04815	sp|Q96NZ8|WFKN1_HUMAN	7.89e-12	51.2	41.935	62
P04815	sp|Q96NZ8|WFKN1_HUMAN	1.7e-06	35.8	30.0	50
P04815	sp|P12111|CO6A3_HUMAN	2.36e-10	47.0	31.481	54
P04815	sp|Q2UY09|COSA1_HUMAN	1.04e-09	45.1	33.333	51
P04815	sp|Q02388|CO7A1_HUMAN	3.2e-09	43.9	39.286	56
P04815	sp|Q6UDR6|SPIT4_HUMAN	2.53e-08	39.7	48.571	35
P04815	sp|Q8IUA0|WFDC8_HUMAN	1.28e-05	33.5	31.373	51
P04815	sp|Q9BQY6|WFDC6_HUMAN	1.52e-05	32.7	40.0	30
P07481	sp|P10646|TFPI1_HUMAN	2.77e-14	56.2	56.522	46
P07481	sp|P10646|TFPI1_HUMAN	4.65e-14	55.5	53.191	47
P07481	sp|P10646|TFPI1_HUMAN	7.52e-08	38.1	38.298	47
P07481	sp|P12111|CO6A3_HUMAN	2.36e-13	53.9	40.351	57
P07481	sp|Q8TEU8|WFKN2_HUMAN	4.94e-12	50.1	43.182	44
P07481	sp|Q8TEU8|WFKN2_HUMAN	0.000152	28.9	29.73	37
P07481	sp|Q02388|CO7A1_HUMAN	2.65e-11	48.1	39.062	64
P07481	sp|O95925|EPPI_HUMAN	5.86e-11	45.8	38.182	55
P07481	sp|P02760|AMBP_HUMAN	8.64e-11	46.6	50.0	46
P07481	sp|P02760|AMBP_HUMAN	2.82e-09	42.4	35.714	56
P07481	sp|Q2UY09|COSA1_HUMAN	2.99e-10	45.1	34.545	55
P07481	sp|P48307|TFPI2_HUMAN	3.59e-10	44.7	41.304	46
P07481	sp|P48307|TFPI2_HUMAN	3.29e-08	39.3	40.476	42
P07481	sp|P48307|TFPI2_HUMAN	9.51e-05	29.3	33.333	51
P07481	sp|O43291|SPIT2_HUMAN	7.41e-10	43.9	43.182	44
P07481	sp|O43291|SPIT2_HUMAN	1.24e-07	37.4	34.091	44
P07481	sp|Q96NZ8|WFKN1_HUMAN	7.47e-10	43.9	35.593	59
P07481	sp|Q96NZ8|WFKN1_HUMAN	8.29e-05	29.6	27.941	68
P07481	sp|P49223|SPIT3_HUMAN	1e-09	41.6	45.652	46
P07481	sp|Q6UDR6|SPIT4_HUMAN	1.32e-08	38.9	40.0	45
P07481	sp|O43278|SPIT1_HUMAN	1.75e-08	40.0	36.842	57
P07481	sp|O43278|SPIT1_HUMAN	5.7e-07	35.8	34.694	49
P07481	sp|Q9BQY6|WFDC6_HUMAN	5.32e-08	37.7	58.065	31
P07481	sp|O95428|PPN_HUMAN	3.22e-07	36.6	34.091	44
P07481	sp|O95428|PPN_HUMAN	2.1	17.3	33.333	33
P07481	sp|Q06481|APLP2_HUMAN	3.93e-07	36.2	33.962	53
P07481	sp|P05067|A4_HUMAN	8.39e-07	35.4	31.915	47
P07481	sp|Q8IUA0|WFDC8_HUMAN	0.001	26.2	28.889	45
P0DJ64	sp|P12111|CO6A3_HUMAN	4.25e-18	68.6	44.0	75
P0DJ64	sp|Q02388|CO7A1_HUMAN	7.81e-15	59.3	48.214	56
P0DJ64	sp|O95925|EPPI_HUMAN	4.41e-14	54.7	40.351	57
P0DJ64	sp|P05067|A4_HUMAN	9.18e-12	50.4	44.0	50
P0DJ64	sp|P05067|A4_HUMAN	8.3	16.5	50.0	8
P0DJ64	sp|P02760|AMBP_HUMAN	2.81e-11	48.9	41.818	55
P0DJ64	sp|P02760|AMBP_HUMAN	9.44e-11	47.4	39.623	53
P0DJ64	sp|Q06481|APLP2_HUMAN	2.94e-11	48.9	37.931	58
P0DJ64	sp|O95428|PPN_HUMAN	7.08e-11	48.1	41.176	51
P0DJ64	sp|O95428|PPN_HUMAN	1.5	18.5	52.941	17
P0DJ64	sp|O43291|SPIT2_HUMAN	1.77e-10	46.6	34.286	70
P0DJ64	sp|O43291|SPIT2_HUMAN	6.17e-09	42.4	37.037	54
P0DJ64	sp|P49223|SPIT3_HUMAN	2.44e-10	44.3	37.736	53
P0DJ64	sp|Q8TEU8|WFKN2_HUMAN	7.77e-10	45.1	37.5	56
P0DJ64	sp|Q8TEU8|WFKN2_HUMAN	4.68e-06	34.3	37.255	51
P0DJ64	sp|Q8TEU8|WFKN2_HUMAN	1.7	18.5	27.273	22
P0DJ64	sp|P10646|TFPI1_HUMAN	4.89e-09	42.7	35.849	53
P0DJ64	sp|P10646|TFPI1_HUMAN	2.56e-08	40.4	33.333	54
P0DJ64	sp|P10646|TFPI1_HUMAN	1.85e-07	38.1	35.849	53
P0DJ64	sp|P48307|TFPI2_HUMAN	1.22e-08	41.6	38.71	62
P0DJ64	sp|P48307|TFPI2_HUMAN	2.08e-06	35.0	39.583	48
P0DJ64	sp|P48307|TFPI2_HUMAN	9.58e-05	30.4	39.286	56
P0DJ64	sp|Q2UY09|COSA1_HUMAN	1.45e-08	41.6	34.043	47
P0DJ64	sp|O43278|SPIT1_HUMAN	2.85e-08	40.4	39.623	53
P0DJ64	sp|O43278|SPIT1_HUMAN	8.6e-08	39.3	36.957	46
P0DJ64	sp|Q96NZ8|WFKN1_HUMAN	9.7e-08	38.9	35.714	56
P0DJ64	sp|Q96NZ8|WFKN1_HUMAN	0.03	23.5	25.275	91
P0DJ64	sp|Q8IUA0|WFDC8_HUMAN	2.9e-07	37.7	38.596	57
P0DJ64	sp|Q9BQY6|WFDC6_HUMAN	8.46e-07	35.8	50.0	28
P0DJ64	sp|Q6UDR6|SPIT4_HUMAN	0.00014	29.3	32.143	56
P0DJ65	sp|P12111|CO6A3_HUMAN	4.12e-17	65.9	42.667	75
P0DJ65	sp|O95925|EPPI_HUMAN	8.65e-14	53.9	40.351	57
P0DJ65	sp|Q02388|CO7A1_HUMAN	1.29e-13	55.8	46.429	56
P0DJ65	sp|P05067|A4_HUMAN	4.55e-12	51.2	47.917	48
P0DJ65	sp|P05067|A4_HUMAN	8.3	16.5	50.0	8
P0DJ65	sp|Q06481|APLP2_HUMAN	5.16e-12	51.2	39.655	58
P0DJ65	sp|O95428|PPN_HUMAN	9.74e-12	50.4	43.137	51
P0DJ65	sp|O95428|PPN_HUMAN	1.6	18.5	52.941	17
P0DJ65	sp|P02760|AMBP_HUMAN	2.4e-11	49.3	41.818	55
P0DJ65	sp|P02760|AMBP_HUMAN	7.76e-11	47.8	39.623	53
P0DJ65	sp|O43291|SPIT2_HUMAN	3.36e-11	48.5	35.714	70
P0DJ65	sp|O43291|SPIT2_HUMAN	4.08e-09	42.7	37.037	54
P0DJ65	sp|Q8TEU8|WFKN2_HUMAN	8.32e-10	45.1	37.5	56
P0DJ65	sp|Q8TEU8|WFKN2_HUMAN	8.43e-06	33.5	37.255	51
P0DJ65	sp|Q8TEU8|WFKN2_HUMAN	1.8	18.5	27.273	22
P0DJ65	sp|P49223|SPIT3_HUMAN	1.25e-09	42.4	37.736	53
P0DJ65	sp|Q2UY09|COSA1_HUMAN	7.91e-09	42.0	34.043	47
P0DJ65	sp|P10646|TFPI1_HUMAN	3.82e-08	40.0	33.962	53
P0DJ65	sp|P10646|TFPI1_HUMAN	1.92e-07	38.1	31.481	54
P0DJ65	sp|P10646|TFPI1_HUMAN	1.5e-06	35.4	33.962	53
P0DJ65	sp|O43278|SPIT1_HUMAN	5.65e-08	39.7	39.623	53
P0DJ65	sp|O43278|SPIT1_HUMAN	3.99e-07	37.4	35.556	45
P0DJ65	sp|Q96NZ8|WFKN1_HUMAN	9.14e-08	39.3	35.714	56
P0DJ65	sp|Q96NZ8|WFKN1_HUMAN	0.017	24.3	25.275	91
P0DJ65	sp|P48307|TFPI2_HUMAN	1.05e-07	38.9	37.097	62
P0DJ65	sp|P48307|TFPI2_HUMAN	1.55e-05	32.7	37.5	48
P0DJ65	sp|P48307|TFPI2_HUMAN	1.98e-05	32.3	41.071	56
P0DJ65	sp|Q8IUA0|WFDC8_HUMAN	2.12e-07	38.1	38.596	57
P0DJ65	sp|Q9BQY6|WFDC6_HUMAN	5.71e-07	36.2	50.0	28
P0DJ65	sp|Q6UDR6|SPIT4_HUMAN	0.000669	27.3	30.357	56
P0DJ67	sp|P12111|CO6A3_HUMAN	5.01e-18	68.2	44.0	75
P0DJ67	sp|Q02388|CO7A1_HUMAN	9.87e-15	58.9	48.214	56
P0DJ67	sp|O95925|EPPI_HUMAN	4.96e-14	54.7	40.351	57
P0DJ67	sp|P05067|A4_HUMAN	2.71e-12	52.0	46.0	50
P0DJ67	sp|P05067|A4_HUMAN	8.3	16.5	50.0	8
P0DJ67	sp|Q06481|APLP2_HUMAN	8.66e-12	50.4	39.655	58
P0DJ67	sp|O95428|PPN_HUMAN	2.17e-11	49.3	43.137	51
P0DJ67	sp|O95428|PPN_HUMAN	1.5	18.5	52.941	17
P0DJ67	sp|P02760|AMBP_HUMAN	2.89e-11	48.9	41.818	55
P0DJ67	sp|P02760|AMBP_HUMAN	9.16e-11	47.4	39.623	53
P0DJ67	sp|O43291|SPIT2_HUMAN	5.48e-11	48.1	35.714	70
P0DJ67	sp|O43291|SPIT2_HUMAN	5.99e-09	42.4	37.037	54
P0DJ67	sp|P49223|SPIT3_HUMAN	3.1e-10	43.9	37.736	53
P0DJ67	sp|Q8TEU8|WFKN2_HUMAN	9.63e-10	44.7	37.5	56
P0DJ67	sp|Q8TEU8|WFKN2_HUMAN	1.48e-06	35.8	39.216	51
P0DJ67	sp|Q8TEU8|WFKN2_HUMAN	2.4	18.1	27.273	22
P0DJ67	sp|P10646|TFPI1_HUMAN	5.24e-09	42.4	35.849	53
P0DJ67	sp|P10646|TFPI1_HUMAN	2.48e-08	40.8	33.333	54
P0DJ67	sp|P10646|TFPI1_HUMAN	1.98e-07	38.1	35.849	53
P0DJ67	sp|Q2UY09|COSA1_HUMAN	1.16e-08	41.6	34.043	47
P0DJ67	sp|P48307|TFPI2_HUMAN	1.7e-08	40.8	38.71	62
P0DJ67	sp|P48307|TFPI2_HUMAN	2.81e-06	34.7	39.583	48
P0DJ67	sp|P48307|TFPI2_HUMAN	2.87e-05	32.0	41.071	56
P0DJ67	sp|O43278|SPIT1_HUMAN	6.41e-08	39.7	39.623	53
P0DJ67	sp|O43278|SPIT1_HUMAN	8.35e-08	39.3	36.957	46
P0DJ67	sp|Q96NZ8|WFKN1_HUMAN	1.21e-07	38.9	35.714	56
P0DJ67	sp|Q96NZ8|WFKN1_HUMAN	0.025	23.9	25.275	91
P0DJ67	sp|Q8IUA0|WFDC8_HUMAN	2.9e-07	37.7	38.596	57
P0DJ67	sp|Q9BQY6|WFDC6_HUMAN	5.54e-07	36.2	50.0	28
P0DJ67	sp|Q6UDR6|SPIT4_HUMAN	0.000573	27.7	32.558	43
P0DJ68	sp|P12111|CO6A3_HUMAN	7.83e-17	65.1	42.667	75
P0DJ68	sp|Q02388|CO7A1_HUMAN	1.45e-13	55.5	46.429	56
P0DJ68	sp|O95925|EPPI_HUMAN	4.03e-13	52.4	39.655	58
P0DJ68	sp|P02760|AMBP_HUMAN	1.53e-11	49.7	41.818	55
P0DJ68	sp|P02760|AMBP_HUMAN	4.51e-10	45.4	39.623	53
P0DJ68	sp|P05067|A4_HUMAN	3.97e-11	48.5	44.0	50
P0DJ68	sp|P05067|A4_HUMAN	8.3	16.5	50.0	8
P0DJ68	sp|Q06481|APLP2_HUMAN	1.27e-10	47.4	37.931	58
P0DJ68	sp|O95428|PPN_HUMAN	4.67e-10	45.8	41.176	51
P0DJ68	sp|O95428|PPN_HUMAN	1.8	18.5	52.941	17
P0DJ68	sp|Q8TEU8|WFKN2_HUMAN	8.4e-10	45.1	37.5	56
P0DJ68	sp|Q8TEU8|WFKN2_HUMAN	9.2e-06	33.5	39.216	51
P0DJ68	sp|O43291|SPIT2_HUMAN	1.16e-09	44.3	34.286	70
P0DJ68	sp|O43291|SPIT2_HUMAN	2.81e-08	40.4	37.037	54
P0DJ68	sp|P49223|SPIT3_HUMAN	2.83e-09	41.6	37.736	53
P0DJ68	sp|P10646|TFPI1_HUMAN	3.11e-08	40.4	35.849	53
P0DJ68	sp|P10646|TFPI1_HUMAN	4.77e-07	37.0	31.481	54
P0DJ68	sp|P10646|TFPI1_HUMAN	1.17e-06	35.8	35.849	53
P0DJ68	sp|Q96NZ8|WFKN1_HUMAN	9.7e-08	38.9	35.714	56
P0DJ68	sp|Q96NZ8|WFKN1_HUMAN	0.14	21.6	25.275	91
P0DJ68	sp|Q2UY09|COSA1_HUMAN	1.71e-07	38.5	31.915	47
P0DJ68	sp|P48307|TFPI2_HUMAN	2.72e-07	37.7	37.097	62
P0DJ68	sp|P48307|TFPI2_HUMAN	4.83e-05	31.2	37.5	48
P0DJ68	sp|P48307|TFPI2_HUMAN	0.000216	29.3	41.071	56
P0DJ68	sp|Q9BQY6|WFDC6_HUMAN	5.89e-07	36.2	50.0	28
P0DJ68	sp|O43278|SPIT1_HUMAN	9.83e-07	36.2	37.736	53
P0DJ68	sp|O43278|SPIT1_HUMAN	1.41e-06	35.8	34.783	46
P0DJ68	sp|Q8IUA0|WFDC8_HUMAN	2.4e-06	35.0	38.596	57
P0DJ68	sp|Q6UDR6|SPIT4_HUMAN	0.003	25.8	32.558	43
P0DJ70	sp|P12111|CO6A3_HUMAN	3.67e-18	68.6	44.0	75
P0DJ70	sp|Q02388|CO7A1_HUMAN	6.75e-15	59.3	48.214	56
P0DJ70	sp|O95925|EPPI_HUMAN	3.37e-14	55.1	40.351	57
P0DJ70	sp|P05067|A4_HUMAN	1.85e-12	52.4	46.0	50
P0DJ70	sp|P05067|A4_HUMAN	8.3	16.5	50.0	8
P0DJ70	sp|Q06481|APLP2_HUMAN	5.92e-12	50.8	39.655	58
P0DJ70	sp|O95428|PPN_HUMAN	1.48e-11	50.1	43.137	51
P0DJ70	sp|O95428|PPN_HUMAN	1.5	18.5	52.941	17
P0DJ70	sp|P02760|AMBP_HUMAN	1.99e-11	49.3	41.818	55
P0DJ70	sp|P02760|AMBP_HUMAN	6.51e-11	48.1	39.623	53
P0DJ70	sp|O43291|SPIT2_HUMAN	3.95e-11	48.5	35.714	70
P0DJ70	sp|O43291|SPIT2_HUMAN	4.24e-09	42.7	37.037	54
P0DJ70	sp|P49223|SPIT3_HUMAN	2.81e-10	43.9	37.736	53
P0DJ70	sp|Q8TEU8|WFKN2_HUMAN	6.91e-10	45.1	37.5	56
P0DJ70	sp|Q8TEU8|WFKN2_HUMAN	1.09e-06	36.2	39.216	51
P0DJ70	sp|Q8TEU8|WFKN2_HUMAN	1.8	18.5	27.273	22
P0DJ70	sp|P10646|TFPI1_HUMAN	3.58e-09	43.1	35.849	53
P0DJ70	sp|P10646|TFPI1_HUMAN	1.8e-08	41.2	33.333	54
P0DJ70	sp|P10646|TFPI1_HUMAN	1.39e-07	38.5	35.849	53
P0DJ70	sp|Q2UY09|COSA1_HUMAN	7.91e-09	42.0	34.043	47
P0DJ70	sp|P48307|TFPI2_HUMAN	1.27e-08	41.2	38.71	62
P0DJ70	sp|P48307|TFPI2_HUMAN	1.92e-06	35.0	39.583	48
P0DJ70	sp|P48307|TFPI2_HUMAN	2.32e-05	32.3	41.071	56
P0DJ70	sp|O43278|SPIT1_HUMAN	4.42e-08	40.0	39.623	53
P0DJ70	sp|O43278|SPIT1_HUMAN	5.99e-08	39.7	36.957	46
P0DJ70	sp|Q96NZ8|WFKN1_HUMAN	7.52e-08	39.3	35.714	56
P0DJ70	sp|Q96NZ8|WFKN1_HUMAN	0.017	24.3	25.275	91
P0DJ70	sp|Q8IUA0|WFDC8_HUMAN	2.23e-07	37.7	38.596	57
P0DJ70	sp|Q9BQY6|WFDC6_HUMAN	5.2e-07	36.2	50.0	28
P0DJ70	sp|Q6UDR6|SPIT4_HUMAN	0.000404	28.1	30.357	56
P0DJ71	sp|P12111|CO6A3_HUMAN	2.82e-18	68.9	44.0	75
P0DJ71	sp|P12111|CO6A3_HUMAN	2.5	18.1	32.0	25
P0DJ71	sp|P12111|CO6A3_HUMAN	8.0	16.5	35.0	20
P0DJ71	sp|Q02388|CO7A1_HUMAN	8.78e-15	58.9	48.214	56
P0DJ71	sp|Q02388|CO7A1_HUMAN	7.3	16.5	41.176	17
P0DJ71	sp|O95925|EPPI_HUMAN	3.19e-13	52.8	38.596	57
P0DJ71	sp|P05067|A4_HUMAN	1.07e-12	53.1	46.0	50
P0DJ71	sp|P05067|A4_HUMAN	8.3	16.5	50.0	8
P0DJ71	sp|Q06481|APLP2_HUMAN	4.63e-12	51.2	39.655	58
P0DJ71	sp|O95428|PPN_HUMAN	7.27e-12	50.8	43.137	51
P0DJ71	sp|O95428|PPN_HUMAN	1.8	18.5	52.941	17
P0DJ71	sp|O43291|SPIT2_HUMAN	4.23e-11	48.5	35.714	70
P0DJ71	sp|O43291|SPIT2_HUMAN	2.59e-09	43.5	37.037	54
P0DJ71	sp|P02760|AMBP_HUMAN	5.3e-11	48.1	41.818	55
P0DJ71	sp|P02760|AMBP_HUMAN	2.63e-10	46.2	39.623	53
P0DJ71	sp|P49223|SPIT3_HUMAN	2.06e-10	44.3	37.736	53
P0DJ71	sp|Q8TEU8|WFKN2_HUMAN	6.84e-10	45.1	37.5	56
P0DJ71	sp|Q8TEU8|WFKN2_HUMAN	1.66e-06	35.4	37.255	51
P0DJ71	sp|Q8TEU8|WFKN2_HUMAN	8.9	16.2	25.0	16
P0DJ71	sp|P10646|TFPI1_HUMAN	3.79e-09	43.1	35.849	53
P0DJ71	sp|P10646|TFPI1_HUMAN	1.05e-08	41.6	33.333	54
P0DJ71	sp|P10646|TFPI1_HUMAN	1.3e-07	38.5	35.849	53
P0DJ71	sp|Q2UY09|COSA1_HUMAN	5.4e-09	42.7	34.043	47
P0DJ71	sp|P48307|TFPI2_HUMAN	8.52e-09	42.0	38.71	62
P0DJ71	sp|P48307|TFPI2_HUMAN	2.91e-07	37.4	41.667	48
P0DJ71	sp|P48307|TFPI2_HUMAN	8.03e-05	30.8	39.286	56
P0DJ71	sp|O43278|SPIT1_HUMAN	2.9e-08	40.4	39.623	53
P0DJ71	sp|O43278|SPIT1_HUMAN	4.01e-08	40.0	36.957	46
P0DJ71	sp|Q96NZ8|WFKN1_HUMAN	1.07e-07	38.9	35.714	56
P0DJ71	sp|Q96NZ8|WFKN1_HUMAN	0.005	25.8	29.787	47
P0DJ71	sp|Q8IUA0|WFDC8_HUMAN	3.17e-07	37.4	38.596	57
P0DJ71	sp|Q9BQY6|WFDC6_HUMAN	5.65e-07	36.2	50.0	28
P0DJ71	sp|Q6UDR6|SPIT4_HUMAN	0.000421	28.1	30.357	56
P0DJ72	sp|P12111|CO6A3_HUMAN	4.5e-18	68.6	44.0	75
P0DJ72	sp|Q02388|CO7A1_HUMAN	3.15e-15	60.5	48.214	56
P0DJ72	sp|O95925|EPPI_HUMAN	9.83e-15	56.6	42.105	57
P0DJ72	sp|P05067|A4_HUMAN	7.55e-12	50.8	44.0	50
P0DJ72	sp|P05067|A4_HUMAN	8.3	16.5	50.0	8
P0DJ72	sp|Q06481|APLP2_HUMAN	2.41e-11	49.3	37.931	58
P0DJ72	sp|O95428|PPN_HUMAN	5.28e-11	48.5	41.176	51
P0DJ72	sp|O95428|PPN_HUMAN	1.4	18.9	52.941	17
P0DJ72	sp|P49223|SPIT3_HUMAN	6.77e-11	45.8	39.623	53
P0DJ72	sp|P02760|AMBP_HUMAN	6.97e-11	47.8	40.0	55
P0DJ72	sp|P02760|AMBP_HUMAN	2.27e-10	46.6	37.736	53
P0DJ72	sp|O43291|SPIT2_HUMAN	1.44e-10	47.0	34.286	70
P0DJ72	sp|O43291|SPIT2_HUMAN	1.26e-09	44.3	38.889	54
P0DJ72	sp|Q8TEU8|WFKN2_HUMAN	2.73e-10	46.2	37.5	56
P0DJ72	sp|Q8TEU8|WFKN2_HUMAN	8.21e-07	36.6	39.216	51
P0DJ72	sp|Q8TEU8|WFKN2_HUMAN	1.8	18.5	27.273	22
P0DJ72	sp|P10646|TFPI1_HUMAN	3.15e-09	43.1	35.849	53
P0DJ72	sp|P10646|TFPI1_HUMAN	5.19e-09	42.7	35.185	54
P0DJ72	sp|P10646|TFPI1_HUMAN	1.21e-07	38.5	35.849	53
P0DJ72	sp|P48307|TFPI2_HUMAN	1.16e-08	41.6	38.71	62
P0DJ72	sp|P48307|TFPI2_HUMAN	8.75e-07	36.2	39.583	48
P0DJ72	sp|P48307|TFPI2_HUMAN	7.5e-05	30.8	39.286	56
P0DJ72	sp|O43278|SPIT1_HUMAN	2.17e-08	40.8	37.736	53
P0DJ72	sp|O43278|SPIT1_HUMAN	1.13e-07	38.9	34.783	46
P0DJ72	sp|Q2UY09|COSA1_HUMAN	3.23e-08	40.4	31.915	47
P0DJ72	sp|Q96NZ8|WFKN1_HUMAN	1.29e-07	38.5	35.714	56
P0DJ72	sp|Q96NZ8|WFKN1_HUMAN	0.012	24.6	30.769	39
P0DJ72	sp|Q8IUA0|WFDC8_HUMAN	8.31e-07	36.2	36.842	57
P0DJ72	sp|Q9BQY6|WFDC6_HUMAN	2.1e-06	34.7	46.429	28
P0DJ72	sp|Q6UDR6|SPIT4_HUMAN	0.000147	29.3	32.609	46
P0DJ73	sp|P12111|CO6A3_HUMAN	6.64e-17	65.1	50.943	53
P0DJ73	sp|Q02388|CO7A1_HUMAN	2.59e-14	57.8	48.148	54
P0DJ73	sp|O95925|EPPI_HUMAN	8.02e-14	54.3	40.351	57
P0DJ73	sp|P05067|A4_HUMAN	1.24e-12	52.8	46.0	50
P0DJ73	sp|Q06481|APLP2_HUMAN	3.49e-12	51.6	39.655	58
P0DJ73	sp|P02760|AMBP_HUMAN	1.06e-11	50.1	41.818	55
P0DJ73	sp|P02760|AMBP_HUMAN	1.91e-10	46.6	39.216	51
P0DJ73	sp|O95428|PPN_HUMAN	1.5e-11	50.1	43.137	51
P0DJ73	sp|O95428|PPN_HUMAN	6.5	16.9	47.059	17
P0DJ73	sp|O95428|PPN_HUMAN	8.3	16.5	34.783	23
P0DJ73	sp|O43291|SPIT2_HUMAN	1.1e-10	47.4	43.137	51
P0DJ73	sp|O43291|SPIT2_HUMAN	2.7e-08	40.4	40.0	45
P0DJ73	sp|Q8TEU8|WFKN2_HUMAN	4.12e-10	45.8	37.5	56
P0DJ73	sp|Q8TEU8|WFKN2_HUMAN	9.41e-07	36.2	39.216	51
P0DJ73	sp|Q8TEU8|WFKN2_HUMAN	1.8	18.5	27.273	22
P0DJ73	sp|P49223|SPIT3_HUMAN	6.86e-10	43.1	37.736	53
P0DJ73	sp|P10646|TFPI1_HUMAN	3.98e-09	42.7	35.849	53
P0DJ73	sp|P10646|TFPI1_HUMAN	3.78e-08	40.0	33.333	54
P0DJ73	sp|P10646|TFPI1_HUMAN	7.7e-07	36.6	35.294	51
P0DJ73	sp|Q2UY09|COSA1_HUMAN	5.84e-09	42.4	34.043	47
P0DJ73	sp|O43278|SPIT1_HUMAN	2.32e-08	40.8	33.898	59
P0DJ73	sp|O43278|SPIT1_HUMAN	1.49e-07	38.5	34.783	69
P0DJ73	sp|P48307|TFPI2_HUMAN	3.57e-08	40.0	38.71	62
P0DJ73	sp|P48307|TFPI2_HUMAN	8.61e-06	33.5	36.735	49
P0DJ73	sp|P48307|TFPI2_HUMAN	4.33e-05	31.6	41.071	56
P0DJ73	sp|Q9BQY6|WFDC6_HUMAN	1.66e-07	37.7	53.571	28
P0DJ73	sp|Q8IUA0|WFDC8_HUMAN	4.43e-07	37.0	41.176	51
P0DJ73	sp|Q96NZ8|WFKN1_HUMAN	5.92e-07	37.0	35.294	51
P0DJ73	sp|Q96NZ8|WFKN1_HUMAN	0.015	24.3	31.579	38
P0DJ73	sp|Q6UDR6|SPIT4_HUMAN	0.002	26.2	29.63	54
P0DMJ1	sp|P12111|CO6A3_HUMAN	1.92e-19	72.4	45.333	75
P0DMJ1	sp|Q02388|CO7A1_HUMAN	2.65e-17	66.2	47.059	68
P0DMJ1	sp|O95925|EPPI_HUMAN	2.07e-15	58.2	41.379	58
P0DMJ1	sp|Q06481|APLP2_HUMAN	2.84e-14	57.8	43.103	58
P0DMJ1	sp|P05067|A4_HUMAN	4.36e-14	57.0	48.0	50
P0DMJ1	sp|P05067|A4_HUMAN	8.3	16.5	50.0	8
P0DMJ1	sp|P02760|AMBP_HUMAN	5.72e-13	53.9	43.636	55
P0DMJ1	sp|P02760|AMBP_HUMAN	3.67e-12	51.6	41.509	53
P0DMJ1	sp|O95428|PPN_HUMAN	6.21e-13	53.9	45.098	51
P0DMJ1	sp|O95428|PPN_HUMAN	1.2	18.9	40.0	20
P0DMJ1	sp|O95428|PPN_HUMAN	4.3	17.3	34.783	23
P0DMJ1	sp|O95428|PPN_HUMAN	9.0	16.5	100.0	5
P0DMJ1	sp|O43291|SPIT2_HUMAN	8.35e-13	53.1	43.396	53
P0DMJ1	sp|O43291|SPIT2_HUMAN	2.08e-10	46.6	38.889	54
P0DMJ1	sp|P49223|SPIT3_HUMAN	4.13e-12	48.9	39.623	53
P0DMJ1	sp|Q8TEU8|WFKN2_HUMAN	1.27e-11	50.1	41.071	56
P0DMJ1	sp|Q8TEU8|WFKN2_HUMAN	5.05e-08	39.7	41.176	51
P0DMJ1	sp|Q8TEU8|WFKN2_HUMAN	2.0	18.1	27.273	22
P0DMJ1	sp|P10646|TFPI1_HUMAN	7.6e-11	47.8	37.736	53
P0DMJ1	sp|P10646|TFPI1_HUMAN	8.81e-10	44.7	35.185	54
P0DMJ1	sp|P10646|TFPI1_HUMAN	5.45e-09	42.4	37.736	53
P0DMJ1	sp|Q2UY09|COSA1_HUMAN	1.85e-10	46.6	36.17	47
P0DMJ1	sp|P48307|TFPI2_HUMAN	8.6e-10	44.7	44.444	54
P0DMJ1	sp|P48307|TFPI2_HUMAN	8.59e-08	38.9	41.667	48
P0DMJ1	sp|P48307|TFPI2_HUMAN	5.59e-06	33.9	47.5	40
P0DMJ1	sp|O43278|SPIT1_HUMAN	2.2e-09	43.5	41.509	53
P0DMJ1	sp|O43278|SPIT1_HUMAN	2.72e-09	43.5	39.13	46
P0DMJ1	sp|Q96NZ8|WFKN1_HUMAN	3.1e-09	43.1	37.5	56
P0DMJ1	sp|Q96NZ8|WFKN1_HUMAN	0.001	27.7	34.211	38
P0DMJ1	sp|Q8IUA0|WFDC8_HUMAN	1.01e-08	41.6	40.351	57
P0DMJ1	sp|Q9BQY6|WFDC6_HUMAN	9.88e-07	35.4	50.0	28
P0DMJ1	sp|Q6UDR6|SPIT4_HUMAN	2.68e-05	31.2	32.143	56
P0DMW6	sp|Q06481|APLP2_HUMAN	2.68e-21	76.3	50.0	58
P0DMW6	sp|Q8TEU8|WFKN2_HUMAN	7.35e-19	69.3	54.902	51
P0DMW6	sp|Q8TEU8|WFKN2_HUMAN	3.99e-07	35.8	39.474	38
P0DMW6	sp|O43291|SPIT2_HUMAN	2.74e-18	66.6	50.0	54
P0DMW6	sp|O43291|SPIT2_HUMAN	2.91e-15	58.5	46.154	52
P0DMW6	sp|P05067|A4_HUMAN	4.45e-18	67.0	55.102	49
P0DMW6	sp|P10646|TFPI1_HUMAN	3.54e-17	63.9	50.909	55
P0DMW6	sp|P10646|TFPI1_HUMAN	7.34e-15	57.8	43.396	53
P0DMW6	sp|P10646|TFPI1_HUMAN	3.8e-14	55.8	47.273	55
P0DMW6	sp|Q96NZ8|WFKN1_HUMAN	1.71e-15	59.7	50.98	51
P0DMW6	sp|Q96NZ8|WFKN1_HUMAN	1.17e-05	32.0	31.915	47
P0DMW6	sp|P49223|SPIT3_HUMAN	1.97e-15	56.2	46.154	52
P0DMW6	sp|P12111|CO6A3_HUMAN	2.2e-15	59.3	41.176	51
P0DMW6	sp|P12111|CO6A3_HUMAN	0.63	18.9	71.429	7
P0DMW6	sp|P12111|CO6A3_HUMAN	1.1	18.1	45.455	11
P0DMW6	sp|O43278|SPIT1_HUMAN	1.69e-14	56.6	42.857	56
P0DMW6	sp|O43278|SPIT1_HUMAN	6.74e-12	49.3	45.652	46
P0DMW6	sp|O95925|EPPI_HUMAN	3.39e-14	53.9	37.5	56
P0DMW6	sp|Q02388|CO7A1_HUMAN	5.4e-14	55.5	42.373	59
P0DMW6	sp|P48307|TFPI2_HUMAN	5.59e-14	54.7	50.0	52
P0DMW6	sp|P48307|TFPI2_HUMAN	1.46e-11	48.1	48.98	49
P0DMW6	sp|P48307|TFPI2_HUMAN	3.01e-05	30.8	32.653	49
P0DMW6	sp|O95428|PPN_HUMAN	6.77e-13	52.4	40.385	52
P0DMW6	sp|P02760|AMBP_HUMAN	1.22e-12	51.6	47.17	53
P0DMW6	sp|P02760|AMBP_HUMAN	1.4e-11	48.5	43.137	51
P0DMW6	sp|Q2UY09|COSA1_HUMAN	1.04e-10	46.2	36.364	44
P0DMW6	sp|Q6UDR6|SPIT4_HUMAN	8.56e-10	42.0	33.929	56
P0DMW6	sp|Q8IUA0|WFDC8_HUMAN	3.89e-08	38.9	37.255	51
P0DMW6	sp|Q9BQY6|WFDC6_HUMAN	6.66e-07	34.7	40.909	44
P0DMW7	sp|Q06481|APLP2_HUMAN	2.9e-21	75.9	50.0	58
P0DMW7	sp|Q8TEU8|WFKN2_HUMAN	9.57e-19	68.9	54.902	51
P0DMW7	sp|Q8TEU8|WFKN2_HUMAN	5.92e-07	35.4	39.474	38
P0DMW7	sp|O43291|SPIT2_HUMAN	3.37e-18	66.2	50.0	54
P0DMW7	sp|O43291|SPIT2_HUMAN	3.19e-15	58.5	46.154	52
P0DMW7	sp|P05067|A4_HUMAN	5.51e-18	66.6	55.102	49
P0DMW7	sp|P10646|TFPI1_HUMAN	6.35e-17	63.5	46.552	58
P0DMW7	sp|P10646|TFPI1_HUMAN	4e-15	58.5	45.283	53
P0DMW7	sp|P10646|TFPI1_HUMAN	1.3e-14	57.0	49.091	55
P0DMW7	sp|Q96NZ8|WFKN1_HUMAN	2.04e-15	59.3	50.98	51
P0DMW7	sp|Q96NZ8|WFKN1_HUMAN	1.7e-05	31.6	31.915	47
P0DMW7	sp|P12111|CO6A3_HUMAN	2.43e-15	59.3	38.889	54
P0DMW7	sp|P12111|CO6A3_HUMAN	0.38	19.2	54.545	11
P0DMW7	sp|P12111|CO6A3_HUMAN	0.63	18.9	71.429	7
P0DMW7	sp|P12111|CO6A3_HUMAN	2.9	16.9	62.5	8
P0DMW7	sp|P12111|CO6A3_HUMAN	4.4	16.5	38.462	13
P0DMW7	sp|P12111|CO6A3_HUMAN	6.6	15.8	45.455	11
P0DMW7	sp|P49223|SPIT3_HUMAN	3.66e-15	55.5	46.154	52
P0DMW7	sp|O43278|SPIT1_HUMAN	1.79e-14	56.6	42.857	56
P0DMW7	sp|O43278|SPIT1_HUMAN	7.89e-12	49.3	45.652	46
P0DMW7	sp|O95925|EPPI_HUMAN	3.5e-14	53.9	36.207	58
P0DMW7	sp|P48307|TFPI2_HUMAN	8.33e-14	54.3	46.296	54
P0DMW7	sp|P48307|TFPI2_HUMAN	3.61e-11	47.0	46.939	49
P0DMW7	sp|P48307|TFPI2_HUMAN	0.000121	28.9	30.612	49
P0DMW7	sp|Q02388|CO7A1_HUMAN	1.82e-13	53.9	42.373	59
P0DMW7	sp|O95428|PPN_HUMAN	8.83e-13	52.0	40.385	52
P0DMW7	sp|P02760|AMBP_HUMAN	3.12e-12	50.4	45.283	53
P0DMW7	sp|P02760|AMBP_HUMAN	1.84e-11	48.1	43.137	51
P0DMW7	sp|Q2UY09|COSA1_HUMAN	1.83e-10	45.4	36.364	44
P0DMW7	sp|Q6UDR6|SPIT4_HUMAN	2.89e-09	40.4	32.143	56
P0DMW7	sp|Q8IUA0|WFDC8_HUMAN	4.25e-08	38.5	37.255	51
P0DMW7	sp|Q9BQY6|WFDC6_HUMAN	5.63e-07	35.0	51.724	29
P10831	sp|P10646|TFPI1_HUMAN	5.04e-15	58.2	51.02	49
P10831	sp|P10646|TFPI1_HUMAN	1.95e-12	51.2	54.348	46
P10831	sp|P10646|TFPI1_HUMAN	2.98e-07	36.6	38.776	49
P10831	sp|Q8TEU8|WFKN2_HUMAN	1.95e-13	53.9	47.727	44
P10831	sp|Q8TEU8|WFKN2_HUMAN	0.004	25.0	27.778	36
P10831	sp|O95925|EPPI_HUMAN	1.09e-12	50.1	46.667	45
P10831	sp|P12111|CO6A3_HUMAN	2.21e-12	50.8	43.478	46
P10831	sp|P12111|CO6A3_HUMAN	5.8	16.2	40.0	10
P10831	sp|P02760|AMBP_HUMAN	3.32e-12	50.4	47.826	46
P10831	sp|P02760|AMBP_HUMAN	5.76e-12	49.7	47.727	44
P10831	sp|P48307|TFPI2_HUMAN	3.73e-12	50.1	43.478	46
P10831	sp|P48307|TFPI2_HUMAN	1.12e-08	40.4	38.095	42
P10831	sp|P48307|TFPI2_HUMAN	0.000286	28.1	30.909	55
P10831	sp|Q02388|CO7A1_HUMAN	1.7e-11	48.5	39.683	63
P10831	sp|Q02388|CO7A1_HUMAN	3.4	16.9	35.0	20
P10831	sp|P49223|SPIT3_HUMAN	3.46e-11	45.4	45.455	44
P10831	sp|O43291|SPIT2_HUMAN	2.25e-10	45.1	43.182	44
P10831	sp|O43291|SPIT2_HUMAN	4.04e-09	41.6	34.043	47
P10831	sp|Q96NZ8|WFKN1_HUMAN	7.1e-10	43.9	38.636	44
P10831	sp|Q96NZ8|WFKN1_HUMAN	5.86e-05	30.0	29.787	47
P10831	sp|Q06481|APLP2_HUMAN	1.16e-09	43.1	38.182	55
P10831	sp|P05067|A4_HUMAN	1.33e-09	43.1	42.222	45
P10831	sp|Q6UDR6|SPIT4_HUMAN	2.11e-09	40.8	40.426	47
P10831	sp|Q2UY09|COSA1_HUMAN	9.75e-09	40.8	33.929	56
P10831	sp|Q9BQY6|WFDC6_HUMAN	3.3e-08	38.5	60.606	33
P10831	sp|O43278|SPIT1_HUMAN	3.28e-07	36.2	39.583	48
P10831	sp|O43278|SPIT1_HUMAN	1.33e-06	34.7	34.091	44
P10831	sp|O95428|PPN_HUMAN	4.24e-07	36.2	34.091	44
P10831	sp|O95428|PPN_HUMAN	1.4	17.7	26.667	30
P10831	sp|Q8IUA0|WFDC8_HUMAN	2e-05	31.2	31.111	45
P11424	sp|P12111|CO6A3_HUMAN	1.45e-17	65.9	53.488	43
P11424	sp|P12111|CO6A3_HUMAN	4.3	16.5	80.0	5
P11424	sp|Q96NZ8|WFKN1_HUMAN	6.98e-14	55.1	57.143	42
P11424	sp|Q96NZ8|WFKN1_HUMAN	0.000292	28.1	27.451	51
P11424	sp|Q8TEU8|WFKN2_HUMAN	1.43e-13	54.3	57.143	42
P11424	sp|Q8TEU8|WFKN2_HUMAN	2.16e-05	31.2	26.984	63
P11424	sp|Q06481|APLP2_HUMAN	4.26e-13	53.1	45.238	42
P11424	sp|O43278|SPIT1_HUMAN	1.39e-12	51.6	54.762	42
P11424	sp|O43278|SPIT1_HUMAN	1.74e-11	48.5	41.509	53
P11424	sp|P02760|AMBP_HUMAN	8.39e-11	46.6	45.238	42
P11424	sp|P02760|AMBP_HUMAN	8.21e-08	38.1	40.476	42
P11424	sp|Q02388|CO7A1_HUMAN	9.39e-11	46.6	47.826	46
P11424	sp|P49223|SPIT3_HUMAN	1.24e-10	43.9	42.857	42
P11424	sp|O43291|SPIT2_HUMAN	2.1e-10	45.4	45.238	42
P11424	sp|O43291|SPIT2_HUMAN	2.12e-10	45.4	38.0	50
P11424	sp|P05067|A4_HUMAN	3.44e-10	44.7	38.095	42
P11424	sp|P10646|TFPI1_HUMAN	5.72e-10	44.3	47.619	42
P11424	sp|P10646|TFPI1_HUMAN	9.18e-10	43.5	42.857	42
P11424	sp|P10646|TFPI1_HUMAN	7.46e-07	35.4	42.857	42
P11424	sp|P10646|TFPI1_HUMAN	0.63	18.9	37.037	27
P11424	sp|O95925|EPPI_HUMAN	6.25e-10	43.1	47.619	42
P11424	sp|Q2UY09|COSA1_HUMAN	4.77e-09	41.6	41.86	43
P11424	sp|O95428|PPN_HUMAN	1.33e-07	37.4	41.86	43
P11424	sp|O95428|PPN_HUMAN	1.6	17.7	32.353	34
P11424	sp|P48307|TFPI2_HUMAN	1.82e-07	37.0	38.095	42
P11424	sp|P48307|TFPI2_HUMAN	5.05e-07	35.8	39.474	38
P11424	sp|P48307|TFPI2_HUMAN	0.026	22.7	32.5	40
P11424	sp|Q6UDR6|SPIT4_HUMAN	1.02e-06	34.3	33.898	59
P11424	sp|Q8IUA0|WFDC8_HUMAN	6.23e-05	30.0	33.333	36
P11424	sp|Q9BQY6|WFDC6_HUMAN	0.000221	28.1	40.0	30
P16044	sp|Q96NZ8|WFKN1_HUMAN	5.54e-16	61.2	50.98	51
P16044	sp|Q96NZ8|WFKN1_HUMAN	0.001	26.6	26.087	46
P16044	sp|O43291|SPIT2_HUMAN	1.73e-15	59.3	49.02	51
P16044	sp|O43291|SPIT2_HUMAN	3.14e-13	53.1	42.373	59
P16044	sp|Q8TEU8|WFKN2_HUMAN	3.7e-15	58.9	47.059	51
P16044	sp|Q8TEU8|WFKN2_HUMAN	9.44e-07	35.0	26.923	52
P16044	sp|P10646|TFPI1_HUMAN	7.12e-14	55.1	46.154	52
P16044	sp|P10646|TFPI1_HUMAN	1.1e-13	54.3	49.02	51
P16044	sp|P10646|TFPI1_HUMAN	1.42e-12	51.2	51.111	45
P16044	sp|P05067|A4_HUMAN	1e-13	54.7	44.444	45
P16044	sp|Q06481|APLP2_HUMAN	1.86e-13	53.9	41.176	51
P16044	sp|O43278|SPIT1_HUMAN	3.63e-13	53.1	42.593	54
P16044	sp|O43278|SPIT1_HUMAN	1.77e-11	48.5	40.741	54
P16044	sp|P02760|AMBP_HUMAN	5.19e-13	52.8	41.071	56
P16044	sp|P02760|AMBP_HUMAN	9.36e-13	52.0	50.0	44
P16044	sp|O95925|EPPI_HUMAN	7.57e-13	50.4	41.509	53
P16044	sp|P48307|TFPI2_HUMAN	1.68e-12	50.8	47.059	51
P16044	sp|P48307|TFPI2_HUMAN	3.45e-10	44.7	44.681	47
P16044	sp|P48307|TFPI2_HUMAN	0.000104	29.3	32.653	49
P16044	sp|P12111|CO6A3_HUMAN	2.46e-12	50.8	38.462	52
P16044	sp|P12111|CO6A3_HUMAN	5.8	16.2	41.667	12
P16044	sp|O95428|PPN_HUMAN	5.19e-11	47.0	38.182	55
P16044	sp|O95428|PPN_HUMAN	4.0	16.5	43.478	23
P16044	sp|P49223|SPIT3_HUMAN	5.25e-11	44.7	39.216	51
P16044	sp|Q8IUA0|WFDC8_HUMAN	3.9e-09	41.6	37.255	51
P16044	sp|Q02388|CO7A1_HUMAN	3.82e-08	38.9	37.037	54
P16044	sp|Q6UDR6|SPIT4_HUMAN	2.4e-07	35.8	39.13	46
P16044	sp|Q2UY09|COSA1_HUMAN	2.46e-07	36.6	38.889	36
P16044	sp|Q9BQY6|WFDC6_HUMAN	2.22e-06	33.5	42.424	33
P26228	sp|P12111|CO6A3_HUMAN	1.05e-17	65.9	47.059	51
P26228	sp|P12111|CO6A3_HUMAN	2.8	16.9	42.857	14
P26228	sp|P10646|TFPI1_HUMAN	7.04e-15	57.8	50.943	53
P26228	sp|P10646|TFPI1_HUMAN	1.56e-12	51.2	49.02	51
P26228	sp|P10646|TFPI1_HUMAN	1.79e-12	50.8	43.396	53
P26228	sp|P49223|SPIT3_HUMAN	1.56e-14	53.5	49.057	53
P26228	sp|P48307|TFPI2_HUMAN	4.16e-14	55.1	46.154	52
P26228	sp|P48307|TFPI2_HUMAN	6.48e-10	43.5	38.776	49
P26228	sp|P48307|TFPI2_HUMAN	1.95e-05	31.2	34.483	58
P26228	sp|O43291|SPIT2_HUMAN	1.33e-13	53.9	50.98	51
P26228	sp|O43291|SPIT2_HUMAN	5.68e-11	46.6	36.538	52
P26228	sp|Q02388|CO7A1_HUMAN	1.78e-13	53.9	42.593	54
P26228	sp|Q02388|CO7A1_HUMAN	0.65	18.5	50.0	16
P26228	sp|Q02388|CO7A1_HUMAN	8.8	15.4	62.5	8
P26228	sp|Q8TEU8|WFKN2_HUMAN	2.57e-13	53.1	43.396	53
P26228	sp|Q8TEU8|WFKN2_HUMAN	2.37e-06	33.5	30.769	52
P26228	sp|O95925|EPPI_HUMAN	1.84e-12	49.3	37.5	56
P26228	sp|P02760|AMBP_HUMAN	2.63e-12	50.4	44.231	52
P26228	sp|P02760|AMBP_HUMAN	4.24e-10	44.3	39.623	53
P26228	sp|Q96NZ8|WFKN1_HUMAN	2.78e-12	50.4	42.308	52
P26228	sp|Q96NZ8|WFKN1_HUMAN	0.001	26.2	29.545	44
P26228	sp|P05067|A4_HUMAN	1.39e-11	48.5	41.304	46
P26228	sp|Q2UY09|COSA1_HUMAN	1.57e-11	48.1	32.692	52
P26228	sp|Q06481|APLP2_HUMAN	2.79e-11	47.8	35.185	54
P26228	sp|Q06481|APLP2_HUMAN	1.7	17.3	43.75	16
P26228	sp|O43278|SPIT1_HUMAN	2.45e-10	45.1	36.364	55
P26228	sp|O43278|SPIT1_HUMAN	2.78e-10	44.7	41.176	51
P26228	sp|Q6UDR6|SPIT4_HUMAN	2.66e-10	43.1	40.0	55
P26228	sp|O95428|PPN_HUMAN	7.99e-10	43.5	37.255	51
P26228	sp|Q9BQY6|WFDC6_HUMAN	3.82e-07	35.4	51.724	29
P26228	sp|Q8IUA0|WFDC8_HUMAN	2.68e-05	30.8	27.273	55
P26228	sp|Q8IUA0|WFDC8_HUMAN	4.4	16.2	54.545	11
P81162	sp|P10646|TFPI1_HUMAN	7.96e-21	74.3	53.333	60
P81162	sp|P10646|TFPI1_HUMAN	3.63e-15	58.9	42.623	61
P81162	sp|P10646|TFPI1_HUMAN	2e-10	45.8	35.185	54
P81162	sp|O43291|SPIT2_HUMAN	3.59e-18	66.6	48.387	62
P81162	sp|O43291|SPIT2_HUMAN	1.79e-15	59.7	39.286	56
P81162	sp|P12111|CO6A3_HUMAN	7.96e-16	61.2	41.071	56
P81162	sp|P12111|CO6A3_HUMAN	1.3	18.1	75.0	8
P81162	sp|Q8TEU8|WFKN2_HUMAN	1.07e-15	60.8	47.059	51
P81162	sp|Q8TEU8|WFKN2_HUMAN	0.00018	28.9	26.923	52
P81162	sp|P49223|SPIT3_HUMAN	2.62e-15	56.2	45.098	51
P81162	sp|Q96NZ8|WFKN1_HUMAN	3.28e-15	59.3	45.098	51
P81162	sp|Q96NZ8|WFKN1_HUMAN	4e-05	30.8	27.419	62
P81162	sp|Q06481|APLP2_HUMAN	1.29e-14	57.8	37.5	56
P81162	sp|Q06481|APLP2_HUMAN	2.2	17.7	38.889	18
P81162	sp|O43278|SPIT1_HUMAN	8.49e-14	55.5	41.071	56
P81162	sp|O43278|SPIT1_HUMAN	3.17e-12	50.8	41.176	51
P81162	sp|P48307|TFPI2_HUMAN	1.26e-13	54.3	41.176	51
P81162	sp|P48307|TFPI2_HUMAN	9.47e-08	38.1	34.043	47
P81162	sp|P48307|TFPI2_HUMAN	3.21e-05	31.2	33.333	45
P81162	sp|Q02388|CO7A1_HUMAN	4.86e-13	53.1	37.288	59
P81162	sp|Q2UY09|COSA1_HUMAN	6.08e-13	52.8	31.579	57
P81162	sp|O95925|EPPI_HUMAN	6.44e-13	51.2	41.176	51
P81162	sp|P02760|AMBP_HUMAN	4.57e-12	50.4	44.898	49
P81162	sp|P02760|AMBP_HUMAN	8.07e-12	49.7	40.0	45
P81162	sp|P05067|A4_HUMAN	9.52e-12	49.7	38.0	50
P81162	sp|O95428|PPN_HUMAN	1.37e-09	43.5	32.692	52
P81162	sp|O95428|PPN_HUMAN	6.9	16.2	32.258	31
P81162	sp|Q6UDR6|SPIT4_HUMAN	6.24e-08	37.4	29.825	57
P81162	sp|Q9BQY6|WFDC6_HUMAN	1.68e-07	37.0	51.613	31
P81162	sp|Q8IUA0|WFDC8_HUMAN	1.93e-05	31.6	27.273	55
P82968	sp|Q06481|APLP2_HUMAN	4.03e-17	70.1	44.156	77
P82968	sp|P05067|A4_HUMAN	9.29e-15	63.2	56.818	44
P82968	sp|O43291|SPIT2_HUMAN	1.6e-14	61.2	44.444	54
P82968	sp|O43291|SPIT2_HUMAN	8e-14	59.3	47.17	53
P82968	sp|Q8TEU8|WFKN2_HUMAN	3.31e-14	61.2	46.429	56
P82968	sp|Q8TEU8|WFKN2_HUMAN	1.04e-06	39.3	40.541	37
P82968	sp|Q8TEU8|WFKN2_HUMAN	0.000368	31.6	30.556	72
P82968	sp|Q8TEU8|WFKN2_HUMAN	0.018	26.2	42.857	28
P82968	sp|Q8TEU8|WFKN2_HUMAN	0.37	21.9	37.5	32
P82968	sp|P10646|TFPI1_HUMAN	6.24e-14	60.1	45.098	51
P82968	sp|P10646|TFPI1_HUMAN	2.01e-12	55.8	47.17	53
P82968	sp|P10646|TFPI1_HUMAN	1.66e-10	50.1	50.0	44
P82968	sp|P12111|CO6A3_HUMAN	1.55e-13	59.7	43.636	55
P82968	sp|P12111|CO6A3_HUMAN	7.3	18.1	38.889	18
P82968	sp|P49223|SPIT3_HUMAN	4.41e-13	54.3	43.396	53
P82968	sp|Q96NZ8|WFKN1_HUMAN	4.54e-13	58.2	46.429	56
P82968	sp|Q96NZ8|WFKN1_HUMAN	1.44e-05	35.8	27.632	76
P82968	sp|Q96NZ8|WFKN1_HUMAN	0.001	29.6	32.727	55
P82968	sp|Q96NZ8|WFKN1_HUMAN	0.012	26.6	41.176	34
P82968	sp|Q96NZ8|WFKN1_HUMAN	0.98	20.8	34.375	32
P82968	sp|P48307|TFPI2_HUMAN	6.23e-13	56.6	45.455	55
P82968	sp|P48307|TFPI2_HUMAN	4.11e-08	42.7	31.579	114
P82968	sp|Q02388|CO7A1_HUMAN	3.44e-12	55.8	48.214	56
P82968	sp|P02760|AMBP_HUMAN	7.8e-12	54.3	39.13	69
P82968	sp|P02760|AMBP_HUMAN	2.06e-11	52.8	48.077	52
P82968	sp|O95925|EPPI_HUMAN	9.89e-12	51.6	41.509	53
P82968	sp|O43278|SPIT1_HUMAN	7.92e-11	51.6	45.283	53
P82968	sp|O43278|SPIT1_HUMAN	1.04e-07	42.0	40.909	44
P82968	sp|O43278|SPIT1_HUMAN	5.6	18.5	43.333	30
P82968	sp|Q6UDR6|SPIT4_HUMAN	2.22e-09	44.7	44.444	45
P82968	sp|O95428|PPN_HUMAN	8.06e-09	45.8	40.385	52
P82968	sp|Q8IUA0|WFDC8_HUMAN	8.29e-09	45.1	40.741	54
P82968	sp|Q8IUA0|WFDC8_HUMAN	8.9	17.7	75.0	8
P82968	sp|Q9BQY6|WFDC6_HUMAN	2.38e-05	33.9	53.846	26
P82968	sp|Q2UY09|COSA1_HUMAN	3.26e-05	34.7	34.211	38
P86959	sp|P05067|A4_HUMAN	1.23e-14	60.8	48.98	49
P86959	sp|P49223|SPIT3_HUMAN	2.22e-14	56.2	42.105	57
P86959	sp|P10646|TFPI1_HUMAN	1.43e-13	57.4	39.474	76
P86959	sp|P10646|TFPI1_HUMAN	3.94e-13	56.2	41.176	51
P86959	sp|P10646|TFPI1_HUMAN	2.22e-08	42.4	37.705	61
P86959	sp|Q06481|APLP2_HUMAN	2.08e-13	57.4	39.344	61
P86959	sp|O43291|SPIT2_HUMAN	1.45e-12	54.3	40.741	54
P86959	sp|O43291|SPIT2_HUMAN	1.09e-10	48.9	39.344	61
P86959	sp|P12111|CO6A3_HUMAN	2.82e-12	53.9	36.066	61
P86959	sp|P12111|CO6A3_HUMAN	5.8	17.7	34.211	38
P86959	sp|Q8TEU8|WFKN2_HUMAN	3.34e-12	53.5	45.098	51
P86959	sp|Q8TEU8|WFKN2_HUMAN	9.33e-05	32.0	32.692	52
P86959	sp|Q8TEU8|WFKN2_HUMAN	2.3	18.9	27.835	97
P86959	sp|P48307|TFPI2_HUMAN	1.07e-11	51.6	44.643	56
P86959	sp|P48307|TFPI2_HUMAN	2.52e-08	42.4	42.0	50
P86959	sp|P48307|TFPI2_HUMAN	4.66e-07	38.5	36.207	58
P86959	sp|O95925|EPPI_HUMAN	3.5e-11	48.9	33.333	63
P86959	sp|P02760|AMBP_HUMAN	3.51e-11	50.4	41.096	73
P86959	sp|P02760|AMBP_HUMAN	1.93e-10	48.5	40.0	55
P86959	sp|Q96NZ8|WFKN1_HUMAN	1.05e-10	49.3	39.623	53
P86959	sp|Q96NZ8|WFKN1_HUMAN	0.24	21.9	26.087	46
P86959	sp|Q96NZ8|WFKN1_HUMAN	0.48	21.2	39.535	43
P86959	sp|Q96NZ8|WFKN1_HUMAN	1.8	19.2	30.612	49
P86959	sp|O43278|SPIT1_HUMAN	1.11e-09	46.6	41.379	58
P86959	sp|O43278|SPIT1_HUMAN	2.91e-09	45.1	45.652	46
P86959	sp|Q6UDR6|SPIT4_HUMAN	4.7e-09	42.7	41.176	51
P86959	sp|O95428|PPN_HUMAN	9.15e-09	43.9	37.037	54
P86959	sp|O95428|PPN_HUMAN	9.0	17.3	40.0	20
P86959	sp|Q02388|CO7A1_HUMAN	1.55e-07	40.4	39.286	56
P86959	sp|Q8IUA0|WFDC8_HUMAN	7.42e-07	38.1	37.255	51
P86959	sp|Q2UY09|COSA1_HUMAN	1.12e-05	35.0	26.667	60
P86959	sp|Q2UY09|COSA1_HUMAN	8.8	17.3	36.842	19
P86959	sp|Q9BQY6|WFDC6_HUMAN	0.000425	29.6	48.276	29
P86963	sp|P12111|CO6A3_HUMAN	1.33e-07	43.9	36.207	58
P86963	sp|P12111|CO6A3_HUMAN	2.93e-05	36.6	34.343	99
P86963	sp|P12111|CO6A3_HUMAN	0.00039	32.7	36.264	91
P86963	sp|P12111|CO6A3_HUMAN	0.002	30.8	34.722	72
P86963	sp|P12111|CO6A3_HUMAN	0.013	28.1	36.986	73
P86963	sp|P12111|CO6A3_HUMAN	0.039	26.6	36.508	63
P86963	sp|P12111|CO6A3_HUMAN	0.064	25.8	48.0	25
P86963	sp|P12111|CO6A3_HUMAN	5.7	19.2	30.435	23
P86963	sp|O95428|PPN_HUMAN	1.34e-07	43.9	35.294	68
P86963	sp|Q06481|APLP2_HUMAN	1.65e-06	40.0	37.931	58
P86963	sp|Q06481|APLP2_HUMAN	0.54	22.7	28.0	25
P86963	sp|Q06481|APLP2_HUMAN	4.2	19.6	33.333	48
P86963	sp|P49223|SPIT3_HUMAN	2.35e-06	36.6	44.186	43
P86963	sp|O43278|SPIT1_HUMAN	2.4e-06	39.7	31.034	58
P86963	sp|O43278|SPIT1_HUMAN	0.003	30.0	32.432	37
P86963	sp|Q2UY09|COSA1_HUMAN	2.79e-06	39.7	28.169	71
P86963	sp|Q2UY09|COSA1_HUMAN	1.8	20.8	31.111	45
P86963	sp|Q02388|CO7A1_HUMAN	6.87e-06	38.5	31.343	67
P86963	sp|Q02388|CO7A1_HUMAN	1.5	21.2	43.75	80
P86963	sp|Q02388|CO7A1_HUMAN	3.2	20.0	47.619	42
P86963	sp|Q02388|CO7A1_HUMAN	4.4	19.6	41.463	41
P86963	sp|P05067|A4_HUMAN	3.06e-05	36.2	45.238	42
P86963	sp|P02760|AMBP_HUMAN	0.000101	34.3	34.328	67
P86963	sp|P02760|AMBP_HUMAN	0.00021	33.1	48.148	27
P86963	sp|P48307|TFPI2_HUMAN	0.000131	33.5	36.538	52
P86963	sp|P48307|TFPI2_HUMAN	0.005	28.9	33.333	42
P86963	sp|P48307|TFPI2_HUMAN	0.005	28.5	27.957	93
P86963	sp|Q96NZ8|WFKN1_HUMAN	0.000137	33.9	29.412	68
P86963	sp|Q96NZ8|WFKN1_HUMAN	3.3	20.0	24.528	53
P86963	sp|Q96NZ8|WFKN1_HUMAN	6.5	19.2	36.842	19
P86963	sp|P10646|TFPI1_HUMAN	0.000178	33.5	35.088	57
P86963	sp|P10646|TFPI1_HUMAN	0.01	27.7	31.818	44
P86963	sp|Q8TEU8|WFKN2_HUMAN	0.000545	32.0	31.579	57
P86963	sp|Q8TEU8|WFKN2_HUMAN	0.002	30.4	32.203	59
P86963	sp|Q8TEU8|WFKN2_HUMAN	0.27	23.5	26.562	64
P86963	sp|O43291|SPIT2_HUMAN	0.000623	31.6	46.154	26
P86963	sp|O43291|SPIT2_HUMAN	0.011	27.7	36.111	36
P86963	sp|Q6UDR6|SPIT4_HUMAN	0.003	28.1	46.875	32
P86963	sp|Q9BQY6|WFDC6_HUMAN	0.003	28.5	37.931	29
P86963	sp|O95925|EPPI_HUMAN	0.006	27.7	30.233	43
P86963	sp|Q8IUA0|WFDC8_HUMAN	0.008	28.1	29.762	84
P86964	sp|P10646|TFPI1_HUMAN	4.24e-13	56.6	32.727	110
P86964	sp|P10646|TFPI1_HUMAN	3.64e-10	48.1	28.788	132
P86964	sp|P10646|TFPI1_HUMAN	5.77e-09	44.7	40.351	57
P86964	sp|P48307|TFPI2_HUMAN	1.02e-11	52.4	37.0	100
P86964	sp|P48307|TFPI2_HUMAN	6.79e-08	41.6	44.737	38
P86964	sp|P48307|TFPI2_HUMAN	2.01e-05	34.3	27.273	121
P86964	sp|P48307|TFPI2_HUMAN	0.00045	30.4	35.417	48
P86964	sp|P02760|AMBP_HUMAN	6.07e-11	50.4	32.71	107
P86964	sp|O43291|SPIT2_HUMAN	2.45e-10	48.5	25.0	136
P86964	sp|O43291|SPIT2_HUMAN	2.58e-05	33.9	36.17	47
P86964	sp|P05067|A4_HUMAN	3.8e-09	45.4	51.351	37
P86964	sp|P05067|A4_HUMAN	5.91e-07	39.3	34.783	46
P86964	sp|Q06481|APLP2_HUMAN	4.17e-09	45.4	35.484	62
P86964	sp|Q06481|APLP2_HUMAN	1.74e-06	37.7	34.545	55
P86964	sp|Q06481|APLP2_HUMAN	1.5	19.6	100.0	6
P86964	sp|P12111|CO6A3_HUMAN	5.33e-08	42.4	41.026	39
P86964	sp|P12111|CO6A3_HUMAN	9.67e-05	32.7	32.432	37
P86964	sp|P12111|CO6A3_HUMAN	5.9	18.1	60.0	10
P86964	sp|P49223|SPIT3_HUMAN	2.56e-07	38.1	55.556	36
P86964	sp|P49223|SPIT3_HUMAN	0.000184	30.0	35.897	39
P86964	sp|Q8TEU8|WFKN2_HUMAN	4.92e-07	39.3	27.66	94
P86964	sp|Q8TEU8|WFKN2_HUMAN	3.03e-06	37.0	33.333	66
P86964	sp|Q8TEU8|WFKN2_HUMAN	0.000381	30.8	32.5	40
P86964	sp|Q8TEU8|WFKN2_HUMAN	8.0	17.7	27.778	54
P86964	sp|Q2UY09|COSA1_HUMAN	1.03e-06	38.5	41.463	41
P86964	sp|Q2UY09|COSA1_HUMAN	0.007	26.9	25.0	60
P86964	sp|O43278|SPIT1_HUMAN	3.19e-06	37.0	35.0	40
P86964	sp|O43278|SPIT1_HUMAN	7.29e-06	35.8	41.667	36
P86964	sp|O43278|SPIT1_HUMAN	9.47e-06	35.4	36.111	36
P86964	sp|O43278|SPIT1_HUMAN	0.000166	32.0	35.185	54
P86964	sp|Q6UDR6|SPIT4_HUMAN	1.06e-05	33.9	55.556	27
P86964	sp|Q6UDR6|SPIT4_HUMAN	2.17e-05	33.1	51.852	27
P86964	sp|O95428|PPN_HUMAN	1.18e-05	35.4	44.444	36
P86964	sp|O95428|PPN_HUMAN	6.14e-05	33.1	34.211	38
P86964	sp|O95428|PPN_HUMAN	0.47	21.6	42.857	14
P86964	sp|O95428|PPN_HUMAN	1.5	19.6	40.0	15
P86964	sp|O95428|PPN_HUMAN	3.5	18.9	35.714	14
P86964	sp|Q96NZ8|WFKN1_HUMAN	1.34e-05	35.0	26.23	122
P86964	sp|Q96NZ8|WFKN1_HUMAN	0.000184	31.6	32.653	49
P86964	sp|Q96NZ8|WFKN1_HUMAN	0.011	26.2	27.586	116
P86964	sp|Q96NZ8|WFKN1_HUMAN	9.6	17.3	45.0	20
P86964	sp|O95925|EPPI_HUMAN	5.83e-05	32.3	32.353	68
P86964	sp|O95925|EPPI_HUMAN	0.000856	28.9	34.286	35
P86964	sp|Q02388|CO7A1_HUMAN	0.000331	31.2	30.909	55
P86964	sp|Q02388|CO7A1_HUMAN	0.001	29.3	43.243	37
P86964	sp|Q02388|CO7A1_HUMAN	8.1	17.7	28.571	35
P86964	sp|Q9BQY6|WFDC6_HUMAN	0.002	28.1	41.379	29
P86964	sp|Q9BQY6|WFDC6_HUMAN	0.002	27.7	42.308	26
P86964	sp|Q8IUA0|WFDC8_HUMAN	0.004	27.3	30.882	68
P86964	sp|Q8IUA0|WFDC8_HUMAN	0.017	25.4	34.211	38
Q03610	sp|P10646|TFPI1_HUMAN	7.07e-25	98.2	31.481	270
Q03610	sp|P10646|TFPI1_HUMAN	2.53e-24	96.3	28.279	244
Q03610	sp|P10646|TFPI1_HUMAN	6.97e-12	58.9	23.881	268
Q03610	sp|P10646|TFPI1_HUMAN	4.35e-08	47.4	24.294	177
Q03610	sp|P10646|TFPI1_HUMAN	0.004	31.6	33.333	78
Q03610	sp|P10646|TFPI1_HUMAN	5.9	21.6	24.731	93
Q03610	sp|P48307|TFPI2_HUMAN	1.22e-17	75.1	34.884	172
Q03610	sp|P48307|TFPI2_HUMAN	1.56e-17	74.7	33.544	158
Q03610	sp|P48307|TFPI2_HUMAN	1.93e-13	62.8	29.697	165
Q03610	sp|P48307|TFPI2_HUMAN	5.42e-07	43.5	42.857	56
Q03610	sp|P48307|TFPI2_HUMAN	2.46e-05	38.1	24.49	196
Q03610	sp|O43278|SPIT1_HUMAN	1.8e-14	68.6	29.0	200
Q03610	sp|O43278|SPIT1_HUMAN	9.8e-11	56.6	28.415	183
Q03610	sp|O43278|SPIT1_HUMAN	1.59e-09	52.8	26.0	200
Q03610	sp|O43278|SPIT1_HUMAN	0.011	30.4	30.882	68
Q03610	sp|O95925|EPPI_HUMAN	6.8e-13	58.5	36.364	88
Q03610	sp|O95925|EPPI_HUMAN	4.49e-06	38.9	27.473	91
Q03610	sp|O95925|EPPI_HUMAN	0.000333	33.5	27.381	84
Q03610	sp|O95925|EPPI_HUMAN	0.00046	33.1	42.105	38
Q03610	sp|O95925|EPPI_HUMAN	0.059	26.9	27.273	66
Q03610	sp|O95925|EPPI_HUMAN	2.2	22.3	39.474	38
Q03610	sp|P02760|AMBP_HUMAN	2.84e-12	60.8	27.703	148
Q03610	sp|P02760|AMBP_HUMAN	2.14e-08	48.5	24.812	133
Q03610	sp|P02760|AMBP_HUMAN	8.34e-08	46.6	27.108	166
Q03610	sp|P02760|AMBP_HUMAN	1.32e-06	42.7	41.463	41
Q03610	sp|O43291|SPIT2_HUMAN	1.06e-11	57.8	27.848	158
Q03610	sp|O43291|SPIT2_HUMAN	1.95e-10	53.9	25.595	168
Q03610	sp|O43291|SPIT2_HUMAN	1.2e-08	48.5	24.832	149
Q03610	sp|O43291|SPIT2_HUMAN	2.82e-07	44.3	23.98	196
Q03610	sp|O43291|SPIT2_HUMAN	1.45e-06	42.4	39.474	38
Q03610	sp|P49223|SPIT3_HUMAN	7.33e-11	51.6	41.509	53
Q03610	sp|P49223|SPIT3_HUMAN	1.91e-10	50.4	40.741	54
Q03610	sp|P49223|SPIT3_HUMAN	5.5e-09	46.2	44.737	38
Q03610	sp|P49223|SPIT3_HUMAN	3.7e-08	43.9	50.0	36
Q03610	sp|P49223|SPIT3_HUMAN	0.003	30.0	30.0	60
Q03610	sp|Q8TEU8|WFKN2_HUMAN	3.44e-10	54.7	28.662	157
Q03610	sp|Q8TEU8|WFKN2_HUMAN	5.26e-09	51.2	27.815	151
Q03610	sp|Q8TEU8|WFKN2_HUMAN	6.03e-09	50.8	26.087	138
Q03610	sp|Q8TEU8|WFKN2_HUMAN	4.83e-05	38.1	43.86	57
Q03610	sp|Q8TEU8|WFKN2_HUMAN	0.000125	37.0	33.962	53
Q03610	sp|Q8TEU8|WFKN2_HUMAN	4.8	21.9	50.0	18
Q03610	sp|Q8IUA0|WFDC8_HUMAN	2.1e-09	50.8	44.444	54
Q03610	sp|Q8IUA0|WFDC8_HUMAN	1.86e-07	44.7	30.337	89
Q03610	sp|Q8IUA0|WFDC8_HUMAN	3.88e-07	43.9	30.108	93
Q03610	sp|Q8IUA0|WFDC8_HUMAN	5.72e-07	43.5	25.974	154
Q03610	sp|O95428|PPN_HUMAN	1.13e-08	50.4	42.188	64
Q03610	sp|O95428|PPN_HUMAN	1.42e-07	46.6	35.484	62
Q03610	sp|O95428|PPN_HUMAN	7.61e-05	37.7	41.667	36
Q03610	sp|O95428|PPN_HUMAN	0.000204	36.2	42.105	38
Q03610	sp|O95428|PPN_HUMAN	0.58	25.0	31.818	44
Q03610	sp|Q96NZ8|WFKN1_HUMAN	2.76e-08	48.5	25.175	143
Q03610	sp|Q96NZ8|WFKN1_HUMAN	8.74e-08	47.0	45.238	42
Q03610	sp|Q96NZ8|WFKN1_HUMAN	1.67e-07	46.2	24.46	139
Q03610	sp|Q96NZ8|WFKN1_HUMAN	0.001	33.5	28.926	121
Q03610	sp|Q96NZ8|WFKN1_HUMAN	1.8	23.1	31.667	60
Q03610	sp|P12111|CO6A3_HUMAN	1.07e-07	47.4	33.871	62
Q03610	sp|P12111|CO6A3_HUMAN	2.64e-07	45.8	44.737	38
Q03610	sp|P12111|CO6A3_HUMAN	9.95e-07	43.9	52.632	38
Q03610	sp|P12111|CO6A3_HUMAN	9.47e-06	40.8	34.483	58
Q03610	sp|P12111|CO6A3_HUMAN	0.96	24.3	23.404	47
Q03610	sp|P12111|CO6A3_HUMAN	1.4	23.9	28.571	42
Q03610	sp|Q6UDR6|SPIT4_HUMAN	1.9e-07	42.0	32.203	59
Q03610	sp|Q6UDR6|SPIT4_HUMAN	6.87e-07	40.4	43.243	37
Q03610	sp|Q6UDR6|SPIT4_HUMAN	9.72e-06	37.4	44.444	36
Q03610	sp|Q6UDR6|SPIT4_HUMAN	1.49e-05	36.6	50.0	26
Q03610	sp|Q2UY09|COSA1_HUMAN	2.4e-07	45.8	37.255	51
Q03610	sp|Q2UY09|COSA1_HUMAN	6.32e-05	38.1	33.333	42
Q03610	sp|Q2UY09|COSA1_HUMAN	0.000255	35.8	31.707	41
Q03610	sp|Q2UY09|COSA1_HUMAN	0.011	30.4	34.884	43
Q03610	sp|Q2UY09|COSA1_HUMAN	0.41	25.4	33.333	48
Q03610	sp|Q02388|CO7A1_HUMAN	1.76e-06	43.1	42.857	56
Q03610	sp|Q02388|CO7A1_HUMAN	3.41e-05	38.9	33.824	68
Q03610	sp|Q02388|CO7A1_HUMAN	0.000213	36.2	41.071	56
Q03610	sp|Q02388|CO7A1_HUMAN	0.001	33.9	41.463	41
Q03610	sp|Q02388|CO7A1_HUMAN	0.49	25.4	31.818	44
Q03610	sp|Q06481|APLP2_HUMAN	4.23e-06	41.6	31.707	82
Q03610	sp|Q06481|APLP2_HUMAN	2.23e-05	39.3	39.474	38
Q03610	sp|Q06481|APLP2_HUMAN	2.27e-05	39.3	43.59	39
Q03610	sp|Q06481|APLP2_HUMAN	0.000263	35.8	37.5	48
Q03610	sp|Q06481|APLP2_HUMAN	0.023	29.6	28.814	59
Q03610	sp|P05067|A4_HUMAN	2.67e-05	39.3	39.474	38
Q03610	sp|P05067|A4_HUMAN	0.000161	36.6	44.444	36
Q03610	sp|P05067|A4_HUMAN	0.000532	35.0	35.417	48
Q03610	sp|P05067|A4_HUMAN	0.003	32.3	36.111	36
Q03610	sp|P05067|A4_HUMAN	2.9	22.7	23.377	77
Q03610	sp|Q9BQY6|WFDC6_HUMAN	0.004	30.4	43.75	32
Q03610	sp|Q9BQY6|WFDC6_HUMAN	0.014	28.9	38.71	31
Q03610	sp|Q9BQY6|WFDC6_HUMAN	0.018	28.5	38.71	31
Q03610	sp|Q9BQY6|WFDC6_HUMAN	0.16	25.8	52.632	19
Q0PL65	sp|P12111|CO6A3_HUMAN	1.92e-13	53.9	43.137	51
Q0PL65	sp|P12111|CO6A3_HUMAN	0.53	18.9	53.333	15
Q0PL65	sp|P12111|CO6A3_HUMAN	5.3	16.2	66.667	6
Q0PL65	sp|O43278|SPIT1_HUMAN	2.73e-12	50.4	47.059	51
Q0PL65	sp|O43278|SPIT1_HUMAN	1.65e-09	42.7	35.088	57
Q0PL65	sp|P10646|TFPI1_HUMAN	2.53e-11	47.8	41.667	60
Q0PL65	sp|P10646|TFPI1_HUMAN	1.59e-09	42.7	43.137	51
Q0PL65	sp|P10646|TFPI1_HUMAN	2.7e-08	39.3	33.333	57
Q0PL65	sp|P48307|TFPI2_HUMAN	6.41e-11	46.6	40.426	47
Q0PL65	sp|P48307|TFPI2_HUMAN	8.44e-08	37.7	36.538	52
Q0PL65	sp|P48307|TFPI2_HUMAN	0.002	25.8	31.111	45
Q0PL65	sp|Q06481|APLP2_HUMAN	9.19e-11	46.2	37.255	51
Q0PL65	sp|Q8TEU8|WFKN2_HUMAN	2.51e-10	45.1	37.255	51
Q0PL65	sp|Q8TEU8|WFKN2_HUMAN	4.04e-09	41.6	33.962	53
Q0PL65	sp|Q8TEU8|WFKN2_HUMAN	7.4	15.8	35.294	17
Q0PL65	sp|P02760|AMBP_HUMAN	8.4e-10	43.5	45.238	42
Q0PL65	sp|P02760|AMBP_HUMAN	1.69e-06	34.3	31.373	51
Q0PL65	sp|P02760|AMBP_HUMAN	8.9	15.4	24.324	37
Q0PL65	sp|P49223|SPIT3_HUMAN	9.29e-10	41.6	37.255	51
Q0PL65	sp|Q96NZ8|WFKN1_HUMAN	1.06e-09	43.1	39.216	51
Q0PL65	sp|Q96NZ8|WFKN1_HUMAN	5.11e-07	35.8	35.294	51
Q0PL65	sp|Q02388|CO7A1_HUMAN	1.28e-09	43.1	37.037	54
Q0PL65	sp|Q02388|CO7A1_HUMAN	1.6	17.7	38.095	21
Q0PL65	sp|O43291|SPIT2_HUMAN	2.44e-09	42.4	36.842	57
Q0PL65	sp|O43291|SPIT2_HUMAN	4.78e-09	41.6	33.333	51
Q0PL65	sp|O95925|EPPI_HUMAN	7.78e-09	40.0	36.17	47
Q0PL65	sp|P05067|A4_HUMAN	1.87e-08	39.7	36.957	46
Q0PL65	sp|Q2UY09|COSA1_HUMAN	7.99e-08	38.1	30.189	53
Q0PL65	sp|O95428|PPN_HUMAN	1.5e-07	37.4	34.615	52
Q0PL65	sp|Q6UDR6|SPIT4_HUMAN	1.6e-06	33.5	50.0	28
Q0PL65	sp|Q9BQY6|WFDC6_HUMAN	9.17e-06	32.0	43.333	30
Q0PL65	sp|Q8IUA0|WFDC8_HUMAN	0.002	25.4	31.429	35
Q11101	sp|P05067|A4_HUMAN	1.85e-07	41.2	37.5	40
Q11101	sp|P10646|TFPI1_HUMAN	2.18e-07	40.4	42.5	40
Q11101	sp|P10646|TFPI1_HUMAN	0.002	28.5	34.211	38
Q11101	sp|P10646|TFPI1_HUMAN	0.12	23.1	26.761	71
Q11101	sp|P10646|TFPI1_HUMAN	6.7	18.1	34.483	29
Q11101	sp|P12111|CO6A3_HUMAN	3.02e-07	40.4	42.105	38
Q11101	sp|P12111|CO6A3_HUMAN	0.28	22.3	50.0	16
Q11101	sp|P12111|CO6A3_HUMAN	3.1	19.2	43.75	16
Q11101	sp|Q8IUA0|WFDC8_HUMAN	4.58e-07	39.3	25.949	158
Q11101	sp|Q06481|APLP2_HUMAN	7.69e-07	39.3	40.541	37
Q11101	sp|Q02388|CO7A1_HUMAN	2.58e-06	37.7	30.556	72
Q11101	sp|Q02388|CO7A1_HUMAN	3.3	18.9	41.176	17
Q11101	sp|Q02388|CO7A1_HUMAN	6.8	18.1	44.444	18
Q11101	sp|Q02388|CO7A1_HUMAN	7.1	18.1	37.5	24
Q11101	sp|O95925|EPPI_HUMAN	6.65e-06	35.0	44.444	36
Q11101	sp|O43278|SPIT1_HUMAN	1.48e-05	35.4	40.541	37
Q11101	sp|O43278|SPIT1_HUMAN	7.35e-05	33.1	26.471	68
Q11101	sp|Q96NZ8|WFKN1_HUMAN	2.15e-05	34.7	38.889	36
Q11101	sp|Q96NZ8|WFKN1_HUMAN	0.003	28.5	29.412	51
Q11101	sp|Q8TEU8|WFKN2_HUMAN	3.26e-05	34.3	42.105	38
Q11101	sp|Q8TEU8|WFKN2_HUMAN	0.000814	30.0	29.73	37
Q11101	sp|Q8TEU8|WFKN2_HUMAN	0.34	21.9	29.545	44
Q11101	sp|O95428|PPN_HUMAN	0.000142	32.3	30.769	39
Q11101	sp|O95428|PPN_HUMAN	1.2	20.4	39.13	23
Q11101	sp|O95428|PPN_HUMAN	3.1	19.2	34.211	38
Q11101	sp|O95428|PPN_HUMAN	6.8	18.1	22.857	35
Q11101	sp|O95428|PPN_HUMAN	7.7	17.7	35.0	20
Q11101	sp|Q2UY09|COSA1_HUMAN	0.000219	32.0	35.135	37
Q11101	sp|Q2UY09|COSA1_HUMAN	8.3	17.7	38.889	18
Q11101	sp|P49223|SPIT3_HUMAN	0.000224	30.0	36.842	38
Q11101	sp|P48307|TFPI2_HUMAN	0.000239	31.2	37.5	40
Q11101	sp|P48307|TFPI2_HUMAN	0.019	25.8	33.333	36
Q11101	sp|O43291|SPIT2_HUMAN	0.000508	30.4	36.111	36
Q11101	sp|O43291|SPIT2_HUMAN	0.003	28.1	28.889	45
Q11101	sp|P02760|AMBP_HUMAN	0.00071	30.0	25.641	39
Q11101	sp|P02760|AMBP_HUMAN	0.079	23.9	35.0	40
Q11101	sp|Q9BQY6|WFDC6_HUMAN	0.73	20.4	31.25	32
Q11101	sp|Q6UDR6|SPIT4_HUMAN	1.6	19.2	25.0	60
Q1RPS8	sp|P12111|CO6A3_HUMAN	3.18e-16	62.8	38.235	68
Q1RPS8	sp|P12111|CO6A3_HUMAN	7.9	16.5	30.0	30
Q1RPS8	sp|Q02388|CO7A1_HUMAN	6e-14	56.6	46.774	62
Q1RPS8	sp|Q02388|CO7A1_HUMAN	1.6	18.5	57.143	14
Q1RPS8	sp|P10646|TFPI1_HUMAN	4.9e-13	53.5	35.938	64
Q1RPS8	sp|P10646|TFPI1_HUMAN	2.29e-12	52.0	37.5	72
Q1RPS8	sp|P10646|TFPI1_HUMAN	1.84e-10	46.6	34.375	64
Q1RPS8	sp|Q6UDR6|SPIT4_HUMAN	5.3e-12	48.5	36.111	72
Q1RPS8	sp|P02760|AMBP_HUMAN	2.54e-11	48.9	37.705	61
Q1RPS8	sp|P02760|AMBP_HUMAN	1.11e-08	41.6	39.216	51
Q1RPS8	sp|P49223|SPIT3_HUMAN	4.06e-11	46.2	34.848	66
Q1RPS8	sp|Q2UY09|COSA1_HUMAN	5.9e-11	48.1	37.705	61
Q1RPS8	sp|O95925|EPPI_HUMAN	5.93e-11	46.6	37.5	56
Q1RPS8	sp|Q06481|APLP2_HUMAN	6.48e-11	47.8	37.255	51
Q1RPS8	sp|P48307|TFPI2_HUMAN	1.06e-10	47.0	36.508	63
Q1RPS8	sp|P48307|TFPI2_HUMAN	1.58e-10	46.6	43.75	48
Q1RPS8	sp|P48307|TFPI2_HUMAN	0.038	23.1	28.889	45
Q1RPS8	sp|Q8TEU8|WFKN2_HUMAN	1.7e-10	46.6	39.216	51
Q1RPS8	sp|Q8TEU8|WFKN2_HUMAN	1.92e-06	35.0	30.909	55
Q1RPS8	sp|P05067|A4_HUMAN	2.2e-10	46.2	41.304	46
Q1RPS8	sp|P05067|A4_HUMAN	4.8	16.9	45.455	11
Q1RPS8	sp|Q96NZ8|WFKN1_HUMAN	4.29e-10	45.4	41.176	51
Q1RPS8	sp|Q96NZ8|WFKN1_HUMAN	0.000234	29.3	29.167	48
Q1RPS8	sp|O43278|SPIT1_HUMAN	1.4e-09	43.9	37.5	56
Q1RPS8	sp|O43278|SPIT1_HUMAN	2.1e-08	40.8	30.769	65
Q1RPS8	sp|O43291|SPIT2_HUMAN	2.23e-09	43.1	33.333	54
Q1RPS8	sp|O43291|SPIT2_HUMAN	1.75e-07	38.1	30.189	53
Q1RPS8	sp|O95428|PPN_HUMAN	2.53e-08	40.4	37.255	51
Q1RPS8	sp|O95428|PPN_HUMAN	6.5	16.5	45.0	20
Q1RPS8	sp|Q9BQY6|WFDC6_HUMAN	2.61e-07	37.0	46.875	32
Q1RPS8	sp|Q8IUA0|WFDC8_HUMAN	0.000178	29.6	31.579	57
Q2ES48	sp|P10646|TFPI1_HUMAN	6.74e-18	67.4	44.828	58
Q2ES48	sp|P10646|TFPI1_HUMAN	7.37e-14	56.2	42.308	52
Q2ES48	sp|P10646|TFPI1_HUMAN	7.47e-13	53.1	43.636	55
Q2ES48	sp|Q8TEU8|WFKN2_HUMAN	5.08e-16	62.4	47.059	51
Q2ES48	sp|Q8TEU8|WFKN2_HUMAN	4.07e-09	42.7	33.333	51
Q2ES48	sp|P12111|CO6A3_HUMAN	3.21e-15	60.1	43.137	51
Q2ES48	sp|P12111|CO6A3_HUMAN	8.8	16.2	36.0	25
Q2ES48	sp|O95925|EPPI_HUMAN	9.49e-15	56.2	39.655	58
Q2ES48	sp|P49223|SPIT3_HUMAN	2.71e-14	54.3	38.182	55
Q2ES48	sp|P48307|TFPI2_HUMAN	3.71e-14	56.6	45.283	53
Q2ES48	sp|P48307|TFPI2_HUMAN	3.46e-12	51.2	42.0	50
Q2ES48	sp|P48307|TFPI2_HUMAN	8.94e-05	30.4	31.667	60
Q2ES48	sp|Q06481|APLP2_HUMAN	3.82e-14	57.0	40.678	59
Q2ES48	sp|O95428|PPN_HUMAN	6.46e-14	56.2	38.983	59
Q2ES48	sp|P02760|AMBP_HUMAN	8.97e-14	55.8	46.154	52
Q2ES48	sp|P02760|AMBP_HUMAN	2.26e-12	52.0	43.137	51
Q2ES48	sp|Q2UY09|COSA1_HUMAN	2.41e-13	54.7	33.871	62
Q2ES48	sp|Q02388|CO7A1_HUMAN	4.07e-13	54.3	42.188	64
Q2ES48	sp|Q02388|CO7A1_HUMAN	0.82	19.2	42.105	19
Q2ES48	sp|Q02388|CO7A1_HUMAN	5.5	16.9	83.333	6
Q2ES48	sp|Q02388|CO7A1_HUMAN	5.5	16.9	83.333	6
Q2ES48	sp|P05067|A4_HUMAN	1.19e-12	52.8	44.681	47
Q2ES48	sp|O43278|SPIT1_HUMAN	5.09e-12	50.8	35.714	70
Q2ES48	sp|O43278|SPIT1_HUMAN	2.2e-11	49.3	33.846	65
Q2ES48	sp|O43278|SPIT1_HUMAN	3.5	17.3	41.176	17
Q2ES48	sp|Q96NZ8|WFKN1_HUMAN	6.84e-12	50.4	41.176	51
Q2ES48	sp|Q96NZ8|WFKN1_HUMAN	4.33e-06	34.3	31.667	60
Q2ES48	sp|Q8IUA0|WFDC8_HUMAN	4.83e-11	48.1	43.137	51
Q2ES48	sp|O43291|SPIT2_HUMAN	7.47e-11	47.4	37.288	59
Q2ES48	sp|O43291|SPIT2_HUMAN	4.47e-10	45.4	35.849	53
Q2ES48	sp|Q6UDR6|SPIT4_HUMAN	2.46e-09	41.6	35.065	77
Q2ES48	sp|Q9BQY6|WFDC6_HUMAN	9.03e-08	38.1	53.125	32
Q2ES49	sp|P10646|TFPI1_HUMAN	6.96e-10	44.7	38.596	57
Q2ES49	sp|P10646|TFPI1_HUMAN	3.09e-07	37.4	29.167	72
Q2ES49	sp|P10646|TFPI1_HUMAN	9.63e-06	33.1	30.357	56
Q2ES49	sp|Q8TEU8|WFKN2_HUMAN	4.22e-08	40.0	43.243	37
Q2ES49	sp|Q8TEU8|WFKN2_HUMAN	4.53e-05	31.2	27.451	51
Q2ES49	sp|O43291|SPIT2_HUMAN	1.06e-07	38.5	32.075	53
Q2ES49	sp|O43291|SPIT2_HUMAN	0.00023	29.3	30.0	40
Q2ES49	sp|O43278|SPIT1_HUMAN	1.36e-07	38.5	35.294	51
Q2ES49	sp|O43278|SPIT1_HUMAN	3.52e-06	34.3	27.419	62
Q2ES49	sp|O43278|SPIT1_HUMAN	6.6	16.5	41.176	17
Q2ES49	sp|Q96NZ8|WFKN1_HUMAN	2.2e-06	35.0	36.842	38
Q2ES49	sp|Q96NZ8|WFKN1_HUMAN	0.001	27.3	29.73	37
Q2ES49	sp|Q96NZ8|WFKN1_HUMAN	0.49	20.0	27.027	37
Q2ES49	sp|Q2UY09|COSA1_HUMAN	2.51e-06	35.0	29.032	62
Q2ES49	sp|P48307|TFPI2_HUMAN	9.92e-06	33.1	34.0	50
Q2ES49	sp|P48307|TFPI2_HUMAN	1.54e-05	32.3	32.759	58
Q2ES49	sp|P05067|A4_HUMAN	1.27e-05	32.7	35.135	37
Q2ES49	sp|Q06481|APLP2_HUMAN	1.55e-05	32.7	32.432	37
Q2ES49	sp|P02760|AMBP_HUMAN	3.61e-05	31.6	38.889	36
Q2ES49	sp|P02760|AMBP_HUMAN	0.18	21.2	25.0	36
Q2ES49	sp|Q6UDR6|SPIT4_HUMAN	5.6e-05	30.4	31.169	77
Q2ES49	sp|P12111|CO6A3_HUMAN	6.52e-05	30.8	27.143	70
Q2ES49	sp|P12111|CO6A3_HUMAN	1.0	18.9	31.25	32
Q2ES49	sp|P12111|CO6A3_HUMAN	1.5	18.5	71.429	7
Q2ES49	sp|P12111|CO6A3_HUMAN	3.2	17.7	58.333	12
Q2ES49	sp|P12111|CO6A3_HUMAN	4.3	17.3	32.0	25
Q2ES49	sp|P12111|CO6A3_HUMAN	5.7	16.9	42.857	14
Q2ES49	sp|O95428|PPN_HUMAN	0.000164	29.6	27.778	54
Q2ES49	sp|P49223|SPIT3_HUMAN	0.000398	27.7	33.333	36
Q2ES49	sp|O95925|EPPI_HUMAN	0.001	27.3	30.769	39
Q2ES49	sp|Q8IUA0|WFDC8_HUMAN	0.001	27.3	29.412	51
Q2ES49	sp|Q9BQY6|WFDC6_HUMAN	0.003	26.2	38.71	31
Q2ES49	sp|Q02388|CO7A1_HUMAN	0.028	23.5	33.333	30
Q2ES50	sp|P05067|A4_HUMAN	7.06e-17	64.7	51.064	47
Q2ES50	sp|P10646|TFPI1_HUMAN	7.45e-17	64.3	47.368	57
Q2ES50	sp|P10646|TFPI1_HUMAN	1.63e-13	55.1	37.736	53
Q2ES50	sp|P10646|TFPI1_HUMAN	7.18e-13	53.1	44.444	54
Q2ES50	sp|Q06481|APLP2_HUMAN	7.93e-17	64.7	45.614	57
Q2ES50	sp|Q06481|APLP2_HUMAN	0.54	19.6	43.75	16
Q2ES50	sp|P49223|SPIT3_HUMAN	2.4e-15	57.0	40.741	54
Q2ES50	sp|O43291|SPIT2_HUMAN	6.32e-15	58.5	43.333	60
Q2ES50	sp|O43291|SPIT2_HUMAN	1.45e-10	46.6	36.538	52
Q2ES50	sp|P12111|CO6A3_HUMAN	1.35e-14	58.5	40.385	52
Q2ES50	sp|Q8TEU8|WFKN2_HUMAN	2.81e-14	57.4	43.137	51
Q2ES50	sp|Q8TEU8|WFKN2_HUMAN	1.24e-07	38.5	33.333	51
Q2ES50	sp|P02760|AMBP_HUMAN	5.09e-13	53.9	50.98	51
Q2ES50	sp|P02760|AMBP_HUMAN	4.29e-11	48.1	42.308	52
Q2ES50	sp|Q2UY09|COSA1_HUMAN	8.48e-13	53.1	37.097	62
Q2ES50	sp|O43278|SPIT1_HUMAN	1.49e-12	52.4	40.0	65
Q2ES50	sp|O43278|SPIT1_HUMAN	2.03e-12	52.0	45.283	53
Q2ES50	sp|O95925|EPPI_HUMAN	2.5e-12	50.1	36.207	58
Q2ES50	sp|O95428|PPN_HUMAN	2.83e-12	51.6	40.678	59
Q2ES50	sp|O95428|PPN_HUMAN	8.3	16.5	50.0	12
Q2ES50	sp|O95428|PPN_HUMAN	9.0	16.2	33.333	21
Q2ES50	sp|P48307|TFPI2_HUMAN	1.47e-11	49.3	42.0	50
Q2ES50	sp|P48307|TFPI2_HUMAN	2.02e-11	48.9	47.059	51
Q2ES50	sp|P48307|TFPI2_HUMAN	3.35e-05	31.6	33.333	60
Q2ES50	sp|Q02388|CO7A1_HUMAN	5.5e-11	48.1	40.741	54
Q2ES50	sp|Q96NZ8|WFKN1_HUMAN	7.72e-11	47.8	43.137	51
Q2ES50	sp|Q96NZ8|WFKN1_HUMAN	5.12e-06	33.9	32.203	59
Q2ES50	sp|Q8IUA0|WFDC8_HUMAN	3.36e-09	42.7	39.216	51
Q2ES50	sp|Q6UDR6|SPIT4_HUMAN	4.39e-09	41.2	37.662	77
Q2ES50	sp|Q9BQY6|WFDC6_HUMAN	3.15e-05	31.2	46.667	30
Q3UW55	sp|O95925|EPPI_HUMAN	9.22e-47	140.0	52.174	115
Q3UW55	sp|Q9BQY6|WFDC6_HUMAN	7.23e-42	127.0	50.388	129
Q3UW55	sp|Q8IUA0|WFDC8_HUMAN	3.95e-20	74.7	40.0	95
Q3UW55	sp|Q8IUA0|WFDC8_HUMAN	0.001	28.5	38.095	42
Q3UW55	sp|Q8IUA0|WFDC8_HUMAN	7.5	17.3	33.333	24
Q3UW55	sp|P49223|SPIT3_HUMAN	2.88e-17	63.5	48.276	58
Q3UW55	sp|Q8TEU8|WFKN2_HUMAN	2.91e-17	68.2	50.0	64
Q3UW55	sp|Q8TEU8|WFKN2_HUMAN	2.05e-05	33.9	25.862	58
Q3UW55	sp|Q8TEU8|WFKN2_HUMAN	0.16	22.3	31.429	35
Q3UW55	sp|Q06481|APLP2_HUMAN	3.66e-17	67.8	52.83	53
Q3UW55	sp|P12111|CO6A3_HUMAN	7.66e-16	64.3	45.283	53
Q3UW55	sp|P12111|CO6A3_HUMAN	2.4	18.9	24.59	61
Q3UW55	sp|O43291|SPIT2_HUMAN	1.3e-14	59.7	41.379	58
Q3UW55	sp|O43291|SPIT2_HUMAN	1.58e-12	53.9	42.593	54
Q3UW55	sp|P10646|TFPI1_HUMAN	6.05e-14	58.2	46.296	54
Q3UW55	sp|P10646|TFPI1_HUMAN	2.24e-13	56.6	38.806	67
Q3UW55	sp|P10646|TFPI1_HUMAN	6.28e-10	47.0	45.283	53
Q3UW55	sp|P48307|TFPI2_HUMAN	9.33e-14	57.4	47.17	53
Q3UW55	sp|P48307|TFPI2_HUMAN	3.37e-09	44.7	31.633	98
Q3UW55	sp|P48307|TFPI2_HUMAN	2.41e-05	33.5	30.769	52
Q3UW55	sp|Q02388|CO7A1_HUMAN	1.71e-13	57.4	41.27	63
Q3UW55	sp|Q02388|CO7A1_HUMAN	1.9	19.2	85.714	7
Q3UW55	sp|Q02388|CO7A1_HUMAN	2.4	18.9	50.0	14
Q3UW55	sp|Q02388|CO7A1_HUMAN	2.8	18.9	36.364	22
Q3UW55	sp|Q02388|CO7A1_HUMAN	4.2	18.1	50.0	10
Q3UW55	sp|Q96NZ8|WFKN1_HUMAN	4.64e-13	56.2	42.188	64
Q3UW55	sp|Q96NZ8|WFKN1_HUMAN	0.003	27.3	28.261	46
Q3UW55	sp|Q96NZ8|WFKN1_HUMAN	0.047	24.3	30.303	33
Q3UW55	sp|Q96NZ8|WFKN1_HUMAN	4.1	18.1	24.39	41
Q3UW55	sp|P05067|A4_HUMAN	7.86e-13	55.5	45.652	46
Q3UW55	sp|P02760|AMBP_HUMAN	2.06e-12	53.9	41.071	56
Q3UW55	sp|P02760|AMBP_HUMAN	8.65e-10	46.6	44.231	52
Q3UW55	sp|O43278|SPIT1_HUMAN	9.91e-12	52.4	37.931	58
Q3UW55	sp|O43278|SPIT1_HUMAN	3.64e-11	50.4	46.809	47
Q3UW55	sp|Q2UY09|COSA1_HUMAN	1.32e-10	49.3	40.0	45
Q3UW55	sp|Q6UDR6|SPIT4_HUMAN	4.8e-10	45.1	41.176	51
Q3UW55	sp|O95428|PPN_HUMAN	4.97e-10	47.4	42.308	52
Q4KUS1	sp|Q8IUA0|WFDC8_HUMAN	1.53e-93	268.0	61.836	207
Q4KUS1	sp|O95925|EPPI_HUMAN	3.96e-23	84.0	38.947	95
Q4KUS1	sp|O95925|EPPI_HUMAN	0.23	22.7	36.842	38
Q4KUS1	sp|O95925|EPPI_HUMAN	3.4	19.2	35.714	42
Q4KUS1	sp|P48307|TFPI2_HUMAN	1.5e-15	65.5	51.724	58
Q4KUS1	sp|P48307|TFPI2_HUMAN	3.93e-11	52.8	46.809	47
Q4KUS1	sp|P48307|TFPI2_HUMAN	0.21	23.1	23.958	96
Q4KUS1	sp|P49223|SPIT3_HUMAN	7.22e-15	60.1	46.296	54
Q4KUS1	sp|Q8TEU8|WFKN2_HUMAN	4.52e-14	62.8	33.663	101
Q4KUS1	sp|Q8TEU8|WFKN2_HUMAN	5.37e-09	47.4	40.385	52
Q4KUS1	sp|Q8TEU8|WFKN2_HUMAN	0.12	24.3	44.828	29
Q4KUS1	sp|Q8TEU8|WFKN2_HUMAN	0.17	23.9	38.889	36
Q4KUS1	sp|P12111|CO6A3_HUMAN	5.98e-14	62.8	40.351	57
Q4KUS1	sp|P12111|CO6A3_HUMAN	4.0	19.6	35.714	28
Q4KUS1	sp|P12111|CO6A3_HUMAN	6.7	18.9	44.444	9
Q4KUS1	sp|O95428|PPN_HUMAN	1.8e-13	61.2	48.077	52
Q4KUS1	sp|O95428|PPN_HUMAN	3.5	19.6	30.556	36
Q4KUS1	sp|O95428|PPN_HUMAN	4.4	19.2	41.176	17
Q4KUS1	sp|O95428|PPN_HUMAN	5.9	18.9	31.707	41
Q4KUS1	sp|Q96NZ8|WFKN1_HUMAN	9.59e-13	58.5	33.696	92
Q4KUS1	sp|Q96NZ8|WFKN1_HUMAN	3.61e-05	35.4	39.474	38
Q4KUS1	sp|Q96NZ8|WFKN1_HUMAN	0.064	25.0	45.833	24
Q4KUS1	sp|Q96NZ8|WFKN1_HUMAN	2.0	20.4	31.707	41
Q4KUS1	sp|Q2UY09|COSA1_HUMAN	1.62e-12	58.2	36.667	60
Q4KUS1	sp|Q02388|CO7A1_HUMAN	9.89e-12	55.8	40.351	57
Q4KUS1	sp|Q02388|CO7A1_HUMAN	8.0	18.5	53.846	13
Q4KUS1	sp|P10646|TFPI1_HUMAN	9.97e-12	55.1	45.098	51
Q4KUS1	sp|P10646|TFPI1_HUMAN	2.61e-11	53.9	47.059	51
Q4KUS1	sp|P10646|TFPI1_HUMAN	6.25e-09	46.6	37.255	51
Q4KUS1	sp|Q9BQY6|WFDC6_HUMAN	1.2e-11	52.4	27.206	136
Q4KUS1	sp|Q9BQY6|WFDC6_HUMAN	0.31	22.3	36.585	41
Q4KUS1	sp|Q9BQY6|WFDC6_HUMAN	0.35	22.3	37.931	29
Q4KUS1	sp|O43291|SPIT2_HUMAN	3.08e-11	53.1	36.232	69
Q4KUS1	sp|O43291|SPIT2_HUMAN	2.21e-10	50.8	33.871	62
Q4KUS1	sp|P02760|AMBP_HUMAN	4.63e-11	53.1	27.119	118
Q4KUS1	sp|O43278|SPIT1_HUMAN	5.96e-11	53.1	34.177	79
Q4KUS1	sp|O43278|SPIT1_HUMAN	2.18e-10	51.6	31.395	86
Q4KUS1	sp|Q6UDR6|SPIT4_HUMAN	2.52e-10	47.8	34.545	55
Q4KUS1	sp|P05067|A4_HUMAN	1.43e-09	49.3	42.553	47
Q4KUS1	sp|Q06481|APLP2_HUMAN	2.14e-09	48.5	45.455	44
Q5VJG2	sp|P10646|TFPI1_HUMAN	1.1e-26	94.4	34.109	129
Q5VJG2	sp|P10646|TFPI1_HUMAN	6.64e-20	75.9	27.5	160
Q5VJG2	sp|P02760|AMBP_HUMAN	2.76e-23	85.5	37.838	111
Q5VJG2	sp|P02760|AMBP_HUMAN	1.02e-13	58.9	47.541	61
Q5VJG2	sp|P02760|AMBP_HUMAN	3.53e-09	45.8	41.176	51
Q5VJG2	sp|Q8TEU8|WFKN2_HUMAN	1.77e-22	84.3	37.838	111
Q5VJG2	sp|O43291|SPIT2_HUMAN	4.62e-22	80.9	28.667	150
Q5VJG2	sp|O43291|SPIT2_HUMAN	6.77e-14	58.9	51.02	49
Q5VJG2	sp|O43291|SPIT2_HUMAN	1.53e-13	57.8	39.344	61
Q5VJG2	sp|P48307|TFPI2_HUMAN	4.78e-21	77.8	41.121	107
Q5VJG2	sp|P48307|TFPI2_HUMAN	9.59e-19	71.6	34.426	122
Q5VJG2	sp|P48307|TFPI2_HUMAN	1.03e-07	41.2	28.986	69
Q5VJG2	sp|P12111|CO6A3_HUMAN	1.61e-18	73.2	50.0	60
Q5VJG2	sp|P12111|CO6A3_HUMAN	1.82e-12	55.5	40.385	52
Q5VJG2	sp|Q06481|APLP2_HUMAN	2.58e-17	69.3	40.299	67
Q5VJG2	sp|Q06481|APLP2_HUMAN	7.28e-15	62.4	49.057	53
Q5VJG2	sp|Q06481|APLP2_HUMAN	6.0	18.1	33.333	18
Q5VJG2	sp|P05067|A4_HUMAN	9.36e-16	65.1	50.0	44
Q5VJG2	sp|P05067|A4_HUMAN	1.45e-11	52.8	35.443	79
Q5VJG2	sp|Q96NZ8|WFKN1_HUMAN	1.67e-15	64.3	33.028	109
Q5VJG2	sp|Q96NZ8|WFKN1_HUMAN	1.04e-12	56.2	43.478	69
Q5VJG2	sp|P49223|SPIT3_HUMAN	6.17e-14	55.8	40.0	55
Q5VJG2	sp|P49223|SPIT3_HUMAN	4.34e-12	50.8	47.17	53
Q5VJG2	sp|O43278|SPIT1_HUMAN	7.45e-14	59.3	44.231	52
Q5VJG2	sp|O43278|SPIT1_HUMAN	3.51e-12	54.7	35.211	71
Q5VJG2	sp|O43278|SPIT1_HUMAN	6.72e-09	45.1	40.0	45
Q5VJG2	sp|O95925|EPPI_HUMAN	1.01e-13	56.2	40.0	75
Q5VJG2	sp|O95925|EPPI_HUMAN	2.99e-11	49.7	40.0	55
Q5VJG2	sp|Q2UY09|COSA1_HUMAN	1.48e-12	55.8	38.462	52
Q5VJG2	sp|Q2UY09|COSA1_HUMAN	2.03e-09	46.6	33.962	53
Q5VJG2	sp|Q02388|CO7A1_HUMAN	1.72e-11	52.8	44.0	50
Q5VJG2	sp|Q02388|CO7A1_HUMAN	3.34e-09	46.2	40.741	54
Q5VJG2	sp|Q02388|CO7A1_HUMAN	4.8	18.5	36.842	38
Q5VJG2	sp|O95428|PPN_HUMAN	6.66e-11	50.8	38.235	68
Q5VJG2	sp|O95428|PPN_HUMAN	9.12e-09	44.7	38.462	52
Q5VJG2	sp|O95428|PPN_HUMAN	6.6	18.1	42.857	14
Q5VJG2	sp|Q8IUA0|WFDC8_HUMAN	6.81e-09	44.7	40.0	45
Q5VJG2	sp|Q8IUA0|WFDC8_HUMAN	0.000259	31.2	38.298	47
Q5VJG2	sp|Q6UDR6|SPIT4_HUMAN	5.41e-07	37.4	29.63	54
Q5VJG2	sp|Q6UDR6|SPIT4_HUMAN	7.4e-07	37.0	38.0	50
Q5VJG2	sp|Q9BQY6|WFDC6_HUMAN	2.77e-05	33.1	41.935	31
Q5VJG2	sp|Q9BQY6|WFDC6_HUMAN	0.001	28.9	41.379	29
Q6ITB0	sp|P12111|CO6A3_HUMAN	1.4e-18	69.7	48.148	54
Q6ITB0	sp|P12111|CO6A3_HUMAN	0.56	19.6	38.889	18
Q6ITB0	sp|P10646|TFPI1_HUMAN	6.49e-18	67.4	48.276	58
Q6ITB0	sp|P10646|TFPI1_HUMAN	1.37e-16	63.5	49.057	53
Q6ITB0	sp|P10646|TFPI1_HUMAN	3.27e-13	54.3	40.506	79
Q6ITB0	sp|Q96NZ8|WFKN1_HUMAN	1.11e-14	58.5	49.057	53
Q6ITB0	sp|Q96NZ8|WFKN1_HUMAN	1.75e-06	35.4	33.962	53
Q6ITB0	sp|O43278|SPIT1_HUMAN	1.21e-14	58.5	41.27	63
Q6ITB0	sp|O43278|SPIT1_HUMAN	9.34e-12	50.1	42.857	56
Q6ITB0	sp|P48307|TFPI2_HUMAN	3.88e-14	56.2	47.17	53
Q6ITB0	sp|P48307|TFPI2_HUMAN	2.64e-11	48.5	41.818	55
Q6ITB0	sp|P48307|TFPI2_HUMAN	0.01	24.6	30.769	52
Q6ITB0	sp|Q06481|APLP2_HUMAN	4.29e-14	57.0	45.652	46
Q6ITB0	sp|O95925|EPPI_HUMAN	5.26e-14	54.3	41.071	56
Q6ITB0	sp|P02760|AMBP_HUMAN	8.9e-14	55.8	44.444	63
Q6ITB0	sp|P02760|AMBP_HUMAN	2.39e-11	48.9	39.623	53
Q6ITB0	sp|Q8TEU8|WFKN2_HUMAN	1.31e-13	55.5	45.098	51
Q6ITB0	sp|Q8TEU8|WFKN2_HUMAN	1.46e-05	32.7	28.302	53
Q6ITB0	sp|P49223|SPIT3_HUMAN	1.69e-13	52.0	38.889	54
Q6ITB0	sp|P05067|A4_HUMAN	2.2e-12	52.0	39.583	48
Q6ITB0	sp|O43291|SPIT2_HUMAN	4.91e-12	50.8	42.593	54
Q6ITB0	sp|O43291|SPIT2_HUMAN	5.24e-11	47.8	35.849	53
Q6ITB0	sp|Q02388|CO7A1_HUMAN	5.53e-12	50.8	40.625	64
Q6ITB0	sp|Q02388|CO7A1_HUMAN	3.6	17.3	40.909	22
Q6ITB0	sp|Q02388|CO7A1_HUMAN	7.0	16.5	83.333	6
Q6ITB0	sp|Q6UDR6|SPIT4_HUMAN	1.02e-11	47.8	34.722	72
Q6ITB0	sp|O95428|PPN_HUMAN	2.99e-11	48.9	40.299	67
Q6ITB0	sp|Q2UY09|COSA1_HUMAN	1.16e-07	38.5	32.258	62
Q6ITB0	sp|Q8IUA0|WFDC8_HUMAN	4.92e-07	36.6	37.255	51
Q6ITB0	sp|Q9BQY6|WFDC6_HUMAN	5.49e-06	33.5	57.143	28
Q6ITB1	sp|P12111|CO6A3_HUMAN	1.4e-18	69.7	48.148	54
Q6ITB1	sp|P12111|CO6A3_HUMAN	0.56	19.6	38.889	18
Q6ITB1	sp|P10646|TFPI1_HUMAN	6.49e-18	67.4	48.276	58
Q6ITB1	sp|P10646|TFPI1_HUMAN	1.37e-16	63.5	49.057	53
Q6ITB1	sp|P10646|TFPI1_HUMAN	3.27e-13	54.3	40.506	79
Q6ITB1	sp|Q96NZ8|WFKN1_HUMAN	1.11e-14	58.5	49.057	53
Q6ITB1	sp|Q96NZ8|WFKN1_HUMAN	1.75e-06	35.4	33.962	53
Q6ITB1	sp|O43278|SPIT1_HUMAN	1.21e-14	58.5	41.27	63
Q6ITB1	sp|O43278|SPIT1_HUMAN	9.34e-12	50.1	42.857	56
Q6ITB1	sp|P48307|TFPI2_HUMAN	3.88e-14	56.2	47.17	53
Q6ITB1	sp|P48307|TFPI2_HUMAN	2.64e-11	48.5	41.818	55
Q6ITB1	sp|P48307|TFPI2_HUMAN	0.01	24.6	30.769	52
Q6ITB1	sp|Q06481|APLP2_HUMAN	4.29e-14	57.0	45.652	46
Q6ITB1	sp|O95925|EPPI_HUMAN	5.26e-14	54.3	41.071	56
Q6ITB1	sp|P02760|AMBP_HUMAN	8.9e-14	55.8	44.444	63
Q6ITB1	sp|P02760|AMBP_HUMAN	2.39e-11	48.9	39.623	53
Q6ITB1	sp|Q8TEU8|WFKN2_HUMAN	1.31e-13	55.5	45.098	51
Q6ITB1	sp|Q8TEU8|WFKN2_HUMAN	1.46e-05	32.7	28.302	53
Q6ITB1	sp|P49223|SPIT3_HUMAN	1.69e-13	52.0	38.889	54
Q6ITB1	sp|P05067|A4_HUMAN	2.2e-12	52.0	39.583	48
Q6ITB1	sp|O43291|SPIT2_HUMAN	4.91e-12	50.8	42.593	54
Q6ITB1	sp|O43291|SPIT2_HUMAN	5.24e-11	47.8	35.849	53
Q6ITB1	sp|Q02388|CO7A1_HUMAN	5.53e-12	50.8	40.625	64
Q6ITB1	sp|Q02388|CO7A1_HUMAN	3.6	17.3	40.909	22
Q6ITB1	sp|Q02388|CO7A1_HUMAN	7.0	16.5	83.333	6
Q6ITB1	sp|Q6UDR6|SPIT4_HUMAN	1.02e-11	47.8	34.722	72
Q6ITB1	sp|O95428|PPN_HUMAN	2.99e-11	48.9	40.299	67
Q6ITB1	sp|Q2UY09|COSA1_HUMAN	1.16e-07	38.5	32.258	62
Q6ITB1	sp|Q8IUA0|WFDC8_HUMAN	4.92e-07	36.6	37.255	51
Q6ITB1	sp|Q9BQY6|WFDC6_HUMAN	5.49e-06	33.5	57.143	28
Q6ITB2	sp|P10646|TFPI1_HUMAN	3.05e-17	65.5	45.312	64
Q6ITB2	sp|P10646|TFPI1_HUMAN	4.34e-16	62.0	43.86	57
Q6ITB2	sp|P10646|TFPI1_HUMAN	2.71e-13	54.3	42.857	70
Q6ITB2	sp|P12111|CO6A3_HUMAN	1.69e-16	63.5	46.296	54
Q6ITB2	sp|P48307|TFPI2_HUMAN	1.84e-16	62.8	48.214	56
Q6ITB2	sp|P48307|TFPI2_HUMAN	1.02e-12	52.4	43.396	53
Q6ITB2	sp|P48307|TFPI2_HUMAN	0.002	26.6	28.0	50
Q6ITB2	sp|Q06481|APLP2_HUMAN	3.4e-14	57.0	40.0	60
Q6ITB2	sp|Q96NZ8|WFKN1_HUMAN	8.52e-14	55.8	44.444	63
Q6ITB2	sp|Q96NZ8|WFKN1_HUMAN	9e-06	33.1	33.333	51
Q6ITB2	sp|O43278|SPIT1_HUMAN	2.72e-13	54.7	38.983	59
Q6ITB2	sp|O43278|SPIT1_HUMAN	2.19e-11	49.3	44.0	50
Q6ITB2	sp|P02760|AMBP_HUMAN	5.85e-13	53.5	39.683	63
Q6ITB2	sp|P02760|AMBP_HUMAN	1.08e-11	50.1	40.385	52
Q6ITB2	sp|P02760|AMBP_HUMAN	2.4	17.7	42.857	14
Q6ITB2	sp|P05067|A4_HUMAN	1.49e-12	52.4	40.816	49
Q6ITB2	sp|O95925|EPPI_HUMAN	1.59e-12	50.4	38.889	54
Q6ITB2	sp|Q8TEU8|WFKN2_HUMAN	3.82e-12	51.2	43.137	51
Q6ITB2	sp|Q8TEU8|WFKN2_HUMAN	2.04e-05	32.3	31.915	47
Q6ITB2	sp|P49223|SPIT3_HUMAN	4.67e-12	48.5	35.821	67
Q6ITB2	sp|O43291|SPIT2_HUMAN	4.86e-12	50.8	35.714	56
Q6ITB2	sp|O43291|SPIT2_HUMAN	9.23e-12	50.1	38.889	54
Q6ITB2	sp|Q02388|CO7A1_HUMAN	4.85e-11	48.1	39.062	64
Q6ITB2	sp|Q02388|CO7A1_HUMAN	4.8	16.9	40.0	20
Q6ITB2	sp|Q6UDR6|SPIT4_HUMAN	6.82e-11	45.8	35.526	76
Q6ITB2	sp|O95428|PPN_HUMAN	1.68e-09	43.9	39.655	58
Q6ITB2	sp|Q2UY09|COSA1_HUMAN	2.31e-07	37.7	30.645	62
Q6ITB2	sp|Q8IUA0|WFDC8_HUMAN	4.08e-07	37.0	37.736	53
Q6ITB2	sp|Q9BQY6|WFDC6_HUMAN	1.33e-05	32.3	65.0	20
Q6ITB3	sp|P10646|TFPI1_HUMAN	1.85e-18	68.6	46.875	64
Q6ITB3	sp|P10646|TFPI1_HUMAN	4.21e-17	65.1	45.614	57
Q6ITB3	sp|P10646|TFPI1_HUMAN	1.66e-14	57.8	44.286	70
Q6ITB3	sp|P12111|CO6A3_HUMAN	1.09e-16	64.3	44.444	54
Q6ITB3	sp|P48307|TFPI2_HUMAN	4.71e-16	61.6	48.214	56
Q6ITB3	sp|P48307|TFPI2_HUMAN	1.13e-12	52.4	43.396	53
Q6ITB3	sp|P48307|TFPI2_HUMAN	0.002	26.6	28.0	50
Q6ITB3	sp|Q06481|APLP2_HUMAN	1.53e-14	58.2	40.0	60
Q6ITB3	sp|P02760|AMBP_HUMAN	2.85e-14	57.4	41.27	63
Q6ITB3	sp|P02760|AMBP_HUMAN	1.95e-12	52.0	40.385	52
Q6ITB3	sp|P02760|AMBP_HUMAN	2.3	18.1	42.857	14
Q6ITB3	sp|Q96NZ8|WFKN1_HUMAN	8.2e-14	55.8	45.283	53
Q6ITB3	sp|Q96NZ8|WFKN1_HUMAN	2.37e-06	35.0	33.333	51
Q6ITB3	sp|O95925|EPPI_HUMAN	1.64e-13	53.1	40.741	54
Q6ITB3	sp|O43278|SPIT1_HUMAN	2.94e-13	54.3	38.095	63
Q6ITB3	sp|O43278|SPIT1_HUMAN	6.02e-12	50.8	44.0	50
Q6ITB3	sp|P05067|A4_HUMAN	6.68e-13	53.5	40.816	49
Q6ITB3	sp|Q8TEU8|WFKN2_HUMAN	1.68e-12	52.4	41.176	51
Q6ITB3	sp|Q8TEU8|WFKN2_HUMAN	2.95e-06	34.7	30.189	53
Q6ITB3	sp|Q02388|CO7A1_HUMAN	2.39e-12	52.0	39.062	64
Q6ITB3	sp|Q02388|CO7A1_HUMAN	3.2	17.7	40.0	20
Q6ITB3	sp|O43291|SPIT2_HUMAN	2.8e-12	51.2	35.714	56
Q6ITB3	sp|O43291|SPIT2_HUMAN	3.32e-12	51.2	38.889	54
Q6ITB3	sp|P49223|SPIT3_HUMAN	6.12e-12	48.1	34.848	66
Q6ITB3	sp|O95428|PPN_HUMAN	9.47e-11	47.4	39.655	58
Q6ITB3	sp|Q6UDR6|SPIT4_HUMAN	7.18e-10	43.1	34.211	76
Q6ITB3	sp|Q2UY09|COSA1_HUMAN	1.28e-08	41.2	32.258	62
Q6ITB3	sp|Q8IUA0|WFDC8_HUMAN	1.51e-07	38.1	37.736	53
Q6ITB3	sp|Q9BQY6|WFDC6_HUMAN	1.9e-06	34.7	53.333	30
Q6ITB4	sp|P12111|CO6A3_HUMAN	2.16e-18	68.9	50.0	54
Q6ITB4	sp|P12111|CO6A3_HUMAN	2.1	18.1	35.294	17
Q6ITB4	sp|P12111|CO6A3_HUMAN	5.0	16.9	40.0	20
Q6ITB4	sp|P12111|CO6A3_HUMAN	5.9	16.9	45.455	11
Q6ITB4	sp|O43291|SPIT2_HUMAN	3.97e-17	64.7	48.148	54
Q6ITB4	sp|O43291|SPIT2_HUMAN	5.39e-15	58.9	43.396	53
Q6ITB4	sp|O43278|SPIT1_HUMAN	8.16e-17	64.7	43.75	64
Q6ITB4	sp|O43278|SPIT1_HUMAN	3.09e-13	54.3	44.643	56
Q6ITB4	sp|Q96NZ8|WFKN1_HUMAN	9.11e-17	64.3	52.83	53
Q6ITB4	sp|Q96NZ8|WFKN1_HUMAN	1.36e-07	38.5	35.294	51
Q6ITB4	sp|Q06481|APLP2_HUMAN	1.25e-16	63.9	43.333	60
Q6ITB4	sp|O95925|EPPI_HUMAN	2.72e-16	60.5	44.643	56
Q6ITB4	sp|Q8TEU8|WFKN2_HUMAN	3.72e-16	62.8	50.98	51
Q6ITB4	sp|Q8TEU8|WFKN2_HUMAN	9.21e-06	33.1	30.189	53
Q6ITB4	sp|P10646|TFPI1_HUMAN	4.34e-16	62.0	43.077	65
Q6ITB4	sp|P10646|TFPI1_HUMAN	1.99e-15	60.5	49.057	53
Q6ITB4	sp|P10646|TFPI1_HUMAN	3.15e-14	57.0	45.714	70
Q6ITB4	sp|P48307|TFPI2_HUMAN	5.28e-16	61.2	50.943	53
Q6ITB4	sp|P48307|TFPI2_HUMAN	3.38e-13	53.9	43.396	53
Q6ITB4	sp|P48307|TFPI2_HUMAN	0.03	23.1	27.586	58
Q6ITB4	sp|P05067|A4_HUMAN	1.5e-15	60.8	48.98	49
Q6ITB4	sp|P49223|SPIT3_HUMAN	3.66e-15	56.2	42.593	54
Q6ITB4	sp|P02760|AMBP_HUMAN	8.99e-14	55.8	41.538	65
Q6ITB4	sp|P02760|AMBP_HUMAN	1.72e-11	49.3	39.623	53
Q6ITB4	sp|Q02388|CO7A1_HUMAN	4.38e-12	51.2	39.706	68
Q6ITB4	sp|Q02388|CO7A1_HUMAN	6.8	16.5	40.0	20
Q6ITB4	sp|O95428|PPN_HUMAN	1.17e-11	50.1	42.593	54
Q6ITB4	sp|Q6UDR6|SPIT4_HUMAN	1.72e-11	47.4	39.655	58
Q6ITB4	sp|Q8IUA0|WFDC8_HUMAN	2.48e-09	43.1	37.255	51
Q6ITB4	sp|Q2UY09|COSA1_HUMAN	2.38e-08	40.4	32.258	62
Q6ITB4	sp|Q9BQY6|WFDC6_HUMAN	7.91e-07	35.4	60.714	28
Q6ITB5	sp|P12111|CO6A3_HUMAN	1.21e-18	69.7	50.0	54
Q6ITB5	sp|P12111|CO6A3_HUMAN	2.1	18.1	35.294	17
Q6ITB5	sp|P12111|CO6A3_HUMAN	4.7	16.9	40.909	22
Q6ITB5	sp|P12111|CO6A3_HUMAN	5.9	16.9	45.455	11
Q6ITB5	sp|Q06481|APLP2_HUMAN	7.62e-17	64.7	43.333	60
Q6ITB5	sp|Q96NZ8|WFKN1_HUMAN	7.72e-17	64.7	52.83	53
Q6ITB5	sp|Q96NZ8|WFKN1_HUMAN	1.18e-07	38.5	35.849	53
Q6ITB5	sp|O95925|EPPI_HUMAN	1.24e-16	61.2	44.643	56
Q6ITB5	sp|P48307|TFPI2_HUMAN	2.31e-16	62.4	50.943	53
Q6ITB5	sp|P48307|TFPI2_HUMAN	1.32e-12	52.4	41.509	53
Q6ITB5	sp|P48307|TFPI2_HUMAN	0.013	24.3	27.586	58
Q6ITB5	sp|O43291|SPIT2_HUMAN	2.61e-16	62.4	46.296	54
Q6ITB5	sp|O43291|SPIT2_HUMAN	1.64e-14	57.4	43.396	53
Q6ITB5	sp|O43278|SPIT1_HUMAN	2.68e-16	63.2	43.75	64
Q6ITB5	sp|O43278|SPIT1_HUMAN	1.88e-13	55.1	44.643	56
Q6ITB5	sp|Q8TEU8|WFKN2_HUMAN	3.34e-16	62.8	50.98	51
Q6ITB5	sp|Q8TEU8|WFKN2_HUMAN	7.95e-06	33.5	31.373	51
Q6ITB5	sp|P49223|SPIT3_HUMAN	1.14e-15	57.8	42.593	54
Q6ITB5	sp|P05067|A4_HUMAN	1.52e-15	60.8	48.98	49
Q6ITB5	sp|P10646|TFPI1_HUMAN	1.87e-15	60.5	41.538	65
Q6ITB5	sp|P10646|TFPI1_HUMAN	7.14e-15	58.9	47.17	53
Q6ITB5	sp|P10646|TFPI1_HUMAN	5.27e-14	56.2	45.714	70
Q6ITB5	sp|P02760|AMBP_HUMAN	7.69e-14	56.2	41.538	65
Q6ITB5	sp|P02760|AMBP_HUMAN	1.44e-11	49.7	39.623	53
Q6ITB5	sp|Q02388|CO7A1_HUMAN	4.09e-12	51.2	39.706	68
Q6ITB5	sp|Q02388|CO7A1_HUMAN	8.2	16.5	40.0	20
Q6ITB5	sp|Q6UDR6|SPIT4_HUMAN	8.62e-12	48.1	39.655	58
Q6ITB5	sp|O95428|PPN_HUMAN	1.04e-11	50.1	42.593	54
Q6ITB5	sp|Q8IUA0|WFDC8_HUMAN	2.18e-09	43.1	37.255	51
Q6ITB5	sp|Q2UY09|COSA1_HUMAN	2.38e-08	40.4	32.258	62
Q6ITB5	sp|Q9BQY6|WFDC6_HUMAN	7.51e-07	35.8	60.714	28
Q6ITB6	sp|P12111|CO6A3_HUMAN	2.16e-18	68.9	50.0	54
Q6ITB6	sp|P12111|CO6A3_HUMAN	2.1	18.1	35.294	17
Q6ITB6	sp|P12111|CO6A3_HUMAN	5.0	16.9	40.0	20
Q6ITB6	sp|P12111|CO6A3_HUMAN	5.9	16.9	45.455	11
Q6ITB6	sp|O43291|SPIT2_HUMAN	3.97e-17	64.7	48.148	54
Q6ITB6	sp|O43291|SPIT2_HUMAN	5.39e-15	58.9	43.396	53
Q6ITB6	sp|O43278|SPIT1_HUMAN	8.16e-17	64.7	43.75	64
Q6ITB6	sp|O43278|SPIT1_HUMAN	3.09e-13	54.3	44.643	56
Q6ITB6	sp|Q96NZ8|WFKN1_HUMAN	9.11e-17	64.3	52.83	53
Q6ITB6	sp|Q96NZ8|WFKN1_HUMAN	1.36e-07	38.5	35.294	51
Q6ITB6	sp|Q06481|APLP2_HUMAN	1.25e-16	63.9	43.333	60
Q6ITB6	sp|O95925|EPPI_HUMAN	2.72e-16	60.5	44.643	56
Q6ITB6	sp|Q8TEU8|WFKN2_HUMAN	3.72e-16	62.8	50.98	51
Q6ITB6	sp|Q8TEU8|WFKN2_HUMAN	9.21e-06	33.1	30.189	53
Q6ITB6	sp|P10646|TFPI1_HUMAN	4.34e-16	62.0	43.077	65
Q6ITB6	sp|P10646|TFPI1_HUMAN	1.99e-15	60.5	49.057	53
Q6ITB6	sp|P10646|TFPI1_HUMAN	3.15e-14	57.0	45.714	70
Q6ITB6	sp|P48307|TFPI2_HUMAN	5.28e-16	61.2	50.943	53
Q6ITB6	sp|P48307|TFPI2_HUMAN	3.38e-13	53.9	43.396	53
Q6ITB6	sp|P48307|TFPI2_HUMAN	0.03	23.1	27.586	58
Q6ITB6	sp|P05067|A4_HUMAN	1.5e-15	60.8	48.98	49
Q6ITB6	sp|P49223|SPIT3_HUMAN	3.66e-15	56.2	42.593	54
Q6ITB6	sp|P02760|AMBP_HUMAN	8.99e-14	55.8	41.538	65
Q6ITB6	sp|P02760|AMBP_HUMAN	1.72e-11	49.3	39.623	53
Q6ITB6	sp|Q02388|CO7A1_HUMAN	4.38e-12	51.2	39.706	68
Q6ITB6	sp|Q02388|CO7A1_HUMAN	6.8	16.5	40.0	20
Q6ITB6	sp|O95428|PPN_HUMAN	1.17e-11	50.1	42.593	54
Q6ITB6	sp|Q6UDR6|SPIT4_HUMAN	1.72e-11	47.4	39.655	58
Q6ITB6	sp|Q8IUA0|WFDC8_HUMAN	2.48e-09	43.1	37.255	51
Q6ITB6	sp|Q2UY09|COSA1_HUMAN	2.38e-08	40.4	32.258	62
Q6ITB6	sp|Q9BQY6|WFDC6_HUMAN	7.91e-07	35.4	60.714	28
Q6ITB7	sp|P12111|CO6A3_HUMAN	1.19e-17	67.0	48.148	54
Q6ITB7	sp|P12111|CO6A3_HUMAN	2.1	18.1	35.294	17
Q6ITB7	sp|P12111|CO6A3_HUMAN	5.1	16.9	40.0	20
Q6ITB7	sp|P12111|CO6A3_HUMAN	5.9	16.9	45.455	11
Q6ITB7	sp|O43291|SPIT2_HUMAN	2.02e-16	62.8	46.296	54
Q6ITB7	sp|O43291|SPIT2_HUMAN	2.43e-14	57.0	41.509	53
Q6ITB7	sp|O43278|SPIT1_HUMAN	3.89e-16	62.8	42.188	64
Q6ITB7	sp|O43278|SPIT1_HUMAN	1.44e-12	52.4	42.857	56
Q6ITB7	sp|Q96NZ8|WFKN1_HUMAN	4.6e-16	62.4	50.943	53
Q6ITB7	sp|Q96NZ8|WFKN1_HUMAN	7.39e-08	39.3	35.294	51
Q6ITB7	sp|Q06481|APLP2_HUMAN	6.98e-16	62.0	41.667	60
Q6ITB7	sp|O95925|EPPI_HUMAN	9.69e-16	58.9	42.857	56
Q6ITB7	sp|P10646|TFPI1_HUMAN	1.64e-15	60.5	41.538	65
Q6ITB7	sp|P10646|TFPI1_HUMAN	8.54e-15	58.5	47.17	53
Q6ITB7	sp|P10646|TFPI1_HUMAN	1.35e-13	55.1	44.286	70
Q6ITB7	sp|Q8TEU8|WFKN2_HUMAN	1.79e-15	60.8	49.02	51
Q6ITB7	sp|Q8TEU8|WFKN2_HUMAN	4.05e-05	31.6	29.412	51
Q6ITB7	sp|P48307|TFPI2_HUMAN	2.45e-15	59.7	49.057	53
Q6ITB7	sp|P48307|TFPI2_HUMAN	1.43e-12	52.0	41.509	53
Q6ITB7	sp|P48307|TFPI2_HUMAN	0.15	21.2	25.862	58
Q6ITB7	sp|P05067|A4_HUMAN	8.09e-15	58.9	46.939	49
Q6ITB7	sp|P49223|SPIT3_HUMAN	1.68e-14	54.7	40.741	54
Q6ITB7	sp|P02760|AMBP_HUMAN	3.95e-13	53.9	40.0	65
Q6ITB7	sp|P02760|AMBP_HUMAN	7.82e-11	47.4	37.736	53
Q6ITB7	sp|Q02388|CO7A1_HUMAN	2.78e-11	48.9	38.235	68
Q6ITB7	sp|Q02388|CO7A1_HUMAN	7.0	16.5	40.0	20
Q6ITB7	sp|Q6UDR6|SPIT4_HUMAN	6.82e-11	45.8	37.931	58
Q6ITB7	sp|O95428|PPN_HUMAN	6.99e-11	47.8	40.741	54
Q6ITB7	sp|Q8IUA0|WFDC8_HUMAN	8.47e-09	41.6	35.294	51
Q6ITB7	sp|Q2UY09|COSA1_HUMAN	8.68e-09	42.0	33.871	62
Q6ITB7	sp|Q9BQY6|WFDC6_HUMAN	3.61e-06	33.9	57.143	28
Q6ITB8	sp|P10646|TFPI1_HUMAN	6.76e-17	64.3	46.552	58
Q6ITB8	sp|P10646|TFPI1_HUMAN	1.59e-16	63.5	47.17	53
Q6ITB8	sp|P10646|TFPI1_HUMAN	7.28e-13	53.1	40.26	77
Q6ITB8	sp|P12111|CO6A3_HUMAN	1.57e-16	63.9	44.231	52
Q6ITB8	sp|P12111|CO6A3_HUMAN	3.8	17.3	75.0	8
Q6ITB8	sp|P48307|TFPI2_HUMAN	2.54e-13	54.3	42.857	56
Q6ITB8	sp|P48307|TFPI2_HUMAN	4.18e-12	50.8	45.283	53
Q6ITB8	sp|P48307|TFPI2_HUMAN	0.001	26.9	32.759	58
Q6ITB8	sp|P02760|AMBP_HUMAN	3.99e-13	53.9	41.27	63
Q6ITB8	sp|P02760|AMBP_HUMAN	1.45e-11	49.7	39.623	53
Q6ITB8	sp|O95925|EPPI_HUMAN	2.31e-12	50.1	43.137	51
Q6ITB8	sp|O43278|SPIT1_HUMAN	7.99e-12	50.4	38.095	63
Q6ITB8	sp|O43278|SPIT1_HUMAN	3.66e-10	45.8	42.0	50
Q6ITB8	sp|Q96NZ8|WFKN1_HUMAN	8.33e-12	50.4	45.098	51
Q6ITB8	sp|Q96NZ8|WFKN1_HUMAN	2.54e-06	34.7	33.333	45
Q6ITB8	sp|Q96NZ8|WFKN1_HUMAN	4.4	16.9	27.273	22
Q6ITB8	sp|P05067|A4_HUMAN	1.04e-11	50.1	38.776	49
Q6ITB8	sp|Q06481|APLP2_HUMAN	2.23e-11	49.3	33.333	60
Q6ITB8	sp|O43291|SPIT2_HUMAN	3.28e-11	48.5	33.929	56
Q6ITB8	sp|O43291|SPIT2_HUMAN	4.76e-10	45.1	39.623	53
Q6ITB8	sp|Q8TEU8|WFKN2_HUMAN	5e-11	48.1	43.137	51
Q6ITB8	sp|Q8TEU8|WFKN2_HUMAN	1.64e-05	32.3	30.189	53
Q6ITB8	sp|P49223|SPIT3_HUMAN	1.11e-10	45.1	37.037	54
Q6ITB8	sp|Q2UY09|COSA1_HUMAN	1.38e-10	47.0	35.484	62
Q6ITB8	sp|Q02388|CO7A1_HUMAN	4.64e-10	45.4	39.062	64
Q6ITB8	sp|Q02388|CO7A1_HUMAN	0.21	20.8	45.455	22
Q6ITB8	sp|O95428|PPN_HUMAN	1.21e-09	44.3	35.821	67
Q6ITB8	sp|Q6UDR6|SPIT4_HUMAN	5.57e-08	38.1	30.556	72
Q6ITB8	sp|Q8IUA0|WFDC8_HUMAN	1.72e-07	38.1	35.294	51
Q6ITB8	sp|Q9BQY6|WFDC6_HUMAN	0.000373	28.5	46.429	28
Q6ITB9	sp|P12111|CO6A3_HUMAN	1.92e-18	69.3	50.0	54
Q6ITB9	sp|P12111|CO6A3_HUMAN	2.1	18.1	35.294	17
Q6ITB9	sp|P12111|CO6A3_HUMAN	5.2	16.9	40.0	20
Q6ITB9	sp|P12111|CO6A3_HUMAN	6.0	16.9	45.455	11
Q6ITB9	sp|O43291|SPIT2_HUMAN	7.14e-17	63.9	48.148	54
Q6ITB9	sp|O43291|SPIT2_HUMAN	3.85e-15	59.3	43.396	53
Q6ITB9	sp|O43278|SPIT1_HUMAN	7.19e-17	64.7	44.444	63
Q6ITB9	sp|O43278|SPIT1_HUMAN	3.09e-13	54.3	44.643	56
Q6ITB9	sp|O95925|EPPI_HUMAN	1.01e-16	61.6	46.429	56
Q6ITB9	sp|Q06481|APLP2_HUMAN	1.45e-16	63.9	43.333	60
Q6ITB9	sp|Q96NZ8|WFKN1_HUMAN	2.72e-16	63.2	50.943	53
Q6ITB9	sp|Q96NZ8|WFKN1_HUMAN	2.8e-07	37.4	35.294	51
Q6ITB9	sp|P10646|TFPI1_HUMAN	1.01e-15	61.2	48.276	58
Q6ITB9	sp|P10646|TFPI1_HUMAN	2.29e-15	60.1	40.278	72
Q6ITB9	sp|P10646|TFPI1_HUMAN	2.9e-14	57.0	45.714	70
Q6ITB9	sp|Q8TEU8|WFKN2_HUMAN	1.26e-15	61.2	49.02	51
Q6ITB9	sp|Q8TEU8|WFKN2_HUMAN	8.77e-06	33.1	30.189	53
Q6ITB9	sp|P48307|TFPI2_HUMAN	1.51e-15	60.1	49.057	53
Q6ITB9	sp|P48307|TFPI2_HUMAN	2.62e-13	53.9	43.396	53
Q6ITB9	sp|P48307|TFPI2_HUMAN	0.025	23.5	27.586	58
Q6ITB9	sp|P05067|A4_HUMAN	1.7e-15	60.8	48.98	49
Q6ITB9	sp|P49223|SPIT3_HUMAN	2.19e-15	57.0	41.538	65
Q6ITB9	sp|P02760|AMBP_HUMAN	1.32e-13	55.5	42.857	63
Q6ITB9	sp|P02760|AMBP_HUMAN	4.71e-12	50.8	41.509	53
Q6ITB9	sp|P02760|AMBP_HUMAN	6.2	16.5	32.0	25
Q6ITB9	sp|Q02388|CO7A1_HUMAN	5.59e-12	50.8	40.625	64
Q6ITB9	sp|Q02388|CO7A1_HUMAN	7.0	16.5	40.0	20
Q6ITB9	sp|Q6UDR6|SPIT4_HUMAN	7.99e-12	48.1	36.364	77
Q6ITB9	sp|O95428|PPN_HUMAN	1.28e-11	49.7	42.593	54
Q6ITB9	sp|Q8IUA0|WFDC8_HUMAN	6.82e-09	42.0	35.294	51
Q6ITB9	sp|Q9BQY6|WFDC6_HUMAN	2.61e-07	37.0	64.286	28
Q6ITB9	sp|Q2UY09|COSA1_HUMAN	1.2e-06	35.8	37.143	35
Q6ITC0	sp|P12111|CO6A3_HUMAN	2.51e-16	63.2	44.231	52
Q6ITC0	sp|P10646|TFPI1_HUMAN	7.09e-16	61.6	47.17	53
Q6ITC0	sp|P10646|TFPI1_HUMAN	3.09e-15	59.7	39.062	64
Q6ITC0	sp|P10646|TFPI1_HUMAN	5.69e-13	53.5	41.429	70
Q6ITC0	sp|O43278|SPIT1_HUMAN	7.2e-14	56.2	39.062	64
Q6ITC0	sp|O43278|SPIT1_HUMAN	2.01e-12	52.0	46.809	47
Q6ITC0	sp|P48307|TFPI2_HUMAN	7.78e-14	55.5	43.636	55
Q6ITC0	sp|P48307|TFPI2_HUMAN	1.34e-12	52.0	43.396	53
Q6ITC0	sp|P48307|TFPI2_HUMAN	0.000214	29.3	32.759	58
Q6ITC0	sp|O95925|EPPI_HUMAN	3.18e-13	52.4	43.137	51
Q6ITC0	sp|O43291|SPIT2_HUMAN	1.22e-12	52.4	39.623	53
Q6ITC0	sp|O43291|SPIT2_HUMAN	6.27e-11	47.8	33.962	53
Q6ITC0	sp|Q96NZ8|WFKN1_HUMAN	3.2e-12	51.6	43.137	51
Q6ITC0	sp|Q96NZ8|WFKN1_HUMAN	2.59e-06	34.7	30.508	59
Q6ITC0	sp|Q02388|CO7A1_HUMAN	1.12e-11	50.1	38.235	68
Q6ITC0	sp|Q06481|APLP2_HUMAN	1.45e-11	49.7	35.0	60
Q6ITC0	sp|P02760|AMBP_HUMAN	2.69e-11	48.9	38.462	65
Q6ITC0	sp|P02760|AMBP_HUMAN	5.22e-10	45.1	37.736	53
Q6ITC0	sp|Q8TEU8|WFKN2_HUMAN	3.62e-11	48.5	41.176	51
Q6ITC0	sp|Q8TEU8|WFKN2_HUMAN	6.4e-07	36.6	33.333	51
Q6ITC0	sp|P05067|A4_HUMAN	3.38e-10	45.8	35.417	48
Q6ITC0	sp|O95428|PPN_HUMAN	8.81e-10	44.7	40.741	54
Q6ITC0	sp|O95428|PPN_HUMAN	1.5	18.5	28.571	35
Q6ITC0	sp|P49223|SPIT3_HUMAN	2.84e-09	41.2	33.333	54
Q6ITC0	sp|Q2UY09|COSA1_HUMAN	9.66e-09	41.6	34.921	63
Q6ITC0	sp|Q6UDR6|SPIT4_HUMAN	1.05e-08	40.0	35.849	53
Q6ITC0	sp|Q8IUA0|WFDC8_HUMAN	2.23e-08	40.4	39.216	51
Q6ITC0	sp|Q9BQY6|WFDC6_HUMAN	3.53e-07	36.6	57.143	28
Q6ITC1	sp|P10646|TFPI1_HUMAN	1.18e-17	66.6	42.188	64
Q6ITC1	sp|P10646|TFPI1_HUMAN	1.57e-16	63.5	47.17	53
Q6ITC1	sp|P10646|TFPI1_HUMAN	7.28e-13	53.1	42.857	70
Q6ITC1	sp|P12111|CO6A3_HUMAN	1.62e-16	63.9	44.231	52
Q6ITC1	sp|P12111|CO6A3_HUMAN	3.8	17.3	75.0	8
Q6ITC1	sp|P02760|AMBP_HUMAN	1.95e-13	55.1	40.0	65
Q6ITC1	sp|P02760|AMBP_HUMAN	1.59e-11	49.7	39.623	53
Q6ITC1	sp|P48307|TFPI2_HUMAN	4.4e-13	53.5	47.059	51
Q6ITC1	sp|P48307|TFPI2_HUMAN	5.21e-12	50.4	45.283	53
Q6ITC1	sp|P48307|TFPI2_HUMAN	0.001	27.3	32.759	58
Q6ITC1	sp|O95925|EPPI_HUMAN	1.53e-12	50.8	43.137	51
Q6ITC1	sp|Q96NZ8|WFKN1_HUMAN	5.74e-12	50.8	45.098	51
Q6ITC1	sp|Q96NZ8|WFKN1_HUMAN	1.77e-06	35.4	33.333	45
Q6ITC1	sp|Q96NZ8|WFKN1_HUMAN	4.1	17.3	27.273	22
Q6ITC1	sp|O43278|SPIT1_HUMAN	8.23e-12	50.4	37.5	64
Q6ITC1	sp|O43278|SPIT1_HUMAN	1.28e-10	47.0	39.286	56
Q6ITC1	sp|P05067|A4_HUMAN	1.04e-11	50.1	38.776	49
Q6ITC1	sp|Q06481|APLP2_HUMAN	1.8e-11	49.3	33.333	60
Q6ITC1	sp|Q8TEU8|WFKN2_HUMAN	3.73e-11	48.5	43.137	51
Q6ITC1	sp|Q8TEU8|WFKN2_HUMAN	9.77e-06	33.1	30.189	53
Q6ITC1	sp|O43291|SPIT2_HUMAN	7.43e-11	47.4	36.538	52
Q6ITC1	sp|O43291|SPIT2_HUMAN	2.24e-10	46.2	38.095	63
Q6ITC1	sp|P49223|SPIT3_HUMAN	8.94e-11	45.1	37.037	54
Q6ITC1	sp|Q2UY09|COSA1_HUMAN	1.15e-10	47.0	35.484	62
Q6ITC1	sp|Q02388|CO7A1_HUMAN	2.61e-10	46.2	38.235	68
Q6ITC1	sp|Q02388|CO7A1_HUMAN	0.72	19.2	45.0	20
Q6ITC1	sp|O95428|PPN_HUMAN	5.23e-09	42.4	37.037	54
Q6ITC1	sp|Q6UDR6|SPIT4_HUMAN	6.96e-08	37.7	33.962	53
Q6ITC1	sp|Q8IUA0|WFDC8_HUMAN	1.28e-07	38.5	35.294	51
Q6ITC1	sp|Q9BQY6|WFDC6_HUMAN	0.000345	28.5	46.429	28
Q75S50	sp|P12111|CO6A3_HUMAN	2.34e-12	52.0	41.176	51
Q75S50	sp|Q06481|APLP2_HUMAN	4e-11	48.5	39.216	51
Q75S50	sp|O43278|SPIT1_HUMAN	6.64e-11	47.8	39.216	51
Q75S50	sp|O43278|SPIT1_HUMAN	2.74e-07	37.7	30.159	63
Q75S50	sp|P05067|A4_HUMAN	9.98e-10	44.7	34.783	46
Q75S50	sp|P10646|TFPI1_HUMAN	3.23e-09	43.1	34.483	58
Q75S50	sp|P10646|TFPI1_HUMAN	3.29e-09	43.1	32.812	64
Q75S50	sp|P10646|TFPI1_HUMAN	1.39e-08	41.2	37.255	51
Q75S50	sp|P02760|AMBP_HUMAN	5.98e-09	42.4	37.255	51
Q75S50	sp|P02760|AMBP_HUMAN	1.1e-07	38.9	30.357	56
Q75S50	sp|P02760|AMBP_HUMAN	1.3	18.5	34.615	26
Q75S50	sp|Q2UY09|COSA1_HUMAN	2.66e-08	40.4	31.25	64
Q75S50	sp|O95925|EPPI_HUMAN	4.32e-08	38.9	34.545	55
Q75S50	sp|P48307|TFPI2_HUMAN	5.25e-08	39.7	38.298	47
Q75S50	sp|P48307|TFPI2_HUMAN	1.82e-07	38.1	37.255	51
Q75S50	sp|Q8TEU8|WFKN2_HUMAN	6.41e-08	39.3	27.273	66
Q75S50	sp|Q8TEU8|WFKN2_HUMAN	1.13e-07	38.9	35.294	51
Q75S50	sp|Q8TEU8|WFKN2_HUMAN	6.5	16.5	53.846	13
Q75S50	sp|Q96NZ8|WFKN1_HUMAN	2.86e-07	37.7	45.714	35
Q75S50	sp|Q96NZ8|WFKN1_HUMAN	0.005	25.4	25.49	51
Q75S50	sp|O95428|PPN_HUMAN	2.91e-07	37.7	38.095	42
Q75S50	sp|O43291|SPIT2_HUMAN	4.86e-07	37.0	30.769	52
Q75S50	sp|O43291|SPIT2_HUMAN	2.18e-05	32.0	30.952	42
Q75S50	sp|Q02388|CO7A1_HUMAN	7.5e-07	36.6	33.333	54
Q75S50	sp|P49223|SPIT3_HUMAN	7.87e-07	35.0	30.159	63
Q75S50	sp|Q8IUA0|WFDC8_HUMAN	1.72e-06	35.4	32.558	43
Q75S50	sp|Q9BQY6|WFDC6_HUMAN	3.79e-06	33.9	41.935	31
Q75S50	sp|Q6UDR6|SPIT4_HUMAN	8.15e-06	32.3	33.846	65
Q7Z1K3	sp|Q02388|CO7A1_HUMAN	5.74e-11	52.0	41.558	77
Q7Z1K3	sp|P12111|CO6A3_HUMAN	3.75e-10	49.7	40.351	57
Q7Z1K3	sp|P49223|SPIT3_HUMAN	6e-09	43.1	37.288	59
Q7Z1K3	sp|Q06481|APLP2_HUMAN	2.49e-08	43.9	33.824	68
Q7Z1K3	sp|O95925|EPPI_HUMAN	2.61e-08	42.4	35.938	64
Q7Z1K3	sp|P02760|AMBP_HUMAN	1.19e-07	41.6	36.508	63
Q7Z1K3	sp|P02760|AMBP_HUMAN	1.14e-05	35.8	41.667	36
Q7Z1K3	sp|P02760|AMBP_HUMAN	2.5	19.6	33.333	54
Q7Z1K3	sp|Q8TEU8|WFKN2_HUMAN	3.77e-07	40.4	42.105	38
Q7Z1K3	sp|Q8TEU8|WFKN2_HUMAN	0.000311	31.6	33.333	45
Q7Z1K3	sp|P10646|TFPI1_HUMAN	6.65e-07	39.3	36.207	58
Q7Z1K3	sp|P10646|TFPI1_HUMAN	2.99e-05	34.7	36.111	36
Q7Z1K3	sp|P10646|TFPI1_HUMAN	0.000755	30.4	26.316	76
Q7Z1K3	sp|Q2UY09|COSA1_HUMAN	8.09e-07	39.7	37.838	37
Q7Z1K3	sp|Q96NZ8|WFKN1_HUMAN	1.2e-06	38.9	37.037	54
Q7Z1K3	sp|Q96NZ8|WFKN1_HUMAN	3.09e-05	34.7	35.385	65
Q7Z1K3	sp|P48307|TFPI2_HUMAN	2.25e-06	37.7	38.596	57
Q7Z1K3	sp|P48307|TFPI2_HUMAN	8.3e-05	33.1	38.71	31
Q7Z1K3	sp|P05067|A4_HUMAN	2.88e-06	37.7	45.714	35
Q7Z1K3	sp|Q8IUA0|WFDC8_HUMAN	5.25e-06	36.6	35.385	65
Q7Z1K3	sp|Q8IUA0|WFDC8_HUMAN	9.3	17.7	35.0	20
Q7Z1K3	sp|O43291|SPIT2_HUMAN	5.5e-06	36.6	40.0	35
Q7Z1K3	sp|O43291|SPIT2_HUMAN	0.002	28.9	34.286	35
Q7Z1K3	sp|O43278|SPIT1_HUMAN	7.24e-05	33.5	38.889	36
Q7Z1K3	sp|O43278|SPIT1_HUMAN	0.000117	32.7	33.333	60
Q7Z1K3	sp|O95428|PPN_HUMAN	0.000267	32.0	38.889	36
Q7Z1K3	sp|O95428|PPN_HUMAN	9.0	17.7	21.333	75
Q7Z1K3	sp|Q6UDR6|SPIT4_HUMAN	0.003	27.3	22.093	86
Q7Z1K3	sp|Q9BQY6|WFDC6_HUMAN	0.009	26.2	45.161	31
Q8AY42	sp|P48307|TFPI2_HUMAN	2.7e-16	62.0	54.717	53
Q8AY42	sp|P48307|TFPI2_HUMAN	2.11e-10	46.2	41.509	53
Q8AY42	sp|P48307|TFPI2_HUMAN	0.12	21.6	25.862	58
Q8AY42	sp|P10646|TFPI1_HUMAN	9.58e-16	61.2	48.571	70
Q8AY42	sp|P10646|TFPI1_HUMAN	2.74e-14	57.4	38.333	60
Q8AY42	sp|P10646|TFPI1_HUMAN	4.76e-13	53.9	43.077	65
Q8AY42	sp|P12111|CO6A3_HUMAN	2.09e-15	60.5	42.308	52
Q8AY42	sp|P12111|CO6A3_HUMAN	1.4	18.5	41.176	17
Q8AY42	sp|P49223|SPIT3_HUMAN	4.77e-12	48.5	37.879	66
Q8AY42	sp|O43278|SPIT1_HUMAN	5.84e-12	50.8	37.5	64
Q8AY42	sp|O43278|SPIT1_HUMAN	1.51e-11	49.7	38.095	63
Q8AY42	sp|Q06481|APLP2_HUMAN	6.08e-12	50.8	37.931	58
Q8AY42	sp|P05067|A4_HUMAN	9.63e-12	50.1	44.681	47
Q8AY42	sp|P05067|A4_HUMAN	6.9	16.5	45.455	11
Q8AY42	sp|Q2UY09|COSA1_HUMAN	8.56e-11	47.4	35.484	62
Q8AY42	sp|O43291|SPIT2_HUMAN	8.71e-11	47.4	40.741	54
Q8AY42	sp|O43291|SPIT2_HUMAN	3.19e-07	37.4	32.075	53
Q8AY42	sp|P02760|AMBP_HUMAN	1.13e-10	47.0	42.308	52
Q8AY42	sp|P02760|AMBP_HUMAN	2.98e-08	40.0	34.921	63
Q8AY42	sp|O95925|EPPI_HUMAN	1.88e-10	45.1	38.182	55
Q8AY42	sp|Q96NZ8|WFKN1_HUMAN	3.04e-10	45.8	43.137	51
Q8AY42	sp|Q96NZ8|WFKN1_HUMAN	7.05e-06	33.5	28.814	59
Q8AY42	sp|Q8TEU8|WFKN2_HUMAN	3.4e-10	45.8	41.176	51
Q8AY42	sp|Q8TEU8|WFKN2_HUMAN	5.16e-07	36.6	29.412	51
Q8AY42	sp|O95428|PPN_HUMAN	1.25e-09	44.3	40.741	54
Q8AY42	sp|O95428|PPN_HUMAN	8.3	16.2	62.5	8
Q8AY42	sp|Q8IUA0|WFDC8_HUMAN	3.84e-09	42.7	37.255	51
Q8AY42	sp|Q02388|CO7A1_HUMAN	4.08e-09	42.7	35.938	64
Q8AY42	sp|Q6UDR6|SPIT4_HUMAN	2.31e-07	36.6	28.571	91
Q8AY42	sp|Q9BQY6|WFDC6_HUMAN	8.04e-05	30.0	43.333	30
Q8AY43	sp|P48307|TFPI2_HUMAN	2.7e-17	64.7	56.604	53
Q8AY43	sp|P48307|TFPI2_HUMAN	1.14e-09	43.9	39.623	53
Q8AY43	sp|P48307|TFPI2_HUMAN	0.027	23.5	27.586	58
Q8AY43	sp|P12111|CO6A3_HUMAN	1.82e-16	63.5	44.231	52
Q8AY43	sp|P12111|CO6A3_HUMAN	1.3	18.5	41.176	17
Q8AY43	sp|P10646|TFPI1_HUMAN	1.32e-15	60.8	47.143	70
Q8AY43	sp|P10646|TFPI1_HUMAN	1.26e-14	58.2	38.333	60
Q8AY43	sp|P10646|TFPI1_HUMAN	3.57e-13	53.9	42.424	66
Q8AY43	sp|P49223|SPIT3_HUMAN	1.29e-12	49.7	37.879	66
Q8AY43	sp|Q06481|APLP2_HUMAN	2.92e-12	51.6	37.931	58
Q8AY43	sp|O43278|SPIT1_HUMAN	3.16e-12	51.6	37.5	64
Q8AY43	sp|O43278|SPIT1_HUMAN	3.46e-11	48.5	36.508	63
Q8AY43	sp|Q2UY09|COSA1_HUMAN	3.36e-12	51.6	35.938	64
Q8AY43	sp|Q2UY09|COSA1_HUMAN	4.9	16.9	38.889	18
Q8AY43	sp|O43291|SPIT2_HUMAN	9.9e-12	50.1	42.593	54
Q8AY43	sp|O43291|SPIT2_HUMAN	1.95e-07	37.7	32.075	53
Q8AY43	sp|O95925|EPPI_HUMAN	1.27e-11	48.1	40.0	55
Q8AY43	sp|Q8TEU8|WFKN2_HUMAN	2.13e-11	49.3	43.137	51
Q8AY43	sp|Q8TEU8|WFKN2_HUMAN	1.84e-06	35.0	27.451	51
Q8AY43	sp|P05067|A4_HUMAN	2.91e-11	48.9	42.553	47
Q8AY43	sp|P05067|A4_HUMAN	6.9	16.5	45.455	11
Q8AY43	sp|Q96NZ8|WFKN1_HUMAN	5.77e-11	48.1	43.137	51
Q8AY43	sp|Q96NZ8|WFKN1_HUMAN	3.87e-06	34.3	28.814	59
Q8AY43	sp|Q02388|CO7A1_HUMAN	1.18e-10	47.0	37.5	64
Q8AY43	sp|P02760|AMBP_HUMAN	2.48e-10	46.2	41.176	51
Q8AY43	sp|P02760|AMBP_HUMAN	2.98e-09	43.1	36.508	63
Q8AY43	sp|P02760|AMBP_HUMAN	7.4	16.5	32.0	25
Q8AY43	sp|O95428|PPN_HUMAN	4.4e-10	45.4	40.741	54
Q8AY43	sp|Q8IUA0|WFDC8_HUMAN	1.14e-08	41.2	35.294	51
Q8AY43	sp|Q6UDR6|SPIT4_HUMAN	1.2e-07	37.4	28.261	92
Q8AY43	sp|Q9BQY6|WFDC6_HUMAN	9.76e-06	32.7	43.75	32
Q8AY44	sp|P12111|CO6A3_HUMAN	2.34e-12	52.0	41.176	51
Q8AY44	sp|Q06481|APLP2_HUMAN	4e-11	48.5	39.216	51
Q8AY44	sp|O43278|SPIT1_HUMAN	6.64e-11	47.8	39.216	51
Q8AY44	sp|O43278|SPIT1_HUMAN	2.74e-07	37.7	30.159	63
Q8AY44	sp|P05067|A4_HUMAN	9.98e-10	44.7	34.783	46
Q8AY44	sp|P10646|TFPI1_HUMAN	3.23e-09	43.1	34.483	58
Q8AY44	sp|P10646|TFPI1_HUMAN	3.29e-09	43.1	32.812	64
Q8AY44	sp|P10646|TFPI1_HUMAN	1.39e-08	41.2	37.255	51
Q8AY44	sp|P02760|AMBP_HUMAN	5.98e-09	42.4	37.255	51
Q8AY44	sp|P02760|AMBP_HUMAN	1.1e-07	38.9	30.357	56
Q8AY44	sp|P02760|AMBP_HUMAN	1.3	18.5	34.615	26
Q8AY44	sp|Q2UY09|COSA1_HUMAN	2.66e-08	40.4	31.25	64
Q8AY44	sp|O95925|EPPI_HUMAN	4.32e-08	38.9	34.545	55
Q8AY44	sp|P48307|TFPI2_HUMAN	5.25e-08	39.7	38.298	47
Q8AY44	sp|P48307|TFPI2_HUMAN	1.82e-07	38.1	37.255	51
Q8AY44	sp|Q8TEU8|WFKN2_HUMAN	6.41e-08	39.3	27.273	66
Q8AY44	sp|Q8TEU8|WFKN2_HUMAN	1.13e-07	38.9	35.294	51
Q8AY44	sp|Q8TEU8|WFKN2_HUMAN	6.5	16.5	53.846	13
Q8AY44	sp|Q96NZ8|WFKN1_HUMAN	2.86e-07	37.7	45.714	35
Q8AY44	sp|Q96NZ8|WFKN1_HUMAN	0.005	25.4	25.49	51
Q8AY44	sp|O95428|PPN_HUMAN	2.91e-07	37.7	38.095	42
Q8AY44	sp|O43291|SPIT2_HUMAN	4.86e-07	37.0	30.769	52
Q8AY44	sp|O43291|SPIT2_HUMAN	2.18e-05	32.0	30.952	42
Q8AY44	sp|Q02388|CO7A1_HUMAN	7.5e-07	36.6	33.333	54
Q8AY44	sp|P49223|SPIT3_HUMAN	7.87e-07	35.0	30.159	63
Q8AY44	sp|Q8IUA0|WFDC8_HUMAN	1.72e-06	35.4	32.558	43
Q8AY44	sp|Q9BQY6|WFDC6_HUMAN	3.79e-06	33.9	41.935	31
Q8AY44	sp|Q6UDR6|SPIT4_HUMAN	8.15e-06	32.3	33.846	65
Q8AY45	sp|P12111|CO6A3_HUMAN	9.44e-13	53.1	41.176	51
Q8AY45	sp|Q06481|APLP2_HUMAN	2.58e-11	48.9	39.216	51
Q8AY45	sp|O43278|SPIT1_HUMAN	3.99e-11	48.5	39.216	51
Q8AY45	sp|O43278|SPIT1_HUMAN	1.35e-06	35.8	28.571	63
Q8AY45	sp|P10646|TFPI1_HUMAN	8.85e-10	44.7	33.871	62
Q8AY45	sp|P10646|TFPI1_HUMAN	2.38e-09	43.5	32.812	64
Q8AY45	sp|P10646|TFPI1_HUMAN	3.81e-09	42.7	37.255	51
Q8AY45	sp|Q2UY09|COSA1_HUMAN	2.07e-09	43.5	32.812	64
Q8AY45	sp|Q8TEU8|WFKN2_HUMAN	2.85e-09	43.1	28.986	69
Q8AY45	sp|Q8TEU8|WFKN2_HUMAN	1.12e-07	38.9	35.294	51
Q8AY45	sp|P05067|A4_HUMAN	3.36e-09	43.1	32.609	46
Q8AY45	sp|P02760|AMBP_HUMAN	1.11e-08	41.6	37.255	51
Q8AY45	sp|P02760|AMBP_HUMAN	7.85e-08	39.3	30.357	56
Q8AY45	sp|P02760|AMBP_HUMAN	0.98	18.9	34.615	26
Q8AY45	sp|P48307|TFPI2_HUMAN	2.91e-08	40.0	38.298	47
Q8AY45	sp|P48307|TFPI2_HUMAN	1.52e-07	38.1	37.5	48
Q8AY45	sp|O95428|PPN_HUMAN	1.16e-07	38.9	38.095	42
Q8AY45	sp|O95925|EPPI_HUMAN	2.48e-07	37.0	36.17	47
Q8AY45	sp|P49223|SPIT3_HUMAN	3.4e-07	35.8	30.303	66
Q8AY45	sp|Q96NZ8|WFKN1_HUMAN	3.44e-07	37.4	45.714	35
Q8AY45	sp|Q96NZ8|WFKN1_HUMAN	0.002	26.9	25.455	55
Q8AY45	sp|Q02388|CO7A1_HUMAN	4.42e-07	37.0	33.333	54
Q8AY45	sp|Q6UDR6|SPIT4_HUMAN	6.17e-07	35.4	35.385	65
Q8AY45	sp|O43291|SPIT2_HUMAN	1.61e-06	35.4	30.769	52
Q8AY45	sp|O43291|SPIT2_HUMAN	5.17e-05	31.2	30.952	42
Q8AY45	sp|Q8IUA0|WFDC8_HUMAN	2.76e-06	34.7	32.558	43
Q8AY45	sp|Q8IUA0|WFDC8_HUMAN	7.2	16.5	34.483	29
Q8AY45	sp|Q9BQY6|WFDC6_HUMAN	5.53e-06	33.5	39.394	33
Q8AY46	sp|Q2UY09|COSA1_HUMAN	1.44e-12	52.8	38.095	63
Q8AY46	sp|Q2UY09|COSA1_HUMAN	2.1	18.1	53.846	13
Q8AY46	sp|P12111|CO6A3_HUMAN	7.02e-11	47.8	39.216	51
Q8AY46	sp|Q8TEU8|WFKN2_HUMAN	4.49e-10	45.4	30.435	69
Q8AY46	sp|Q8TEU8|WFKN2_HUMAN	3.85e-08	40.0	33.333	51
Q8AY46	sp|Q8IUA0|WFDC8_HUMAN	4.15e-09	42.7	38.0	50
Q8AY46	sp|P48307|TFPI2_HUMAN	4.79e-09	42.4	40.426	47
Q8AY46	sp|P48307|TFPI2_HUMAN	5.31e-08	39.7	38.776	49
Q8AY46	sp|P48307|TFPI2_HUMAN	0.88	19.2	26.829	41
Q8AY46	sp|P02760|AMBP_HUMAN	5.07e-09	42.4	39.623	53
Q8AY46	sp|P02760|AMBP_HUMAN	4.07e-07	37.0	32.143	56
Q8AY46	sp|P02760|AMBP_HUMAN	0.89	19.2	34.615	26
Q8AY46	sp|Q06481|APLP2_HUMAN	8.42e-09	42.0	33.333	57
Q8AY46	sp|Q06481|APLP2_HUMAN	9.1	16.2	22.222	36
Q8AY46	sp|P10646|TFPI1_HUMAN	8.68e-09	42.0	38.298	47
Q8AY46	sp|P10646|TFPI1_HUMAN	3.96e-08	40.0	30.769	65
Q8AY46	sp|P10646|TFPI1_HUMAN	3.59e-06	34.3	35.294	51
Q8AY46	sp|P05067|A4_HUMAN	2.4e-08	40.8	36.957	46
Q8AY46	sp|P05067|A4_HUMAN	7.3	16.5	45.455	11
Q8AY46	sp|O95925|EPPI_HUMAN	2.54e-08	39.7	36.17	47
Q8AY46	sp|Q02388|CO7A1_HUMAN	2.16e-07	38.1	33.333	54
Q8AY46	sp|Q96NZ8|WFKN1_HUMAN	2.52e-07	37.7	35.849	53
Q8AY46	sp|Q96NZ8|WFKN1_HUMAN	9.44e-06	33.1	35.897	39
Q8AY46	sp|O95428|PPN_HUMAN	3.34e-07	37.4	33.333	48
Q8AY46	sp|O95428|PPN_HUMAN	6.2	16.9	25.49	51
Q8AY46	sp|O95428|PPN_HUMAN	7.2	16.5	36.364	22
Q8AY46	sp|O43278|SPIT1_HUMAN	4.65e-07	37.0	33.333	63
Q8AY46	sp|O43278|SPIT1_HUMAN	1.12e-06	35.8	37.255	51
Q8AY46	sp|Q6UDR6|SPIT4_HUMAN	5.55e-07	35.4	32.075	53
Q8AY46	sp|P49223|SPIT3_HUMAN	9.63e-07	34.7	32.692	52
Q8AY46	sp|O43291|SPIT2_HUMAN	1.23e-06	35.8	36.111	36
Q8AY46	sp|O43291|SPIT2_HUMAN	1.74e-05	32.3	29.825	57
Q8AY46	sp|Q9BQY6|WFDC6_HUMAN	1.12e-05	32.7	42.424	33
Q90W96	sp|P12111|CO6A3_HUMAN	7.81e-18	67.4	50.0	52
Q90W96	sp|P12111|CO6A3_HUMAN	4.3	17.3	20.37	54
Q90W96	sp|Q96NZ8|WFKN1_HUMAN	8.76e-15	58.9	49.02	51
Q90W96	sp|Q96NZ8|WFKN1_HUMAN	1.75e-07	38.1	35.294	51
Q90W96	sp|Q8TEU8|WFKN2_HUMAN	4.03e-14	57.0	45.098	51
Q90W96	sp|Q8TEU8|WFKN2_HUMAN	1.55e-06	35.4	30.189	53
Q90W96	sp|P48307|TFPI2_HUMAN	1.24e-13	55.1	45.283	53
Q90W96	sp|P48307|TFPI2_HUMAN	4.37e-11	48.1	41.509	53
Q90W96	sp|P48307|TFPI2_HUMAN	0.006	25.0	29.31	58
Q90W96	sp|P10646|TFPI1_HUMAN	1.34e-13	55.5	36.923	65
Q90W96	sp|P10646|TFPI1_HUMAN	3.14e-13	54.3	45.283	53
Q90W96	sp|P10646|TFPI1_HUMAN	1.24e-10	47.0	37.5	72
Q90W96	sp|O95925|EPPI_HUMAN	4.06e-13	52.0	40.385	52
Q90W96	sp|P05067|A4_HUMAN	6.06e-13	53.5	40.816	49
Q90W96	sp|P49223|SPIT3_HUMAN	6.16e-13	50.8	40.741	54
Q90W96	sp|O95428|PPN_HUMAN	6.41e-13	53.5	42.593	54
Q90W96	sp|O95428|PPN_HUMAN	8.4	16.2	50.0	8
Q90W96	sp|Q06481|APLP2_HUMAN	1.1e-12	52.8	35.0	60
Q90W96	sp|P02760|AMBP_HUMAN	3.19e-12	51.6	40.0	65
Q90W96	sp|P02760|AMBP_HUMAN	3.68e-11	48.5	37.736	53
Q90W96	sp|Q02388|CO7A1_HUMAN	5.37e-12	50.8	38.235	68
Q90W96	sp|O43278|SPIT1_HUMAN	2.04e-11	49.3	35.938	64
Q90W96	sp|O43278|SPIT1_HUMAN	3.35e-10	45.8	37.5	56
Q90W96	sp|Q2UY09|COSA1_HUMAN	3.88e-11	48.5	32.258	62
Q90W96	sp|O43291|SPIT2_HUMAN	6.34e-11	47.8	39.623	53
Q90W96	sp|O43291|SPIT2_HUMAN	2.84e-10	45.8	33.962	53
Q90W96	sp|Q8IUA0|WFDC8_HUMAN	1.37e-09	43.9	37.255	51
Q90W96	sp|Q6UDR6|SPIT4_HUMAN	1.99e-09	42.0	33.962	53
Q90W96	sp|Q9BQY6|WFDC6_HUMAN	5.39e-07	36.2	61.538	26
Q90W97	sp|P12111|CO6A3_HUMAN	2.56e-16	63.2	46.154	52
Q90W97	sp|P10646|TFPI1_HUMAN	9.66e-14	55.8	37.5	64
Q90W97	sp|P10646|TFPI1_HUMAN	6.97e-12	50.4	43.396	53
Q90W97	sp|P10646|TFPI1_HUMAN	8.64e-11	47.4	37.5	72
Q90W97	sp|P49223|SPIT3_HUMAN	5.71e-13	50.8	40.741	54
Q90W97	sp|O43291|SPIT2_HUMAN	1.43e-12	52.4	43.396	53
Q90W97	sp|O43291|SPIT2_HUMAN	6.25e-08	39.3	32.075	53
Q90W97	sp|Q02388|CO7A1_HUMAN	1.85e-12	52.4	39.706	68
Q90W97	sp|P05067|A4_HUMAN	2.1e-12	52.0	39.583	48
Q90W97	sp|O95428|PPN_HUMAN	2.11e-12	52.0	42.593	54
Q90W97	sp|Q06481|APLP2_HUMAN	4.11e-12	51.2	35.0	60
Q90W97	sp|Q8TEU8|WFKN2_HUMAN	6.94e-12	50.4	39.216	51
Q90W97	sp|Q8TEU8|WFKN2_HUMAN	7.41e-07	36.2	30.189	53
Q90W97	sp|O95925|EPPI_HUMAN	1.05e-11	48.5	42.308	52
Q90W97	sp|P48307|TFPI2_HUMAN	1.42e-11	49.3	40.0	55
Q90W97	sp|P48307|TFPI2_HUMAN	4.93e-11	47.8	46.0	50
Q90W97	sp|P48307|TFPI2_HUMAN	0.014	24.3	31.034	58
Q90W97	sp|P02760|AMBP_HUMAN	2.91e-11	48.9	38.462	65
Q90W97	sp|P02760|AMBP_HUMAN	2.45e-08	40.4	33.962	53
Q90W97	sp|P02760|AMBP_HUMAN	3.8	17.3	37.5	16
Q90W97	sp|O43278|SPIT1_HUMAN	4.09e-11	48.5	41.176	51
Q90W97	sp|O43278|SPIT1_HUMAN	8.73e-10	44.7	32.812	64
Q90W97	sp|Q2UY09|COSA1_HUMAN	1.13e-10	47.0	32.258	62
Q90W97	sp|Q96NZ8|WFKN1_HUMAN	1.63e-10	46.6	41.176	51
Q90W97	sp|Q96NZ8|WFKN1_HUMAN	6.01e-07	36.6	35.593	59
Q90W97	sp|Q6UDR6|SPIT4_HUMAN	1.01e-09	42.7	37.736	53
Q90W97	sp|Q8IUA0|WFDC8_HUMAN	7.16e-09	42.0	35.294	51
Q90W97	sp|Q9BQY6|WFDC6_HUMAN	3.39e-06	33.9	53.333	30
Q9D263	sp|Q6UDR6|SPIT4_HUMAN	8.22e-41	124.0	58.163	98
Q9D263	sp|Q2UY09|COSA1_HUMAN	2.42e-11	52.0	40.741	54
Q9D263	sp|Q2UY09|COSA1_HUMAN	6.8	17.7	62.5	8
Q9D263	sp|P10646|TFPI1_HUMAN	3.54e-11	51.2	41.818	55
Q9D263	sp|P10646|TFPI1_HUMAN	3.09e-08	42.7	35.294	51
Q9D263	sp|P10646|TFPI1_HUMAN	5.67e-08	42.0	36.364	55
Q9D263	sp|P02760|AMBP_HUMAN	8.31e-11	50.1	38.235	68
Q9D263	sp|P02760|AMBP_HUMAN	0.002	28.9	27.451	51
Q9D263	sp|Q8TEU8|WFKN2_HUMAN	1.11e-10	50.1	35.211	71
Q9D263	sp|Q8TEU8|WFKN2_HUMAN	0.000101	32.3	31.373	51
Q9D263	sp|O43291|SPIT2_HUMAN	1.53e-10	49.3	30.0	70
Q9D263	sp|O43291|SPIT2_HUMAN	5.61e-10	47.4	34.375	64
Q9D263	sp|P48307|TFPI2_HUMAN	4.67e-10	47.8	36.667	60
Q9D263	sp|P48307|TFPI2_HUMAN	1.96e-06	37.4	36.17	47
Q9D263	sp|P48307|TFPI2_HUMAN	0.37	21.6	31.818	22
Q9D263	sp|O95428|PPN_HUMAN	8.72e-10	47.4	33.333	69
Q9D263	sp|O95428|PPN_HUMAN	1.2	20.0	47.368	19
Q9D263	sp|Q96NZ8|WFKN1_HUMAN	1.09e-09	47.0	30.0	90
Q9D263	sp|P49223|SPIT3_HUMAN	2.83e-09	43.5	35.714	56
Q9D263	sp|Q06481|APLP2_HUMAN	3.22e-09	45.8	30.435	69
Q9D263	sp|P12111|CO6A3_HUMAN	4.76e-09	45.4	30.0	60
Q9D263	sp|Q02388|CO7A1_HUMAN	7.34e-09	45.1	32.203	59
Q9D263	sp|Q02388|CO7A1_HUMAN	0.77	20.8	40.625	32
Q9D263	sp|Q02388|CO7A1_HUMAN	9.4	17.3	50.0	12
Q9D263	sp|O95925|EPPI_HUMAN	9.96e-09	42.7	35.849	53
Q9D263	sp|O43278|SPIT1_HUMAN	1.19e-07	41.2	31.25	64
Q9D263	sp|O43278|SPIT1_HUMAN	2.07e-06	37.4	35.294	51
Q9D263	sp|P05067|A4_HUMAN	6.32e-07	38.9	34.783	46
Q9D263	sp|Q8IUA0|WFDC8_HUMAN	1.25e-06	37.7	30.769	65
Q9D263	sp|Q9BQY6|WFDC6_HUMAN	0.000542	29.6	37.143	35
Q9D263	sp|Q9BQY6|WFDC6_HUMAN	0.69	20.4	28.302	53
